variant,mean_score,std_score,n_high_potential,spearman_rho_vs_baseline,spearman_p_vs_baseline,grid_spearman_rho_vs_baseline,grid_spearman_p_vs_baseline
W1: 0.50/0.50,38.551046,6.023741,1624,0.997353,0.000000,0.995472,0.000000
W2: 0.65/0.35 ✓,43.885185,6.673897,6409,1.000000,0.000000,1.000000,0.000000
W3: 0.70/0.30,45.663231,6.953165,9585,0.999649,0.000000,0.999380,0.000000
W4: 1.00/0.00,56.330213,9.062342,16876,0.971907,0.000000,0.947480,0.000000
