{
"type": "FeatureCollection",
"name": "osm_quality_match_archive",
"crs": { "type": "name", "properties": { "name": "urn:ogc:def:crs:OGC:1.3:CRS84" } },
"features": [
{ "type": "Feature", "properties": { "sample_id": 0, "osm_index": 1926, "osm_id": "482318384", "overture_id": "235de945-ff62-426e-a327-2331533388cf", "matched": true, "overture_release": "2026-07-22.0", "osm_source": "data/processed/buildings_changsha_urban_core_solar_baseline.geojson", "provenance": "OSM footprint from buildings_changsha_urban_core_solar_baseline.geojson; Overture Maps buildings release 2026-07-22.0", "role": "osm" }, "geometry": { "type": "Polygon", "coordinates": [ [ [ 112.9791246, 28.1882215 ], [ 112.9791254, 28.1882409 ], [ 112.9792681, 28.1882348 ], [ 112.9792636, 28.1881296 ], [ 112.979092, 28.188137 ], [ 112.9790957, 28.1882228 ], [ 112.9791246, 28.1882215 ] ] ] } },
{ "type": "Feature", "properties": { "sample_id": 0, "osm_index": 1926, "osm_id": "482318384", "overture_id": "235de945-ff62-426e-a327-2331533388cf", "matched": true, "overture_release": "2026-07-22.0", "osm_source": "data/processed/buildings_changsha_urban_core_solar_baseline.geojson", "provenance": "OSM footprint from buildings_changsha_urban_core_solar_baseline.geojson; Overture Maps buildings release 2026-07-22.0", "role": "overture" }, "geometry": { "type": "Polygon", "coordinates": [ [ [ 112.9791246, 28.1882215 ], [ 112.9790957, 28.1882228 ], [ 112.979092, 28.188137 ], [ 112.9792636, 28.1881296 ], [ 112.9792681, 28.1882348 ], [ 112.9791254, 28.1882409 ], [ 112.9791246, 28.1882215 ] ] ] } },
{ "type": "Feature", "properties": { "sample_id": 1, "osm_index": 10812, "osm_id": "650028886", "overture_id": "5a45897f-040d-45cf-ab32-b4f5ee29ce50", "matched": true, "overture_release": "2026-07-22.0", "osm_source": "data/processed/buildings_changsha_urban_core_solar_baseline.geojson", "provenance": "OSM footprint from buildings_changsha_urban_core_solar_baseline.geojson; Overture Maps buildings release 2026-07-22.0", "role": "osm" }, "geometry": { "type": "Polygon", "coordinates": [ [ [ 113.0006727, 28.1821835 ], [ 113.0006727, 28.1821265 ], [ 113.0004139, 28.1821102 ], [ 113.0004077, 28.18217 ], [ 113.0006727, 28.1821835 ] ] ] } },
{ "type": "Feature", "properties": { "sample_id": 1, "osm_index": 10812, "osm_id": "650028886", "overture_id": "5a45897f-040d-45cf-ab32-b4f5ee29ce50", "matched": true, "overture_release": "2026-07-22.0", "osm_source": "data/processed/buildings_changsha_urban_core_solar_baseline.geojson", "provenance": "OSM footprint from buildings_changsha_urban_core_solar_baseline.geojson; Overture Maps buildings release 2026-07-22.0", "role": "overture" }, "geometry": { "type": "Polygon", "coordinates": [ [ [ 113.0006727, 28.1821835 ], [ 113.0004077, 28.18217 ], [ 113.0004139, 28.1821102 ], [ 113.0006727, 28.1821265 ], [ 113.0006727, 28.1821835 ] ] ] } },
{ "type": "Feature", "properties": { "sample_id": 2, "osm_index": 17593, "osm_id": "1317361416", "overture_id": "9355f6bd-e1f8-45f2-be41-d455b1348217", "matched": true, "overture_release": "2026-07-22.0", "osm_source": "data/processed/buildings_changsha_urban_core_solar_baseline.geojson", "provenance": "OSM footprint from buildings_changsha_urban_core_solar_baseline.geojson; Overture Maps buildings release 2026-07-22.0", "role": "osm" }, "geometry": { "type": "Polygon", "coordinates": [ [ [ 113.0109589, 28.242844 ], [ 113.0109621, 28.2428655 ], [ 113.0110006, 28.2428611 ], [ 113.0109987, 28.242848 ], [ 113.0111312, 28.2428328 ], [ 113.0111334, 28.2428476 ], [ 113.0111823, 28.242842 ], [ 113.0111794, 28.2428228 ], [ 113.0112283, 28.2428172 ], [ 113.011216, 28.242734 ], [ 113.0111738, 28.2427388 ], [ 113.011176400000011, 28.2427562 ], [ 113.0111588, 28.2427582 ], [ 113.0111556, 28.2427363 ], [ 113.0111257, 28.2427397 ], [ 113.0111293, 28.242764 ], [ 113.0110939, 28.2427681 ], [ 113.0110902, 28.2427431 ], [ 113.0110208, 28.242751 ], [ 113.0110235, 28.2427689 ], [ 113.0109895, 28.2427728 ], [ 113.0109873, 28.2427578 ], [ 113.0109626, 28.2427606 ], [ 113.0109669, 28.2427901 ], [ 113.0109093, 28.2427967 ], [ 113.010916, 28.2428489 ], [ 113.0109589, 28.242844 ] ] ] } },
{ "type": "Feature", "properties": { "sample_id": 2, "osm_index": 17593, "osm_id": "1317361416", "overture_id": "9355f6bd-e1f8-45f2-be41-d455b1348217", "matched": true, "overture_release": "2026-07-22.0", "osm_source": "data/processed/buildings_changsha_urban_core_solar_baseline.geojson", "provenance": "OSM footprint from buildings_changsha_urban_core_solar_baseline.geojson; Overture Maps buildings release 2026-07-22.0", "role": "overture" }, "geometry": { "type": "Polygon", "coordinates": [ [ [ 113.0109589, 28.242844 ], [ 113.010916, 28.2428489 ], [ 113.0109093, 28.2427967 ], [ 113.0109669, 28.2427901 ], [ 113.0109626, 28.2427606 ], [ 113.0109873, 28.2427578 ], [ 113.0109895, 28.2427728 ], [ 113.0110235, 28.2427689 ], [ 113.0110208, 28.242751 ], [ 113.0110902, 28.2427431 ], [ 113.0110939, 28.2427681 ], [ 113.0111293, 28.242764 ], [ 113.0111257, 28.2427397 ], [ 113.0111556, 28.2427363 ], [ 113.0111588, 28.2427582 ], [ 113.011176400000011, 28.2427562 ], [ 113.0111738, 28.2427388 ], [ 113.011216, 28.242734 ], [ 113.0112283, 28.2428172 ], [ 113.0111794, 28.2428228 ], [ 113.0111823, 28.242842 ], [ 113.0111334, 28.2428476 ], [ 113.0111312, 28.2428328 ], [ 113.0109987, 28.242848 ], [ 113.0110006, 28.2428611 ], [ 113.0109621, 28.2428655 ], [ 113.0109589, 28.242844 ] ] ] } },
{ "type": "Feature", "properties": { "sample_id": 3, "osm_index": 13543, "osm_id": "695026101", "overture_id": "7bc858c7-eaf1-4f13-9d9b-3c4c353f8329", "matched": true, "overture_release": "2026-07-22.0", "osm_source": "data/processed/buildings_changsha_urban_core_solar_baseline.geojson", "provenance": "OSM footprint from buildings_changsha_urban_core_solar_baseline.geojson; Overture Maps buildings release 2026-07-22.0", "role": "osm" }, "geometry": { "type": "Polygon", "coordinates": [ [ [ 112.9894272, 28.1957987 ], [ 112.9894057, 28.195983 ], [ 112.9895407, 28.1959952 ], [ 112.9895622, 28.1958109 ], [ 112.9894272, 28.1957987 ] ] ] } },
{ "type": "Feature", "properties": { "sample_id": 3, "osm_index": 13543, "osm_id": "695026101", "overture_id": "7bc858c7-eaf1-4f13-9d9b-3c4c353f8329", "matched": true, "overture_release": "2026-07-22.0", "osm_source": "data/processed/buildings_changsha_urban_core_solar_baseline.geojson", "provenance": "OSM footprint from buildings_changsha_urban_core_solar_baseline.geojson; Overture Maps buildings release 2026-07-22.0", "role": "overture" }, "geometry": { "type": "Polygon", "coordinates": [ [ [ 112.9894272, 28.1957987 ], [ 112.9895622, 28.1958109 ], [ 112.9895407, 28.1959952 ], [ 112.9894057, 28.195983 ], [ 112.9894272, 28.1957987 ] ] ] } },
{ "type": "Feature", "properties": { "sample_id": 4, "osm_index": 8211, "osm_id": "649416400", "overture_id": "7df53b45-047d-4f97-b742-77c9e1c0dc5a", "matched": true, "overture_release": "2026-07-22.0", "osm_source": "data/processed/buildings_changsha_urban_core_solar_baseline.geojson", "provenance": "OSM footprint from buildings_changsha_urban_core_solar_baseline.geojson; Overture Maps buildings release 2026-07-22.0", "role": "osm" }, "geometry": { "type": "Polygon", "coordinates": [ [ [ 113.0110907, 28.210979 ], [ 113.0113966, 28.2109831 ], [ 113.0113942, 28.2110325 ], [ 113.0114338, 28.2110345 ], [ 113.0114347, 28.2109523 ], [ 113.0110907, 28.2109399 ], [ 113.0110907, 28.210979 ] ] ] } },
{ "type": "Feature", "properties": { "sample_id": 4, "osm_index": 8211, "osm_id": "649416400", "overture_id": "7df53b45-047d-4f97-b742-77c9e1c0dc5a", "matched": true, "overture_release": "2026-07-22.0", "osm_source": "data/processed/buildings_changsha_urban_core_solar_baseline.geojson", "provenance": "OSM footprint from buildings_changsha_urban_core_solar_baseline.geojson; Overture Maps buildings release 2026-07-22.0", "role": "overture" }, "geometry": { "type": "Polygon", "coordinates": [ [ [ 113.0110907, 28.210979 ], [ 113.0110907, 28.2109399 ], [ 113.0114347, 28.2109523 ], [ 113.0114338, 28.2110345 ], [ 113.0113942, 28.2110325 ], [ 113.0113966, 28.2109831 ], [ 113.0110907, 28.210979 ] ] ] } },
{ "type": "Feature", "properties": { "sample_id": 5, "osm_index": 3968, "osm_id": "599611186", "overture_id": "75559fc1-ef96-4d8e-8f99-3ec0fd790361", "matched": true, "overture_release": "2026-07-22.0", "osm_source": "data/processed/buildings_changsha_urban_core_solar_baseline.geojson", "provenance": "OSM footprint from buildings_changsha_urban_core_solar_baseline.geojson; Overture Maps buildings release 2026-07-22.0", "role": "osm" }, "geometry": { "type": "Polygon", "coordinates": [ [ [ 112.9835703, 28.2126141 ], [ 112.983546, 28.2125788 ], [ 112.9834721, 28.2126121 ], [ 112.9834997, 28.2126481 ], [ 112.9835703, 28.2126141 ] ] ] } },
{ "type": "Feature", "properties": { "sample_id": 5, "osm_index": 3968, "osm_id": "599611186", "overture_id": "75559fc1-ef96-4d8e-8f99-3ec0fd790361", "matched": true, "overture_release": "2026-07-22.0", "osm_source": "data/processed/buildings_changsha_urban_core_solar_baseline.geojson", "provenance": "OSM footprint from buildings_changsha_urban_core_solar_baseline.geojson; Overture Maps buildings release 2026-07-22.0", "role": "overture" }, "geometry": { "type": "Polygon", "coordinates": [ [ [ 112.9835703, 28.2126141 ], [ 112.9834997, 28.2126481 ], [ 112.9834721, 28.2126121 ], [ 112.983546, 28.2125788 ], [ 112.9835703, 28.2126141 ] ] ] } },
{ "type": "Feature", "properties": { "sample_id": 6, "osm_index": 12272, "osm_id": "657121222", "overture_id": "f07b60f4-34b5-4886-9213-2b21e54d6103", "matched": true, "overture_release": "2026-07-22.0", "osm_source": "data/processed/buildings_changsha_urban_core_solar_baseline.geojson", "provenance": "OSM footprint from buildings_changsha_urban_core_solar_baseline.geojson; Overture Maps buildings release 2026-07-22.0", "role": "osm" }, "geometry": { "type": "Polygon", "coordinates": [ [ [ 112.9175582, 28.22712 ], [ 112.9175291, 28.2270156 ], [ 112.917342, 28.2270321 ], [ 112.9173607, 28.2271438 ], [ 112.9175582, 28.22712 ] ] ] } },
{ "type": "Feature", "properties": { "sample_id": 6, "osm_index": 12272, "osm_id": "657121222", "overture_id": "f07b60f4-34b5-4886-9213-2b21e54d6103", "matched": true, "overture_release": "2026-07-22.0", "osm_source": "data/processed/buildings_changsha_urban_core_solar_baseline.geojson", "provenance": "OSM footprint from buildings_changsha_urban_core_solar_baseline.geojson; Overture Maps buildings release 2026-07-22.0", "role": "overture" }, "geometry": { "type": "Polygon", "coordinates": [ [ [ 112.9175582, 28.22712 ], [ 112.9173607, 28.2271438 ], [ 112.917342, 28.2270321 ], [ 112.9175291, 28.2270156 ], [ 112.9175582, 28.22712 ] ] ] } },
{ "type": "Feature", "properties": { "sample_id": 7, "osm_index": 2825, "osm_id": "549348491", "overture_id": "cf5f1184-557f-4ff4-85d0-1604968a9a11", "matched": true, "overture_release": "2026-07-22.0", "osm_source": "data/processed/buildings_changsha_urban_core_solar_baseline.geojson", "provenance": "OSM footprint from buildings_changsha_urban_core_solar_baseline.geojson; Overture Maps buildings release 2026-07-22.0", "role": "osm" }, "geometry": { "type": "Polygon", "coordinates": [ [ [ 112.9783181, 28.1958128 ], [ 112.9783771, 28.1959145 ], [ 112.9784444, 28.1958841 ], [ 112.9783854, 28.1957825 ], [ 112.9783181, 28.1958128 ] ] ] } },
{ "type": "Feature", "properties": { "sample_id": 7, "osm_index": 2825, "osm_id": "549348491", "overture_id": "cf5f1184-557f-4ff4-85d0-1604968a9a11", "matched": true, "overture_release": "2026-07-22.0", "osm_source": "data/processed/buildings_changsha_urban_core_solar_baseline.geojson", "provenance": "OSM footprint from buildings_changsha_urban_core_solar_baseline.geojson; Overture Maps buildings release 2026-07-22.0", "role": "overture" }, "geometry": { "type": "Polygon", "coordinates": [ [ [ 112.9783181, 28.1958128 ], [ 112.9783854, 28.1957825 ], [ 112.9784444, 28.1958841 ], [ 112.9783771, 28.1959145 ], [ 112.9783181, 28.1958128 ] ] ] } },
{ "type": "Feature", "properties": { "sample_id": 8, "osm_index": 2843, "osm_id": "549348509", "overture_id": "0526f9d2-b862-489b-be28-5bbe2aec4c03", "matched": true, "overture_release": "2026-07-22.0", "osm_source": "data/processed/buildings_changsha_urban_core_solar_baseline.geojson", "provenance": "OSM footprint from buildings_changsha_urban_core_solar_baseline.geojson; Overture Maps buildings release 2026-07-22.0", "role": "osm" }, "geometry": { "type": "Polygon", "coordinates": [ [ [ 112.9802066, 28.1960378 ], [ 112.9801608, 28.1959772 ], [ 112.9801286, 28.1959962 ], [ 112.9801744, 28.1960567 ], [ 112.9802066, 28.1960378 ] ] ] } },
{ "type": "Feature", "properties": { "sample_id": 8, "osm_index": 2843, "osm_id": "549348509", "overture_id": "0526f9d2-b862-489b-be28-5bbe2aec4c03", "matched": true, "overture_release": "2026-07-22.0", "osm_source": "data/processed/buildings_changsha_urban_core_solar_baseline.geojson", "provenance": "OSM footprint from buildings_changsha_urban_core_solar_baseline.geojson; Overture Maps buildings release 2026-07-22.0", "role": "overture" }, "geometry": { "type": "Polygon", "coordinates": [ [ [ 112.9802066, 28.1960378 ], [ 112.9801744, 28.1960567 ], [ 112.9801286, 28.1959962 ], [ 112.9801608, 28.1959772 ], [ 112.9802066, 28.1960378 ] ] ] } },
{ "type": "Feature", "properties": { "sample_id": 9, "osm_index": 14246, "osm_id": "757746731", "overture_id": "09ad7150-c707-44ee-84ea-57d7c9c348db", "matched": true, "overture_release": "2026-07-22.0", "osm_source": "data/processed/buildings_changsha_urban_core_solar_baseline.geojson", "provenance": "OSM footprint from buildings_changsha_urban_core_solar_baseline.geojson; Overture Maps buildings release 2026-07-22.0", "role": "osm" }, "geometry": { "type": "Polygon", "coordinates": [ [ [ 112.912403, 28.221544 ], [ 112.9124059, 28.2214908 ], [ 112.9122564, 28.2214617 ], [ 112.9122449, 28.2215174 ], [ 112.912403, 28.221544 ] ] ] } },
{ "type": "Feature", "properties": { "sample_id": 9, "osm_index": 14246, "osm_id": "757746731", "overture_id": "09ad7150-c707-44ee-84ea-57d7c9c348db", "matched": true, "overture_release": "2026-07-22.0", "osm_source": "data/processed/buildings_changsha_urban_core_solar_baseline.geojson", "provenance": "OSM footprint from buildings_changsha_urban_core_solar_baseline.geojson; Overture Maps buildings release 2026-07-22.0", "role": "overture" }, "geometry": { "type": "Polygon", "coordinates": [ [ [ 112.912403, 28.221544 ], [ 112.9122449, 28.2215174 ], [ 112.9122564, 28.2214617 ], [ 112.9124059, 28.2214908 ], [ 112.912403, 28.221544 ] ] ] } },
{ "type": "Feature", "properties": { "sample_id": 10, "osm_index": 15024, "osm_id": "819460892", "overture_id": "7dd1574f-ff21-4e3e-9f12-d3041f631711", "matched": true, "overture_release": "2026-07-22.0", "osm_source": "data/processed/buildings_changsha_urban_core_solar_baseline.geojson", "provenance": "OSM footprint from buildings_changsha_urban_core_solar_baseline.geojson; Overture Maps buildings release 2026-07-22.0", "role": "osm" }, "geometry": { "type": "Polygon", "coordinates": [ [ [ 112.8683154, 28.2714104 ], [ 112.8683931, 28.2713266 ], [ 112.8683102, 28.2712669 ], [ 112.8682324, 28.2713508 ], [ 112.8683154, 28.2714104 ] ] ] } },
{ "type": "Feature", "properties": { "sample_id": 10, "osm_index": 15024, "osm_id": "819460892", "overture_id": "7dd1574f-ff21-4e3e-9f12-d3041f631711", "matched": true, "overture_release": "2026-07-22.0", "osm_source": "data/processed/buildings_changsha_urban_core_solar_baseline.geojson", "provenance": "OSM footprint from buildings_changsha_urban_core_solar_baseline.geojson; Overture Maps buildings release 2026-07-22.0", "role": "overture" }, "geometry": { "type": "Polygon", "coordinates": [ [ [ 112.8683154, 28.2714104 ], [ 112.8682324, 28.2713508 ], [ 112.8683102, 28.2712669 ], [ 112.8683931, 28.2713266 ], [ 112.8683154, 28.2714104 ] ] ] } },
{ "type": "Feature", "properties": { "sample_id": 11, "osm_index": 15021, "osm_id": "819460889", "overture_id": "f183fe54-170d-4cc6-b645-f64a5631130b", "matched": true, "overture_release": "2026-07-22.0", "osm_source": "data/processed/buildings_changsha_urban_core_solar_baseline.geojson", "provenance": "OSM footprint from buildings_changsha_urban_core_solar_baseline.geojson; Overture Maps buildings release 2026-07-22.0", "role": "osm" }, "geometry": { "type": "Polygon", "coordinates": [ [ [ 112.8686274, 28.2717884 ], [ 112.8687668, 28.2717341 ], [ 112.8687125, 28.271626 ], [ 112.8685731, 28.2716803 ], [ 112.8686274, 28.2717884 ] ] ] } },
{ "type": "Feature", "properties": { "sample_id": 11, "osm_index": 15021, "osm_id": "819460889", "overture_id": "f183fe54-170d-4cc6-b645-f64a5631130b", "matched": true, "overture_release": "2026-07-22.0", "osm_source": "data/processed/buildings_changsha_urban_core_solar_baseline.geojson", "provenance": "OSM footprint from buildings_changsha_urban_core_solar_baseline.geojson; Overture Maps buildings release 2026-07-22.0", "role": "overture" }, "geometry": { "type": "Polygon", "coordinates": [ [ [ 112.8686274, 28.2717884 ], [ 112.8685731, 28.2716803 ], [ 112.8687125, 28.271626 ], [ 112.8687668, 28.2717341 ], [ 112.8686274, 28.2717884 ] ] ] } },
{ "type": "Feature", "properties": { "sample_id": 12, "osm_index": 17603, "osm_id": "1330108772", "overture_id": "b78ba2a4-846a-48d2-9aa2-9bf4ebb48b93", "matched": true, "overture_release": "2026-07-22.0", "osm_source": "data/processed/buildings_changsha_urban_core_solar_baseline.geojson", "provenance": "OSM footprint from buildings_changsha_urban_core_solar_baseline.geojson; Overture Maps buildings release 2026-07-22.0", "role": "osm" }, "geometry": { "type": "Polygon", "coordinates": [ [ [ 113.023484, 28.1508272 ], [ 113.0235361, 28.1507532 ], [ 113.0232881, 28.1506174 ], [ 113.023236, 28.1506912 ], [ 113.023484, 28.1508272 ] ] ] } },
{ "type": "Feature", "properties": { "sample_id": 12, "osm_index": 17603, "osm_id": "1330108772", "overture_id": "b78ba2a4-846a-48d2-9aa2-9bf4ebb48b93", "matched": true, "overture_release": "2026-07-22.0", "osm_source": "data/processed/buildings_changsha_urban_core_solar_baseline.geojson", "provenance": "OSM footprint from buildings_changsha_urban_core_solar_baseline.geojson; Overture Maps buildings release 2026-07-22.0", "role": "overture" }, "geometry": { "type": "Polygon", "coordinates": [ [ [ 113.023484, 28.1508272 ], [ 113.023236, 28.1506912 ], [ 113.0232881, 28.1506174 ], [ 113.0235361, 28.1507532 ], [ 113.023484, 28.1508272 ] ] ] } },
{ "type": "Feature", "properties": { "sample_id": 13, "osm_index": 4939, "osm_id": "646763782", "overture_id": "c2044f85-86ec-4678-801f-e9af159cd0b4", "matched": true, "overture_release": "2026-07-22.0", "osm_source": "data/processed/buildings_changsha_urban_core_solar_baseline.geojson", "provenance": "OSM footprint from buildings_changsha_urban_core_solar_baseline.geojson; Overture Maps buildings release 2026-07-22.0", "role": "osm" }, "geometry": { "type": "Polygon", "coordinates": [ [ [ 112.9922918, 28.1309949 ], [ 112.9922857, 28.1308917 ], [ 112.9920207, 28.1308971 ], [ 112.991996, 28.1309841 ], [ 112.9922918, 28.1309949 ] ] ] } },
{ "type": "Feature", "properties": { "sample_id": 13, "osm_index": 4939, "osm_id": "646763782", "overture_id": "c2044f85-86ec-4678-801f-e9af159cd0b4", "matched": true, "overture_release": "2026-07-22.0", "osm_source": "data/processed/buildings_changsha_urban_core_solar_baseline.geojson", "provenance": "OSM footprint from buildings_changsha_urban_core_solar_baseline.geojson; Overture Maps buildings release 2026-07-22.0", "role": "overture" }, "geometry": { "type": "Polygon", "coordinates": [ [ [ 112.9922903, 28.1309917 ], [ 112.9919881, 28.1309879 ], [ 112.9919899, 28.1308731 ], [ 112.9922922, 28.1308769 ], [ 112.9922903, 28.1309917 ] ] ] } },
{ "type": "Feature", "properties": { "sample_id": 14, "osm_index": 1785, "osm_id": "481465271", "overture_id": "15825e88-a1c8-4563-a8a0-8de69c74ad76", "matched": true, "overture_release": "2026-07-22.0", "osm_source": "data/processed/buildings_changsha_urban_core_solar_baseline.geojson", "provenance": "OSM footprint from buildings_changsha_urban_core_solar_baseline.geojson; Overture Maps buildings release 2026-07-22.0", "role": "osm" }, "geometry": { "type": "Polygon", "coordinates": [ [ [ 112.985082, 28.1923793 ], [ 112.9850188, 28.1924327 ], [ 112.9849931, 28.1924544 ], [ 112.9850296, 28.1924875 ], [ 112.9851127, 28.1924259 ], [ 112.985082, 28.1923793 ] ] ] } },
{ "type": "Feature", "properties": { "sample_id": 14, "osm_index": 1785, "osm_id": "481465271", "overture_id": "15825e88-a1c8-4563-a8a0-8de69c74ad76", "matched": true, "overture_release": "2026-07-22.0", "osm_source": "data/processed/buildings_changsha_urban_core_solar_baseline.geojson", "provenance": "OSM footprint from buildings_changsha_urban_core_solar_baseline.geojson; Overture Maps buildings release 2026-07-22.0", "role": "overture" }, "geometry": { "type": "Polygon", "coordinates": [ [ [ 112.985082, 28.1923793 ], [ 112.9851127, 28.1924259 ], [ 112.9850296, 28.1924875 ], [ 112.9849931, 28.1924544 ], [ 112.9850188, 28.1924327 ], [ 112.985082, 28.1923793 ] ] ] } },
{ "type": "Feature", "properties": { "sample_id": 15, "osm_index": 3574, "osm_id": "552943387", "overture_id": "3cb8b651-8b36-4964-801d-d31cffd35c34", "matched": true, "overture_release": "2026-07-22.0", "osm_source": "data/processed/buildings_changsha_urban_core_solar_baseline.geojson", "provenance": "OSM footprint from buildings_changsha_urban_core_solar_baseline.geojson; Overture Maps buildings release 2026-07-22.0", "role": "osm" }, "geometry": { "type": "Polygon", "coordinates": [ [ [ 113.0072098, 28.1909112 ], [ 113.0072111, 28.1908666 ], [ 113.0076657, 28.1908666 ], [ 113.0076496, 28.1908488 ], [ 113.0072366, 28.1908488 ], [ 113.0072366, 28.1908193 ], [ 113.0072084, 28.1908193 ], [ 113.0072084, 28.1907779 ], [ 113.0071481, 28.1907779 ], [ 113.0071373, 28.1908063 ], [ 113.007077, 28.1908749 ], [ 113.0071266, 28.1909115 ], [ 113.0072098, 28.1909112 ] ] ] } },
{ "type": "Feature", "properties": { "sample_id": 15, "osm_index": 3574, "osm_id": "552943387", "overture_id": "3cb8b651-8b36-4964-801d-d31cffd35c34", "matched": true, "overture_release": "2026-07-22.0", "osm_source": "data/processed/buildings_changsha_urban_core_solar_baseline.geojson", "provenance": "OSM footprint from buildings_changsha_urban_core_solar_baseline.geojson; Overture Maps buildings release 2026-07-22.0", "role": "overture" }, "geometry": { "type": "Polygon", "coordinates": [ [ [ 113.0072098, 28.1909112 ], [ 113.0071266, 28.1909115 ], [ 113.007077, 28.1908749 ], [ 113.0071373, 28.1908063 ], [ 113.0071481, 28.1907779 ], [ 113.0072084, 28.1907779 ], [ 113.0072084, 28.1908193 ], [ 113.0072366, 28.1908193 ], [ 113.0072366, 28.1908488 ], [ 113.0076496, 28.1908488 ], [ 113.0076657, 28.1908666 ], [ 113.0072111, 28.1908666 ], [ 113.0072098, 28.1909112 ] ] ] } },
{ "type": "Feature", "properties": { "sample_id": 16, "osm_index": 14615, "osm_id": "779023522", "overture_id": "79caae9e-8bdb-4a77-974a-cbbc6625cdaf", "matched": true, "overture_release": "2026-07-22.0", "osm_source": "data/processed/buildings_changsha_urban_core_solar_baseline.geojson", "provenance": "OSM footprint from buildings_changsha_urban_core_solar_baseline.geojson; Overture Maps buildings release 2026-07-22.0", "role": "osm" }, "geometry": { "type": "Polygon", "coordinates": [ [ [ 113.0147241, 28.1494161 ], [ 113.0147483, 28.1493357 ], [ 113.0144732, 28.1492714 ], [ 113.014449, 28.1493519 ], [ 113.0147241, 28.1494161 ] ] ] } },
{ "type": "Feature", "properties": { "sample_id": 16, "osm_index": 14615, "osm_id": "779023522", "overture_id": "79caae9e-8bdb-4a77-974a-cbbc6625cdaf", "matched": true, "overture_release": "2026-07-22.0", "osm_source": "data/processed/buildings_changsha_urban_core_solar_baseline.geojson", "provenance": "OSM footprint from buildings_changsha_urban_core_solar_baseline.geojson; Overture Maps buildings release 2026-07-22.0", "role": "overture" }, "geometry": { "type": "Polygon", "coordinates": [ [ [ 113.0147241, 28.1494161 ], [ 113.014449, 28.1493519 ], [ 113.0144732, 28.1492714 ], [ 113.0147483, 28.1493357 ], [ 113.0147241, 28.1494161 ] ] ] } },
{ "type": "Feature", "properties": { "sample_id": 17, "osm_index": 2614, "osm_id": "543405251", "overture_id": "c72c2bc9-9532-4efb-b773-bdb338ef1ed2", "matched": true, "overture_release": "2026-07-22.0", "osm_source": "data/processed/buildings_changsha_urban_core_solar_baseline.geojson", "provenance": "OSM footprint from buildings_changsha_urban_core_solar_baseline.geojson; Overture Maps buildings release 2026-07-22.0", "role": "osm" }, "geometry": { "type": "Polygon", "coordinates": [ [ [ 112.978326, 28.193031 ], [ 112.9782918, 28.1929487 ], [ 112.9782388, 28.1929657 ], [ 112.9782274, 28.1929384 ], [ 112.9782744, 28.1929233 ], [ 112.9782433, 28.1928484 ], [ 112.9781043, 28.1928932 ], [ 112.978134, 28.1929648 ], [ 112.9781736, 28.192952 ], [ 112.9782205, 28.193065 ], [ 112.978326, 28.193031 ] ] ] } },
{ "type": "Feature", "properties": { "sample_id": 17, "osm_index": 2614, "osm_id": "543405251", "overture_id": "c72c2bc9-9532-4efb-b773-bdb338ef1ed2", "matched": true, "overture_release": "2026-07-22.0", "osm_source": "data/processed/buildings_changsha_urban_core_solar_baseline.geojson", "provenance": "OSM footprint from buildings_changsha_urban_core_solar_baseline.geojson; Overture Maps buildings release 2026-07-22.0", "role": "overture" }, "geometry": { "type": "Polygon", "coordinates": [ [ [ 112.978326, 28.193031 ], [ 112.9782205, 28.193065 ], [ 112.9781736, 28.192952 ], [ 112.978134, 28.1929648 ], [ 112.9781043, 28.1928932 ], [ 112.9782433, 28.1928484 ], [ 112.9782744, 28.1929233 ], [ 112.9782274, 28.1929384 ], [ 112.9782388, 28.1929657 ], [ 112.9782918, 28.1929487 ], [ 112.978326, 28.193031 ] ] ] } },
{ "type": "Feature", "properties": { "sample_id": 18, "osm_index": 14982, "osm_id": "819460850", "overture_id": "ab810cdf-67cb-4116-bb82-f890ef7a17d2", "matched": true, "overture_release": "2026-07-22.0", "osm_source": "data/processed/buildings_changsha_urban_core_solar_baseline.geojson", "provenance": "OSM footprint from buildings_changsha_urban_core_solar_baseline.geojson; Overture Maps buildings release 2026-07-22.0", "role": "osm" }, "geometry": { "type": "Polygon", "coordinates": [ [ [ 112.866095, 28.2716654 ], [ 112.8661446, 28.2715225 ], [ 112.866029, 28.2714913 ], [ 112.8659794, 28.2716343 ], [ 112.866095, 28.2716654 ] ] ] } },
{ "type": "Feature", "properties": { "sample_id": 18, "osm_index": 14982, "osm_id": "819460850", "overture_id": "ab810cdf-67cb-4116-bb82-f890ef7a17d2", "matched": true, "overture_release": "2026-07-22.0", "osm_source": "data/processed/buildings_changsha_urban_core_solar_baseline.geojson", "provenance": "OSM footprint from buildings_changsha_urban_core_solar_baseline.geojson; Overture Maps buildings release 2026-07-22.0", "role": "overture" }, "geometry": { "type": "Polygon", "coordinates": [ [ [ 112.866095, 28.2716654 ], [ 112.8659794, 28.2716343 ], [ 112.866029, 28.2714913 ], [ 112.8661446, 28.2715225 ], [ 112.866095, 28.2716654 ] ] ] } },
{ "type": "Feature", "properties": { "sample_id": 19, "osm_index": 8920, "osm_id": "649776599", "overture_id": "f377ab73-0de2-47a0-83a3-79b342e52d68", "matched": true, "overture_release": "2026-07-22.0", "osm_source": "data/processed/buildings_changsha_urban_core_solar_baseline.geojson", "provenance": "OSM footprint from buildings_changsha_urban_core_solar_baseline.geojson; Overture Maps buildings release 2026-07-22.0", "role": "osm" }, "geometry": { "type": "Polygon", "coordinates": [ [ [ 112.9979329, 28.1705449 ], [ 112.9979353, 28.1704235 ], [ 112.9978372, 28.1704235 ], [ 112.9978372, 28.1705429 ], [ 112.9979329, 28.1705449 ] ] ] } },
{ "type": "Feature", "properties": { "sample_id": 19, "osm_index": 8920, "osm_id": "649776599", "overture_id": "f377ab73-0de2-47a0-83a3-79b342e52d68", "matched": true, "overture_release": "2026-07-22.0", "osm_source": "data/processed/buildings_changsha_urban_core_solar_baseline.geojson", "provenance": "OSM footprint from buildings_changsha_urban_core_solar_baseline.geojson; Overture Maps buildings release 2026-07-22.0", "role": "overture" }, "geometry": { "type": "Polygon", "coordinates": [ [ [ 112.9979329, 28.1705449 ], [ 112.9978372, 28.1705429 ], [ 112.9978372, 28.1704235 ], [ 112.9979353, 28.1704235 ], [ 112.9979329, 28.1705449 ] ] ] } },
{ "type": "Feature", "properties": { "sample_id": 20, "osm_index": 8544, "osm_id": "649501370", "overture_id": "6d63bc0b-fa33-448a-8c48-53b99dc83eb9", "matched": true, "overture_release": "2026-07-22.0", "osm_source": "data/processed/buildings_changsha_urban_core_solar_baseline.geojson", "provenance": "OSM footprint from buildings_changsha_urban_core_solar_baseline.geojson; Overture Maps buildings release 2026-07-22.0", "role": "osm" }, "geometry": { "type": "Polygon", "coordinates": [ [ [ 112.8953294, 28.2136231 ], [ 112.895387500000012, 28.2134904 ], [ 112.8950723, 28.2134411 ], [ 112.8950723, 28.2135728 ], [ 112.8953294, 28.2136231 ] ] ] } },
{ "type": "Feature", "properties": { "sample_id": 20, "osm_index": 8544, "osm_id": "649501370", "overture_id": "6d63bc0b-fa33-448a-8c48-53b99dc83eb9", "matched": true, "overture_release": "2026-07-22.0", "osm_source": "data/processed/buildings_changsha_urban_core_solar_baseline.geojson", "provenance": "OSM footprint from buildings_changsha_urban_core_solar_baseline.geojson; Overture Maps buildings release 2026-07-22.0", "role": "overture" }, "geometry": { "type": "Polygon", "coordinates": [ [ [ 112.8953294, 28.2136231 ], [ 112.8950723, 28.2135728 ], [ 112.8950723, 28.2134411 ], [ 112.895387500000012, 28.2134904 ], [ 112.8953294, 28.2136231 ] ] ] } },
{ "type": "Feature", "properties": { "sample_id": 21, "osm_index": 6281, "osm_id": "648364370", "overture_id": "28be87a0-f269-43fa-b46e-1aa66b6d48f3", "matched": true, "overture_release": "2026-07-22.0", "osm_source": "data/processed/buildings_changsha_urban_core_solar_baseline.geojson", "provenance": "OSM footprint from buildings_changsha_urban_core_solar_baseline.geojson; Overture Maps buildings release 2026-07-22.0", "role": "osm" }, "geometry": { "type": "Polygon", "coordinates": [ [ [ 112.874471, 28.2561282 ], [ 112.8745239, 28.2559778 ], [ 112.87431260000001, 28.2559897 ], [ 112.8742068, 28.2559957 ], [ 112.8742352, 28.2561533 ], [ 112.874471, 28.2561282 ] ] ] } },
{ "type": "Feature", "properties": { "sample_id": 21, "osm_index": 6281, "osm_id": "648364370", "overture_id": "28be87a0-f269-43fa-b46e-1aa66b6d48f3", "matched": true, "overture_release": "2026-07-22.0", "osm_source": "data/processed/buildings_changsha_urban_core_solar_baseline.geojson", "provenance": "OSM footprint from buildings_changsha_urban_core_solar_baseline.geojson; Overture Maps buildings release 2026-07-22.0", "role": "overture" }, "geometry": { "type": "Polygon", "coordinates": [ [ [ 112.874471, 28.2561282 ], [ 112.8742352, 28.2561533 ], [ 112.8742068, 28.2559957 ], [ 112.87431260000001, 28.2559897 ], [ 112.8745239, 28.2559778 ], [ 112.874471, 28.2561282 ] ] ] } },
{ "type": "Feature", "properties": { "sample_id": 22, "osm_index": 10740, "osm_id": "650021173", "overture_id": "9db0ee86-00d5-4dc8-9abe-0a95d56b4386", "matched": true, "overture_release": "2026-07-22.0", "osm_source": "data/processed/buildings_changsha_urban_core_solar_baseline.geojson", "provenance": "OSM footprint from buildings_changsha_urban_core_solar_baseline.geojson; Overture Maps buildings release 2026-07-22.0", "role": "osm" }, "geometry": { "type": "Polygon", "coordinates": [ [ [ 113.0005266, 28.1839012 ], [ 113.0005388, 28.1838152 ], [ 113.0001973, 28.1837865 ], [ 113.000181, 28.1838761 ], [ 113.0005266, 28.1839012 ] ] ] } },
{ "type": "Feature", "properties": { "sample_id": 22, "osm_index": 10740, "osm_id": "650021173", "overture_id": "9db0ee86-00d5-4dc8-9abe-0a95d56b4386", "matched": true, "overture_release": "2026-07-22.0", "osm_source": "data/processed/buildings_changsha_urban_core_solar_baseline.geojson", "provenance": "OSM footprint from buildings_changsha_urban_core_solar_baseline.geojson; Overture Maps buildings release 2026-07-22.0", "role": "overture" }, "geometry": { "type": "Polygon", "coordinates": [ [ [ 113.0005266, 28.1839012 ], [ 113.000181, 28.1838761 ], [ 113.0001973, 28.1837865 ], [ 113.0005388, 28.1838152 ], [ 113.0005266, 28.1839012 ] ] ] } },
{ "type": "Feature", "properties": { "sample_id": 23, "osm_index": 9293, "osm_id": "649785718", "overture_id": "aeae6fea-49dd-4327-a596-84b5d7ba4a3e", "matched": true, "overture_release": "2026-07-22.0", "osm_source": "data/processed/buildings_changsha_urban_core_solar_baseline.geojson", "provenance": "OSM footprint from buildings_changsha_urban_core_solar_baseline.geojson; Overture Maps buildings release 2026-07-22.0", "role": "osm" }, "geometry": { "type": "Polygon", "coordinates": [ [ [ 112.9995865, 28.1771403 ], [ 113.0000478, 28.1771451 ], [ 113.0000505, 28.1770481 ], [ 112.9995865, 28.1770458 ], [ 112.9995865, 28.1771403 ] ] ] } },
{ "type": "Feature", "properties": { "sample_id": 23, "osm_index": 9293, "osm_id": "649785718", "overture_id": "aeae6fea-49dd-4327-a596-84b5d7ba4a3e", "matched": true, "overture_release": "2026-07-22.0", "osm_source": "data/processed/buildings_changsha_urban_core_solar_baseline.geojson", "provenance": "OSM footprint from buildings_changsha_urban_core_solar_baseline.geojson; Overture Maps buildings release 2026-07-22.0", "role": "overture" }, "geometry": { "type": "Polygon", "coordinates": [ [ [ 112.9995865, 28.1771403 ], [ 112.9995865, 28.1770458 ], [ 113.0000505, 28.1770481 ], [ 113.0000478, 28.1771451 ], [ 112.9995865, 28.1771403 ] ] ] } },
{ "type": "Feature", "properties": { "sample_id": 24, "osm_index": 8787, "osm_id": "649545551", "overture_id": "b2611e76-9780-459b-b585-09883bcb72fe", "matched": true, "overture_release": "2026-07-22.0", "osm_source": "data/processed/buildings_changsha_urban_core_solar_baseline.geojson", "provenance": "OSM footprint from buildings_changsha_urban_core_solar_baseline.geojson; Overture Maps buildings release 2026-07-22.0", "role": "osm" }, "geometry": { "type": "Polygon", "coordinates": [ [ [ 113.007409, 28.1741615 ], [ 113.0078231, 28.1741334 ], [ 113.0078143, 28.1740227 ], [ 113.007400200000021, 28.1740492 ], [ 113.007409, 28.1741615 ] ] ] } },
{ "type": "Feature", "properties": { "sample_id": 24, "osm_index": 8787, "osm_id": "649545551", "overture_id": "b2611e76-9780-459b-b585-09883bcb72fe", "matched": true, "overture_release": "2026-07-22.0", "osm_source": "data/processed/buildings_changsha_urban_core_solar_baseline.geojson", "provenance": "OSM footprint from buildings_changsha_urban_core_solar_baseline.geojson; Overture Maps buildings release 2026-07-22.0", "role": "overture" }, "geometry": { "type": "Polygon", "coordinates": [ [ [ 113.007409, 28.1741615 ], [ 113.007400200000021, 28.1740492 ], [ 113.0078143, 28.1740227 ], [ 113.0078231, 28.1741334 ], [ 113.007409, 28.1741615 ] ] ] } },
{ "type": "Feature", "properties": { "sample_id": 25, "osm_index": 12381, "osm_id": "657129461", "overture_id": "665b1362-6d29-4b06-95e5-f42d70dd6cac", "matched": true, "overture_release": "2026-07-22.0", "osm_source": "data/processed/buildings_changsha_urban_core_solar_baseline.geojson", "provenance": "OSM footprint from buildings_changsha_urban_core_solar_baseline.geojson; Overture Maps buildings release 2026-07-22.0", "role": "osm" }, "geometry": { "type": "Polygon", "coordinates": [ [ [ 112.9245489, 28.2226448 ], [ 112.9244921, 28.2225232 ], [ 112.9241476, 28.2225049 ], [ 112.9241395, 28.2226231 ], [ 112.9245489, 28.2226448 ] ] ] } },
{ "type": "Feature", "properties": { "sample_id": 25, "osm_index": 12381, "osm_id": "657129461", "overture_id": "665b1362-6d29-4b06-95e5-f42d70dd6cac", "matched": true, "overture_release": "2026-07-22.0", "osm_source": "data/processed/buildings_changsha_urban_core_solar_baseline.geojson", "provenance": "OSM footprint from buildings_changsha_urban_core_solar_baseline.geojson; Overture Maps buildings release 2026-07-22.0", "role": "overture" }, "geometry": { "type": "Polygon", "coordinates": [ [ [ 112.9245489, 28.2226448 ], [ 112.9241395, 28.2226231 ], [ 112.9241476, 28.2225049 ], [ 112.9244921, 28.2225232 ], [ 112.9245489, 28.2226448 ] ] ] } },
{ "type": "Feature", "properties": { "sample_id": 26, "osm_index": 18461, "osm_id": "1488870592", "overture_id": "dc0e6860-2704-4537-ac29-730042f23b32", "matched": true, "overture_release": "2026-07-22.0", "osm_source": "data/processed/buildings_changsha_urban_core_solar_baseline.geojson", "provenance": "OSM footprint from buildings_changsha_urban_core_solar_baseline.geojson; Overture Maps buildings release 2026-07-22.0", "role": "osm" }, "geometry": { "type": "Polygon", "coordinates": [ [ [ 112.9074467, 28.2742582 ], [ 112.9078574, 28.2742593 ], [ 112.9078578, 28.2741418 ], [ 112.9074471, 28.2741407 ], [ 112.9074467, 28.2742582 ] ] ] } },
{ "type": "Feature", "properties": { "sample_id": 26, "osm_index": 18461, "osm_id": "1488870592", "overture_id": "dc0e6860-2704-4537-ac29-730042f23b32", "matched": true, "overture_release": "2026-07-22.0", "osm_source": "data/processed/buildings_changsha_urban_core_solar_baseline.geojson", "provenance": "OSM footprint from buildings_changsha_urban_core_solar_baseline.geojson; Overture Maps buildings release 2026-07-22.0", "role": "overture" }, "geometry": { "type": "Polygon", "coordinates": [ [ [ 112.9074467, 28.2742582 ], [ 112.9074471, 28.2741407 ], [ 112.9078578, 28.2741418 ], [ 112.9078574, 28.2742593 ], [ 112.9074467, 28.2742582 ] ] ] } },
{ "type": "Feature", "properties": { "sample_id": 27, "osm_index": 12418, "osm_id": "657129498", "overture_id": "3c58facd-5784-4670-9c89-a0dd33591117", "matched": true, "overture_release": "2026-07-22.0", "osm_source": "data/processed/buildings_changsha_urban_core_solar_baseline.geojson", "provenance": "OSM footprint from buildings_changsha_urban_core_solar_baseline.geojson; Overture Maps buildings release 2026-07-22.0", "role": "osm" }, "geometry": { "type": "Polygon", "coordinates": [ [ [ 112.9259663, 28.2233399 ], [ 112.9259549, 28.2232896 ], [ 112.9259168, 28.2232627 ], [ 112.9259549, 28.223209 ], [ 112.9259549, 28.2231755 ], [ 112.9259168, 28.2231587 ], [ 112.9256807, 28.2233634 ], [ 112.9257302, 28.2234036 ], [ 112.9257988, 28.2233634 ], [ 112.925844500000011, 28.2234439 ], [ 112.9259663, 28.2233399 ] ] ] } },
{ "type": "Feature", "properties": { "sample_id": 27, "osm_index": 12418, "osm_id": "657129498", "overture_id": "3c58facd-5784-4670-9c89-a0dd33591117", "matched": true, "overture_release": "2026-07-22.0", "osm_source": "data/processed/buildings_changsha_urban_core_solar_baseline.geojson", "provenance": "OSM footprint from buildings_changsha_urban_core_solar_baseline.geojson; Overture Maps buildings release 2026-07-22.0", "role": "overture" }, "geometry": { "type": "Polygon", "coordinates": [ [ [ 112.9259663, 28.2233399 ], [ 112.925844500000011, 28.2234439 ], [ 112.9257988, 28.2233634 ], [ 112.9257302, 28.2234036 ], [ 112.9256807, 28.2233634 ], [ 112.9259168, 28.2231587 ], [ 112.9259549, 28.2231755 ], [ 112.9259549, 28.223209 ], [ 112.9259168, 28.2232627 ], [ 112.9259549, 28.2232896 ], [ 112.9259663, 28.2233399 ] ] ] } },
{ "type": "Feature", "properties": { "sample_id": 28, "osm_index": 14385, "osm_id": "779011688", "overture_id": "b4a22477-468d-46ba-97cc-cec93c2f8b4c", "matched": true, "overture_release": "2026-07-22.0", "osm_source": "data/processed/buildings_changsha_urban_core_solar_baseline.geojson", "provenance": "OSM footprint from buildings_changsha_urban_core_solar_baseline.geojson; Overture Maps buildings release 2026-07-22.0", "role": "osm" }, "geometry": { "type": "Polygon", "coordinates": [ [ [ 112.97181350000001, 28.1838779 ], [ 112.9718417, 28.1837514 ], [ 112.971543100000019, 28.1836997 ], [ 112.9715149, 28.1838262 ], [ 112.97181350000001, 28.1838779 ] ] ] } },
{ "type": "Feature", "properties": { "sample_id": 28, "osm_index": 14385, "osm_id": "779011688", "overture_id": "b4a22477-468d-46ba-97cc-cec93c2f8b4c", "matched": true, "overture_release": "2026-07-22.0", "osm_source": "data/processed/buildings_changsha_urban_core_solar_baseline.geojson", "provenance": "OSM footprint from buildings_changsha_urban_core_solar_baseline.geojson; Overture Maps buildings release 2026-07-22.0", "role": "overture" }, "geometry": { "type": "Polygon", "coordinates": [ [ [ 112.97181350000001, 28.1838779 ], [ 112.9715149, 28.1838262 ], [ 112.971543100000019, 28.1836997 ], [ 112.9718417, 28.1837514 ], [ 112.97181350000001, 28.1838779 ] ] ] } },
{ "type": "Feature", "properties": { "sample_id": 29, "osm_index": 15067, "osm_id": "819460942", "overture_id": "c092b467-b586-48c2-bd32-a82bd15e27a9", "matched": true, "overture_release": "2026-07-22.0", "osm_source": "data/processed/buildings_changsha_urban_core_solar_baseline.geojson", "provenance": "OSM footprint from buildings_changsha_urban_core_solar_baseline.geojson; Overture Maps buildings release 2026-07-22.0", "role": "osm" }, "geometry": { "type": "Polygon", "coordinates": [ [ [ 112.8718226, 28.2734803 ], [ 112.8717674, 28.2733355 ], [ 112.8715394, 28.2734028 ], [ 112.8715946, 28.2735477 ], [ 112.8718226, 28.2734803 ] ] ] } },
{ "type": "Feature", "properties": { "sample_id": 29, "osm_index": 15067, "osm_id": "819460942", "overture_id": "c092b467-b586-48c2-bd32-a82bd15e27a9", "matched": true, "overture_release": "2026-07-22.0", "osm_source": "data/processed/buildings_changsha_urban_core_solar_baseline.geojson", "provenance": "OSM footprint from buildings_changsha_urban_core_solar_baseline.geojson; Overture Maps buildings release 2026-07-22.0", "role": "overture" }, "geometry": { "type": "Polygon", "coordinates": [ [ [ 112.8718226, 28.2734803 ], [ 112.8715946, 28.2735477 ], [ 112.8715394, 28.2734028 ], [ 112.8717674, 28.2733355 ], [ 112.8718226, 28.2734803 ] ] ] } },
{ "type": "Feature", "properties": { "sample_id": 30, "osm_index": 12048, "osm_id": "656980530", "overture_id": "a402a0bc-58fb-41b1-a38e-2b7beb3dbffb", "matched": true, "overture_release": "2026-07-22.0", "osm_source": "data/processed/buildings_changsha_urban_core_solar_baseline.geojson", "provenance": "OSM footprint from buildings_changsha_urban_core_solar_baseline.geojson; Overture Maps buildings release 2026-07-22.0", "role": "osm" }, "geometry": { "type": "Polygon", "coordinates": [ [ [ 112.904348900000016, 28.2211796 ], [ 112.9043695, 28.2210706 ], [ 112.9040963, 28.2209889 ], [ 112.9040912, 28.2211297 ], [ 112.904348900000016, 28.2211796 ] ] ] } },
{ "type": "Feature", "properties": { "sample_id": 30, "osm_index": 12048, "osm_id": "656980530", "overture_id": "a402a0bc-58fb-41b1-a38e-2b7beb3dbffb", "matched": true, "overture_release": "2026-07-22.0", "osm_source": "data/processed/buildings_changsha_urban_core_solar_baseline.geojson", "provenance": "OSM footprint from buildings_changsha_urban_core_solar_baseline.geojson; Overture Maps buildings release 2026-07-22.0", "role": "overture" }, "geometry": { "type": "Polygon", "coordinates": [ [ [ 112.904348900000016, 28.2211796 ], [ 112.9040912, 28.2211297 ], [ 112.9040963, 28.2209889 ], [ 112.9043695, 28.2210706 ], [ 112.904348900000016, 28.2211796 ] ] ] } },
{ "type": "Feature", "properties": { "sample_id": 31, "osm_index": 6655, "osm_id": "648652112", "overture_id": "fb221834-d5bf-4f75-8a29-5a771950add8", "matched": true, "overture_release": "2026-07-22.0", "osm_source": "data/processed/buildings_changsha_urban_core_solar_baseline.geojson", "provenance": "OSM footprint from buildings_changsha_urban_core_solar_baseline.geojson; Overture Maps buildings release 2026-07-22.0", "role": "osm" }, "geometry": { "type": "Polygon", "coordinates": [ [ [ 112.9210219, 28.2556811 ], [ 112.9210131, 28.2555567 ], [ 112.920713, 28.25558 ], [ 112.9207218, 28.2556889 ], [ 112.9210219, 28.2556811 ] ] ] } },
{ "type": "Feature", "properties": { "sample_id": 31, "osm_index": 6655, "osm_id": "648652112", "overture_id": "fb221834-d5bf-4f75-8a29-5a771950add8", "matched": true, "overture_release": "2026-07-22.0", "osm_source": "data/processed/buildings_changsha_urban_core_solar_baseline.geojson", "provenance": "OSM footprint from buildings_changsha_urban_core_solar_baseline.geojson; Overture Maps buildings release 2026-07-22.0", "role": "overture" }, "geometry": { "type": "Polygon", "coordinates": [ [ [ 112.9210219, 28.2556811 ], [ 112.9207218, 28.2556889 ], [ 112.920713, 28.25558 ], [ 112.9210131, 28.2555567 ], [ 112.9210219, 28.2556811 ] ] ] } },
{ "type": "Feature", "properties": { "sample_id": 32, "osm_index": 4489, "osm_id": "645620211", "overture_id": "ac237f35-8a44-4413-b1d4-15b2d80338ea", "matched": true, "overture_release": "2026-07-22.0", "osm_source": "data/processed/buildings_changsha_urban_core_solar_baseline.geojson", "provenance": "OSM footprint from buildings_changsha_urban_core_solar_baseline.geojson; Overture Maps buildings release 2026-07-22.0", "role": "osm" }, "geometry": { "type": "Polygon", "coordinates": [ [ [ 112.9937461, 28.2354384 ], [ 112.9937695, 28.2353273 ], [ 112.9933399, 28.2353109 ], [ 112.9933399, 28.2354343 ], [ 112.9937461, 28.2354384 ] ] ] } },
{ "type": "Feature", "properties": { "sample_id": 32, "osm_index": 4489, "osm_id": "645620211", "overture_id": "ac237f35-8a44-4413-b1d4-15b2d80338ea", "matched": true, "overture_release": "2026-07-22.0", "osm_source": "data/processed/buildings_changsha_urban_core_solar_baseline.geojson", "provenance": "OSM footprint from buildings_changsha_urban_core_solar_baseline.geojson; Overture Maps buildings release 2026-07-22.0", "role": "overture" }, "geometry": { "type": "Polygon", "coordinates": [ [ [ 112.9937461, 28.2354384 ], [ 112.9933399, 28.2354343 ], [ 112.9933399, 28.2353109 ], [ 112.9937695, 28.2353273 ], [ 112.9937461, 28.2354384 ] ] ] } },
{ "type": "Feature", "properties": { "sample_id": 33, "osm_index": 2638, "osm_id": "543973376", "overture_id": "240ae67c-7b89-4016-93be-91229a0cf01a", "matched": true, "overture_release": "2026-07-22.0", "osm_source": "data/processed/buildings_changsha_urban_core_solar_baseline.geojson", "provenance": "OSM footprint from buildings_changsha_urban_core_solar_baseline.geojson; Overture Maps buildings release 2026-07-22.0", "role": "osm" }, "geometry": { "type": "Polygon", "coordinates": [ [ [ 112.9774428, 28.1923555 ], [ 112.977448, 28.1923787 ], [ 112.9775314, 28.1923641 ], [ 112.977490100000011, 28.1921802 ], [ 112.9772664, 28.1922193 ], [ 112.9773025, 28.19238 ], [ 112.9774428, 28.1923555 ] ] ] } },
{ "type": "Feature", "properties": { "sample_id": 33, "osm_index": 2638, "osm_id": "543973376", "overture_id": "240ae67c-7b89-4016-93be-91229a0cf01a", "matched": true, "overture_release": "2026-07-22.0", "osm_source": "data/processed/buildings_changsha_urban_core_solar_baseline.geojson", "provenance": "OSM footprint from buildings_changsha_urban_core_solar_baseline.geojson; Overture Maps buildings release 2026-07-22.0", "role": "overture" }, "geometry": { "type": "Polygon", "coordinates": [ [ [ 112.9774428, 28.1923555 ], [ 112.9773025, 28.19238 ], [ 112.9772664, 28.1922193 ], [ 112.977490100000011, 28.1921802 ], [ 112.9775314, 28.1923641 ], [ 112.977448, 28.1923787 ], [ 112.9774428, 28.1923555 ] ] ] } },
{ "type": "Feature", "properties": { "sample_id": 34, "osm_index": 8663, "osm_id": "649545424", "overture_id": "408d3fc7-cab0-486e-ab01-50ee1b52a2a9", "matched": true, "overture_release": "2026-07-22.0", "osm_source": "data/processed/buildings_changsha_urban_core_solar_baseline.geojson", "provenance": "OSM footprint from buildings_changsha_urban_core_solar_baseline.geojson; Overture Maps buildings release 2026-07-22.0", "role": "osm" }, "geometry": { "type": "Polygon", "coordinates": [ [ [ 113.0054639, 28.1881528 ], [ 113.0058816, 28.1881434 ], [ 113.005878, 28.1880498 ], [ 113.005471, 28.1880654 ], [ 113.0054639, 28.1881528 ] ] ] } },
{ "type": "Feature", "properties": { "sample_id": 34, "osm_index": 8663, "osm_id": "649545424", "overture_id": "408d3fc7-cab0-486e-ab01-50ee1b52a2a9", "matched": true, "overture_release": "2026-07-22.0", "osm_source": "data/processed/buildings_changsha_urban_core_solar_baseline.geojson", "provenance": "OSM footprint from buildings_changsha_urban_core_solar_baseline.geojson; Overture Maps buildings release 2026-07-22.0", "role": "overture" }, "geometry": { "type": "Polygon", "coordinates": [ [ [ 113.0054639, 28.1881528 ], [ 113.005471, 28.1880654 ], [ 113.005878, 28.1880498 ], [ 113.0058816, 28.1881434 ], [ 113.0054639, 28.1881528 ] ] ] } },
{ "type": "Feature", "properties": { "sample_id": 35, "osm_index": 6097, "osm_id": "647933281", "overture_id": "a354a76b-5bee-4b8a-9eb6-7fbdc318d066", "matched": true, "overture_release": "2026-07-22.0", "osm_source": "data/processed/buildings_changsha_urban_core_solar_baseline.geojson", "provenance": "OSM footprint from buildings_changsha_urban_core_solar_baseline.geojson; Overture Maps buildings release 2026-07-22.0", "role": "osm" }, "geometry": { "type": "Polygon", "coordinates": [ [ [ 112.9784072, 28.152643499999989 ], [ 112.9784099, 28.1525465 ], [ 112.977911, 28.1525607 ], [ 112.977911, 28.1526411 ], [ 112.9784072, 28.152643499999989 ] ] ] } },
{ "type": "Feature", "properties": { "sample_id": 35, "osm_index": 6097, "osm_id": "647933281", "overture_id": "a354a76b-5bee-4b8a-9eb6-7fbdc318d066", "matched": true, "overture_release": "2026-07-22.0", "osm_source": "data/processed/buildings_changsha_urban_core_solar_baseline.geojson", "provenance": "OSM footprint from buildings_changsha_urban_core_solar_baseline.geojson; Overture Maps buildings release 2026-07-22.0", "role": "overture" }, "geometry": { "type": "Polygon", "coordinates": [ [ [ 112.9784072, 28.152643499999989 ], [ 112.977911, 28.1526411 ], [ 112.977911, 28.1525607 ], [ 112.9784099, 28.1525465 ], [ 112.9784072, 28.152643499999989 ] ] ] } },
{ "type": "Feature", "properties": { "sample_id": 36, "osm_index": 1977, "osm_id": "484303614", "overture_id": "a7853a68-72ca-43ea-98b8-c045ecb73408", "matched": true, "overture_release": "2026-07-22.0", "osm_source": "data/processed/buildings_changsha_urban_core_solar_baseline.geojson", "provenance": "OSM footprint from buildings_changsha_urban_core_solar_baseline.geojson; Overture Maps buildings release 2026-07-22.0", "role": "osm" }, "geometry": { "type": "Polygon", "coordinates": [ [ [ 112.986836, 28.1920106 ], [ 112.986838, 28.1919811 ], [ 112.9868364, 28.1919553 ], [ 112.9868299, 28.1919238 ], [ 112.986818, 28.1918926 ], [ 112.9867958, 28.191856 ], [ 112.9867608, 28.1918199 ], [ 112.9867299, 28.1917992 ], [ 112.9866915, 28.191783 ], [ 112.9866481, 28.1917746 ], [ 112.9865913, 28.1917776 ], [ 112.986585300000016, 28.1919994 ], [ 112.986836, 28.1920106 ] ] ] } },
{ "type": "Feature", "properties": { "sample_id": 36, "osm_index": 1977, "osm_id": "484303614", "overture_id": "a7853a68-72ca-43ea-98b8-c045ecb73408", "matched": true, "overture_release": "2026-07-22.0", "osm_source": "data/processed/buildings_changsha_urban_core_solar_baseline.geojson", "provenance": "OSM footprint from buildings_changsha_urban_core_solar_baseline.geojson; Overture Maps buildings release 2026-07-22.0", "role": "overture" }, "geometry": { "type": "Polygon", "coordinates": [ [ [ 112.986836, 28.1920106 ], [ 112.986585300000016, 28.1919994 ], [ 112.9865913, 28.1917776 ], [ 112.9866481, 28.1917746 ], [ 112.9866915, 28.191783 ], [ 112.9867299, 28.1917992 ], [ 112.9867608, 28.1918199 ], [ 112.9867958, 28.191856 ], [ 112.986818, 28.1918926 ], [ 112.9868299, 28.1919238 ], [ 112.9868364, 28.1919553 ], [ 112.986838, 28.1919811 ], [ 112.986836, 28.1920106 ] ] ] } },
{ "type": "Feature", "properties": { "sample_id": 37, "osm_index": 17596, "osm_id": "1317361420", "overture_id": "86801303-517a-4bcf-bd89-cecaaf74c99b", "matched": true, "overture_release": "2026-07-22.0", "osm_source": "data/processed/buildings_changsha_urban_core_solar_baseline.geojson", "provenance": "OSM footprint from buildings_changsha_urban_core_solar_baseline.geojson; Overture Maps buildings release 2026-07-22.0", "role": "osm" }, "geometry": { "type": "Polygon", "coordinates": [ [ [ 113.008832, 28.2430608 ], [ 113.008834400000012, 28.2430804 ], [ 113.0088899, 28.2430752 ], [ 113.008891500000018, 28.2430885 ], [ 113.0089537, 28.2430827 ], [ 113.0089518, 28.2430677 ], [ 113.008979, 28.2430651 ], [ 113.0089798, 28.2430716 ], [ 113.0090473, 28.2430652 ], [ 113.009048600000014, 28.2430753 ], [ 113.0090942, 28.2430709 ], [ 113.0090922, 28.2430549 ], [ 113.0091405, 28.2430503 ], [ 113.0091364, 28.2430174 ], [ 113.0091511, 28.2430096 ], [ 113.0091437, 28.2429556 ], [ 113.0090459, 28.2429646 ], [ 113.009044, 28.2429485 ], [ 113.0089112, 28.2429606 ], [ 113.0089127, 28.2429733 ], [ 113.008875800000013, 28.2429767 ], [ 113.0088785, 28.2429992 ], [ 113.0088045, 28.243006 ], [ 113.0088112, 28.2430627 ], [ 113.008832, 28.2430608 ] ] ] } },
{ "type": "Feature", "properties": { "sample_id": 37, "osm_index": 17596, "osm_id": "1317361420", "overture_id": "86801303-517a-4bcf-bd89-cecaaf74c99b", "matched": true, "overture_release": "2026-07-22.0", "osm_source": "data/processed/buildings_changsha_urban_core_solar_baseline.geojson", "provenance": "OSM footprint from buildings_changsha_urban_core_solar_baseline.geojson; Overture Maps buildings release 2026-07-22.0", "role": "overture" }, "geometry": { "type": "Polygon", "coordinates": [ [ [ 113.008832, 28.2430608 ], [ 113.0088112, 28.2430627 ], [ 113.0088045, 28.243006 ], [ 113.0088785, 28.2429992 ], [ 113.008875800000013, 28.2429767 ], [ 113.0089127, 28.2429733 ], [ 113.0089112, 28.2429606 ], [ 113.009044, 28.2429485 ], [ 113.0090459, 28.2429646 ], [ 113.0091437, 28.2429556 ], [ 113.0091511, 28.2430096 ], [ 113.0091364, 28.2430174 ], [ 113.0091405, 28.2430503 ], [ 113.0090922, 28.2430549 ], [ 113.0090942, 28.2430709 ], [ 113.009048600000014, 28.2430753 ], [ 113.0090473, 28.2430652 ], [ 113.0089798, 28.2430716 ], [ 113.008979, 28.2430651 ], [ 113.0089518, 28.2430677 ], [ 113.0089537, 28.2430827 ], [ 113.008891500000018, 28.2430885 ], [ 113.0088899, 28.2430752 ], [ 113.008834400000012, 28.2430804 ], [ 113.008832, 28.2430608 ] ] ] } },
{ "type": "Feature", "properties": { "sample_id": 38, "osm_index": 1661, "osm_id": "481133741", "overture_id": "e1da59e5-e81c-4264-8f35-fb3bf1043099", "matched": true, "overture_release": "2026-07-22.0", "osm_source": "data/processed/buildings_changsha_urban_core_solar_baseline.geojson", "provenance": "OSM footprint from buildings_changsha_urban_core_solar_baseline.geojson; Overture Maps buildings release 2026-07-22.0", "role": "osm" }, "geometry": { "type": "Polygon", "coordinates": [ [ [ 112.9332698, 28.2320037 ], [ 112.9333968, 28.232004 ], [ 112.9333975, 28.2317416 ], [ 112.9333776, 28.2317416 ], [ 112.9332705, 28.2317413 ], [ 112.9332698, 28.2320037 ] ] ] } },
{ "type": "Feature", "properties": { "sample_id": 38, "osm_index": 1661, "osm_id": "481133741", "overture_id": "e1da59e5-e81c-4264-8f35-fb3bf1043099", "matched": true, "overture_release": "2026-07-22.0", "osm_source": "data/processed/buildings_changsha_urban_core_solar_baseline.geojson", "provenance": "OSM footprint from buildings_changsha_urban_core_solar_baseline.geojson; Overture Maps buildings release 2026-07-22.0", "role": "overture" }, "geometry": { "type": "Polygon", "coordinates": [ [ [ 112.9332698, 28.2320037 ], [ 112.9332705, 28.2317413 ], [ 112.9333776, 28.2317416 ], [ 112.9333975, 28.2317416 ], [ 112.9333968, 28.232004 ], [ 112.9332698, 28.2320037 ] ] ] } },
{ "type": "Feature", "properties": { "sample_id": 39, "osm_index": 16221, "osm_id": "1032031781", "overture_id": "19730928-77bf-4089-9f5b-ef74d44fa0b8", "matched": true, "overture_release": "2026-07-22.0", "osm_source": "data/processed/buildings_changsha_urban_core_solar_baseline.geojson", "provenance": "OSM footprint from buildings_changsha_urban_core_solar_baseline.geojson; Overture Maps buildings release 2026-07-22.0", "role": "osm" }, "geometry": { "type": "Polygon", "coordinates": [ [ [ 112.9471274, 28.205123 ], [ 112.9471246, 28.204861 ], [ 112.9470021, 28.204862 ], [ 112.9470037, 28.2050118 ], [ 112.9468644, 28.2050129 ], [ 112.9468656, 28.2051251 ], [ 112.9471274, 28.205123 ] ] ] } },
{ "type": "Feature", "properties": { "sample_id": 39, "osm_index": 16221, "osm_id": "1032031781", "overture_id": "19730928-77bf-4089-9f5b-ef74d44fa0b8", "matched": true, "overture_release": "2026-07-22.0", "osm_source": "data/processed/buildings_changsha_urban_core_solar_baseline.geojson", "provenance": "OSM footprint from buildings_changsha_urban_core_solar_baseline.geojson; Overture Maps buildings release 2026-07-22.0", "role": "overture" }, "geometry": { "type": "Polygon", "coordinates": [ [ [ 112.9471274, 28.205123 ], [ 112.9468656, 28.2051251 ], [ 112.9468644, 28.2050129 ], [ 112.9470037, 28.2050118 ], [ 112.9470021, 28.204862 ], [ 112.9471246, 28.204861 ], [ 112.9471274, 28.205123 ] ] ] } },
{ "type": "Feature", "properties": { "sample_id": 40, "osm_index": 2171, "osm_id": "492207802", "overture_id": "d7c5b6e5-a3d1-4c58-84bf-d08f752cd755", "matched": true, "overture_release": "2026-07-22.0", "osm_source": "data/processed/buildings_changsha_urban_core_solar_baseline.geojson", "provenance": "OSM footprint from buildings_changsha_urban_core_solar_baseline.geojson; Overture Maps buildings release 2026-07-22.0", "role": "osm" }, "geometry": { "type": "Polygon", "coordinates": [ [ [ 112.996263, 28.1854159 ], [ 112.9962626, 28.1852818 ], [ 112.9957996, 28.1852831 ], [ 112.9958, 28.1854172 ], [ 112.996263, 28.1854159 ] ] ] } },
{ "type": "Feature", "properties": { "sample_id": 40, "osm_index": 2171, "osm_id": "492207802", "overture_id": "d7c5b6e5-a3d1-4c58-84bf-d08f752cd755", "matched": true, "overture_release": "2026-07-22.0", "osm_source": "data/processed/buildings_changsha_urban_core_solar_baseline.geojson", "provenance": "OSM footprint from buildings_changsha_urban_core_solar_baseline.geojson; Overture Maps buildings release 2026-07-22.0", "role": "overture" }, "geometry": { "type": "Polygon", "coordinates": [ [ [ 112.996263, 28.1854159 ], [ 112.9958, 28.1854172 ], [ 112.9957996, 28.1852831 ], [ 112.9962626, 28.1852818 ], [ 112.996263, 28.1854159 ] ] ] } },
{ "type": "Feature", "properties": { "sample_id": 41, "osm_index": 18544, "osm_id": "1488870700", "overture_id": "2e56ccbc-0d14-42e9-96cd-f6b238e0d971", "matched": true, "overture_release": "2026-07-22.0", "osm_source": "data/processed/buildings_changsha_urban_core_solar_baseline.geojson", "provenance": "OSM footprint from buildings_changsha_urban_core_solar_baseline.geojson; Overture Maps buildings release 2026-07-22.0", "role": "osm" }, "geometry": { "type": "Polygon", "coordinates": [ [ [ 112.91044260000001, 28.2764874 ], [ 112.9104423, 28.2766008 ], [ 112.9109036, 28.2766017 ], [ 112.9109039, 28.2764883 ], [ 112.91044260000001, 28.2764874 ] ] ] } },
{ "type": "Feature", "properties": { "sample_id": 41, "osm_index": 18544, "osm_id": "1488870700", "overture_id": "2e56ccbc-0d14-42e9-96cd-f6b238e0d971", "matched": true, "overture_release": "2026-07-22.0", "osm_source": "data/processed/buildings_changsha_urban_core_solar_baseline.geojson", "provenance": "OSM footprint from buildings_changsha_urban_core_solar_baseline.geojson; Overture Maps buildings release 2026-07-22.0", "role": "overture" }, "geometry": { "type": "Polygon", "coordinates": [ [ [ 112.91044260000001, 28.2764874 ], [ 112.9109039, 28.2764883 ], [ 112.9109036, 28.2766017 ], [ 112.9104423, 28.2766008 ], [ 112.91044260000001, 28.2764874 ] ] ] } },
{ "type": "Feature", "properties": { "sample_id": 42, "osm_index": 4845, "osm_id": "646745415", "overture_id": "85617275-9c2e-4523-8b40-623d812e599a", "matched": true, "overture_release": "2026-07-22.0", "osm_source": "data/processed/buildings_changsha_urban_core_solar_baseline.geojson", "provenance": "OSM footprint from buildings_changsha_urban_core_solar_baseline.geojson; Overture Maps buildings release 2026-07-22.0", "role": "osm" }, "geometry": { "type": "Polygon", "coordinates": [ [ [ 112.9922642, 28.1423222 ], [ 112.992344700000018, 28.1422465 ], [ 112.9918458, 28.1419675 ], [ 112.991776, 28.1420431 ], [ 112.9922642, 28.1423222 ] ] ] } },
{ "type": "Feature", "properties": { "sample_id": 42, "osm_index": 4845, "osm_id": "646745415", "overture_id": "85617275-9c2e-4523-8b40-623d812e599a", "matched": true, "overture_release": "2026-07-22.0", "osm_source": "data/processed/buildings_changsha_urban_core_solar_baseline.geojson", "provenance": "OSM footprint from buildings_changsha_urban_core_solar_baseline.geojson; Overture Maps buildings release 2026-07-22.0", "role": "overture" }, "geometry": { "type": "Polygon", "coordinates": [ [ [ 112.9922733, 28.1423276 ], [ 112.9917625, 28.1420451 ], [ 112.9918256, 28.1419563 ], [ 112.9923364, 28.1422389 ], [ 112.9922733, 28.1423276 ] ] ] } },
{ "type": "Feature", "properties": { "sample_id": 43, "osm_index": 5551, "osm_id": "647565061", "overture_id": "45863a54-ca61-4999-922f-35eea1bbf63b", "matched": true, "overture_release": "2026-07-22.0", "osm_source": "data/processed/buildings_changsha_urban_core_solar_baseline.geojson", "provenance": "OSM footprint from buildings_changsha_urban_core_solar_baseline.geojson; Overture Maps buildings release 2026-07-22.0", "role": "osm" }, "geometry": { "type": "Polygon", "coordinates": [ [ [ 112.9637383, 28.1664837 ], [ 112.9640816, 28.1664719 ], [ 112.9641004, 28.1665333 ], [ 112.9642613, 28.1665452 ], [ 112.9642532, 28.1664269 ], [ 112.9641245, 28.1664317 ], [ 112.9641218, 28.1663702 ], [ 112.9637383, 28.1663678 ], [ 112.9637383, 28.1664837 ] ] ] } },
{ "type": "Feature", "properties": { "sample_id": 43, "osm_index": 5551, "osm_id": "647565061", "overture_id": "45863a54-ca61-4999-922f-35eea1bbf63b", "matched": true, "overture_release": "2026-07-22.0", "osm_source": "data/processed/buildings_changsha_urban_core_solar_baseline.geojson", "provenance": "OSM footprint from buildings_changsha_urban_core_solar_baseline.geojson; Overture Maps buildings release 2026-07-22.0", "role": "overture" }, "geometry": { "type": "Polygon", "coordinates": [ [ [ 112.9637383, 28.1664837 ], [ 112.9637383, 28.1663678 ], [ 112.9641218, 28.1663702 ], [ 112.9641245, 28.1664317 ], [ 112.9642532, 28.1664269 ], [ 112.9642613, 28.1665452 ], [ 112.9641004, 28.1665333 ], [ 112.9640816, 28.1664719 ], [ 112.9637383, 28.1664837 ] ] ] } },
{ "type": "Feature", "properties": { "sample_id": 44, "osm_index": 7214, "osm_id": "649018097", "overture_id": "af0fb7a1-7ca5-4f89-bdb7-2cf337513651", "matched": true, "overture_release": "2026-07-22.0", "osm_source": "data/processed/buildings_changsha_urban_core_solar_baseline.geojson", "provenance": "OSM footprint from buildings_changsha_urban_core_solar_baseline.geojson; Overture Maps buildings release 2026-07-22.0", "role": "osm" }, "geometry": { "type": "Polygon", "coordinates": [ [ [ 112.9866325, 28.1616762 ], [ 112.9866789, 28.1615496 ], [ 112.986217200000013, 28.1614366 ], [ 112.9861775, 28.1615847 ], [ 112.9866325, 28.1616762 ] ] ] } },
{ "type": "Feature", "properties": { "sample_id": 44, "osm_index": 7214, "osm_id": "649018097", "overture_id": "af0fb7a1-7ca5-4f89-bdb7-2cf337513651", "matched": true, "overture_release": "2026-07-22.0", "osm_source": "data/processed/buildings_changsha_urban_core_solar_baseline.geojson", "provenance": "OSM footprint from buildings_changsha_urban_core_solar_baseline.geojson; Overture Maps buildings release 2026-07-22.0", "role": "overture" }, "geometry": { "type": "Polygon", "coordinates": [ [ [ 112.9866325, 28.1616762 ], [ 112.9861775, 28.1615847 ], [ 112.986217200000013, 28.1614366 ], [ 112.9866789, 28.1615496 ], [ 112.9866325, 28.1616762 ] ] ] } },
{ "type": "Feature", "properties": { "sample_id": 45, "osm_index": 17736, "osm_id": "1354874627", "overture_id": "7013486e-cf72-4926-b01b-10c8fbe8dcbc", "matched": true, "overture_release": "2026-07-22.0", "osm_source": "data/processed/buildings_changsha_urban_core_solar_baseline.geojson", "provenance": "OSM footprint from buildings_changsha_urban_core_solar_baseline.geojson; Overture Maps buildings release 2026-07-22.0", "role": "osm" }, "geometry": { "type": "Polygon", "coordinates": [ [ [ 112.9465265, 28.1913522 ], [ 112.946896100000018, 28.1913275 ], [ 112.946898500000017, 28.1913545 ], [ 112.9471119, 28.1913402 ], [ 112.9471016, 28.1912209 ], [ 112.9469047, 28.1912341 ], [ 112.9469028, 28.1912114 ], [ 112.9465166, 28.1912372 ], [ 112.9465265, 28.1913522 ] ] ] } },
{ "type": "Feature", "properties": { "sample_id": 45, "osm_index": 17736, "osm_id": "1354874627", "overture_id": "7013486e-cf72-4926-b01b-10c8fbe8dcbc", "matched": true, "overture_release": "2026-07-22.0", "osm_source": "data/processed/buildings_changsha_urban_core_solar_baseline.geojson", "provenance": "OSM footprint from buildings_changsha_urban_core_solar_baseline.geojson; Overture Maps buildings release 2026-07-22.0", "role": "overture" }, "geometry": { "type": "Polygon", "coordinates": [ [ [ 112.9465265, 28.1913522 ], [ 112.9465166, 28.1912372 ], [ 112.9469028, 28.1912114 ], [ 112.9469047, 28.1912341 ], [ 112.9471016, 28.1912209 ], [ 112.9471119, 28.1913402 ], [ 112.946898500000017, 28.1913545 ], [ 112.946896100000018, 28.1913275 ], [ 112.9465265, 28.1913522 ] ] ] } },
{ "type": "Feature", "properties": { "sample_id": 46, "osm_index": 6081, "osm_id": "647933265", "overture_id": "9a893122-d0e6-4a88-892e-7e8da89c2aaf", "matched": true, "overture_release": "2026-07-22.0", "osm_source": "data/processed/buildings_changsha_urban_core_solar_baseline.geojson", "provenance": "OSM footprint from buildings_changsha_urban_core_solar_baseline.geojson; Overture Maps buildings release 2026-07-22.0", "role": "osm" }, "geometry": { "type": "Polygon", "coordinates": [ [ [ 112.978242800000018, 28.1532899 ], [ 112.9782374, 28.153174 ], [ 112.9776339, 28.1531717 ], [ 112.9776286, 28.1532781 ], [ 112.978242800000018, 28.1532899 ] ] ] } },
{ "type": "Feature", "properties": { "sample_id": 46, "osm_index": 6081, "osm_id": "647933265", "overture_id": "9a893122-d0e6-4a88-892e-7e8da89c2aaf", "matched": true, "overture_release": "2026-07-22.0", "osm_source": "data/processed/buildings_changsha_urban_core_solar_baseline.geojson", "provenance": "OSM footprint from buildings_changsha_urban_core_solar_baseline.geojson; Overture Maps buildings release 2026-07-22.0", "role": "overture" }, "geometry": { "type": "Polygon", "coordinates": [ [ [ 112.978242800000018, 28.1532899 ], [ 112.9776286, 28.1532781 ], [ 112.9776339, 28.1531717 ], [ 112.9782374, 28.153174 ], [ 112.978242800000018, 28.1532899 ] ] ] } },
{ "type": "Feature", "properties": { "sample_id": 47, "osm_index": 14309, "osm_id": "779000647", "overture_id": "0e0ad826-612e-4c8a-91c0-4c31519b287b", "matched": true, "overture_release": "2026-07-22.0", "osm_source": "data/processed/buildings_changsha_urban_core_solar_baseline.geojson", "provenance": "OSM footprint from buildings_changsha_urban_core_solar_baseline.geojson; Overture Maps buildings release 2026-07-22.0", "role": "osm" }, "geometry": { "type": "Polygon", "coordinates": [ [ [ 112.9770132, 28.201195 ], [ 112.9770105, 28.2010792 ], [ 112.9765749, 28.201087 ], [ 112.9765776, 28.2012029 ], [ 112.9770132, 28.201195 ] ] ] } },
{ "type": "Feature", "properties": { "sample_id": 47, "osm_index": 14309, "osm_id": "779000647", "overture_id": "0e0ad826-612e-4c8a-91c0-4c31519b287b", "matched": true, "overture_release": "2026-07-22.0", "osm_source": "data/processed/buildings_changsha_urban_core_solar_baseline.geojson", "provenance": "OSM footprint from buildings_changsha_urban_core_solar_baseline.geojson; Overture Maps buildings release 2026-07-22.0", "role": "overture" }, "geometry": { "type": "Polygon", "coordinates": [ [ [ 112.9770132, 28.201195 ], [ 112.9765776, 28.2012029 ], [ 112.9765749, 28.201087 ], [ 112.9770105, 28.2010792 ], [ 112.9770132, 28.201195 ] ] ] } },
{ "type": "Feature", "properties": { "sample_id": 48, "osm_index": 8891, "osm_id": "649776570", "overture_id": "aeadacbd-4e5e-43a8-bd13-0a98a4efd36e", "matched": true, "overture_release": "2026-07-22.0", "osm_source": "data/processed/buildings_changsha_urban_core_solar_baseline.geojson", "provenance": "OSM footprint from buildings_changsha_urban_core_solar_baseline.geojson; Overture Maps buildings release 2026-07-22.0", "role": "osm" }, "geometry": { "type": "Polygon", "coordinates": [ [ [ 112.99799920000001, 28.1731983 ], [ 112.9980027, 28.1731016 ], [ 112.9973373, 28.1730953 ], [ 112.9973409, 28.173192 ], [ 112.99799920000001, 28.1731983 ] ] ] } },
{ "type": "Feature", "properties": { "sample_id": 48, "osm_index": 8891, "osm_id": "649776570", "overture_id": "aeadacbd-4e5e-43a8-bd13-0a98a4efd36e", "matched": true, "overture_release": "2026-07-22.0", "osm_source": "data/processed/buildings_changsha_urban_core_solar_baseline.geojson", "provenance": "OSM footprint from buildings_changsha_urban_core_solar_baseline.geojson; Overture Maps buildings release 2026-07-22.0", "role": "overture" }, "geometry": { "type": "Polygon", "coordinates": [ [ [ 112.99799920000001, 28.1731983 ], [ 112.9973409, 28.173192 ], [ 112.9973373, 28.1730953 ], [ 112.9980027, 28.1731016 ], [ 112.99799920000001, 28.1731983 ] ] ] } },
{ "type": "Feature", "properties": { "sample_id": 49, "osm_index": 273, "osm_id": "286938666", "overture_id": "e838843a-fcff-4ff1-bdaa-baa0d8554ce5", "matched": true, "overture_release": "2026-07-22.0", "osm_source": "data/processed/buildings_changsha_urban_core_solar_baseline.geojson", "provenance": "OSM footprint from buildings_changsha_urban_core_solar_baseline.geojson; Overture Maps buildings release 2026-07-22.0", "role": "osm" }, "geometry": { "type": "Polygon", "coordinates": [ [ [ 113.0209792, 28.1707014 ], [ 113.0209736, 28.1706116 ], [ 113.0201907, 28.1706493 ], [ 113.0201962, 28.170739 ], [ 113.0209792, 28.1707014 ] ] ] } },
{ "type": "Feature", "properties": { "sample_id": 49, "osm_index": 273, "osm_id": "286938666", "overture_id": "e838843a-fcff-4ff1-bdaa-baa0d8554ce5", "matched": true, "overture_release": "2026-07-22.0", "osm_source": "data/processed/buildings_changsha_urban_core_solar_baseline.geojson", "provenance": "OSM footprint from buildings_changsha_urban_core_solar_baseline.geojson; Overture Maps buildings release 2026-07-22.0", "role": "overture" }, "geometry": { "type": "Polygon", "coordinates": [ [ [ 113.0209792, 28.1707014 ], [ 113.0201962, 28.170739 ], [ 113.0201907, 28.1706493 ], [ 113.0209736, 28.1706116 ], [ 113.0209792, 28.1707014 ] ] ] } },
{ "type": "Feature", "properties": { "sample_id": 50, "osm_index": 2158, "osm_id": "492207789", "overture_id": "6f70e5fb-02d5-4913-9ef8-65b78bd4b6a1", "matched": true, "overture_release": "2026-07-22.0", "osm_source": "data/processed/buildings_changsha_urban_core_solar_baseline.geojson", "provenance": "OSM footprint from buildings_changsha_urban_core_solar_baseline.geojson; Overture Maps buildings release 2026-07-22.0", "role": "osm" }, "geometry": { "type": "Polygon", "coordinates": [ [ [ 112.994062, 28.1851225 ], [ 112.9936688, 28.1850026 ], [ 112.9936398, 28.1850977 ], [ 112.9936685, 28.1851065 ], [ 112.993658, 28.1851408 ], [ 112.993742, 28.1851664 ], [ 112.9937531, 28.1851298 ], [ 112.993792, 28.1851416 ], [ 112.9937827, 28.185172 ], [ 112.9938684, 28.1851982 ], [ 112.9938773, 28.185169 ], [ 112.993921, 28.1851823 ], [ 112.9939124, 28.1852106 ], [ 112.9940247, 28.1852449 ], [ 112.994062, 28.1851225 ] ] ] } },
{ "type": "Feature", "properties": { "sample_id": 50, "osm_index": 2158, "osm_id": "492207789", "overture_id": "6f70e5fb-02d5-4913-9ef8-65b78bd4b6a1", "matched": true, "overture_release": "2026-07-22.0", "osm_source": "data/processed/buildings_changsha_urban_core_solar_baseline.geojson", "provenance": "OSM footprint from buildings_changsha_urban_core_solar_baseline.geojson; Overture Maps buildings release 2026-07-22.0", "role": "overture" }, "geometry": { "type": "Polygon", "coordinates": [ [ [ 112.994062, 28.1851225 ], [ 112.9940247, 28.1852449 ], [ 112.9939124, 28.1852106 ], [ 112.993921, 28.1851823 ], [ 112.9938773, 28.185169 ], [ 112.9938684, 28.1851982 ], [ 112.9937827, 28.185172 ], [ 112.993792, 28.1851416 ], [ 112.9937531, 28.1851298 ], [ 112.993742, 28.1851664 ], [ 112.993658, 28.1851408 ], [ 112.9936685, 28.1851065 ], [ 112.9936398, 28.1850977 ], [ 112.9936688, 28.1850026 ], [ 112.994062, 28.1851225 ] ] ] } },
{ "type": "Feature", "properties": { "sample_id": 51, "osm_index": 3133, "osm_id": "551523076", "overture_id": "86492a81-9404-4fe7-a1ee-a86d5ed74100", "matched": true, "overture_release": "2026-07-22.0", "osm_source": "data/processed/buildings_changsha_urban_core_solar_baseline.geojson", "provenance": "OSM footprint from buildings_changsha_urban_core_solar_baseline.geojson; Overture Maps buildings release 2026-07-22.0", "role": "osm" }, "geometry": { "type": "Polygon", "coordinates": [ [ [ 112.9877766, 28.1857658 ], [ 112.9877289, 28.1857653 ], [ 112.9877287, 28.1857806 ], [ 112.9876723, 28.18578 ], [ 112.9876726, 28.1857647 ], [ 112.9876001, 28.1857639 ], [ 112.9875999, 28.1857816 ], [ 112.9875449, 28.1857811 ], [ 112.9875451, 28.1857633 ], [ 112.987471400000018, 28.1857625 ], [ 112.9874712, 28.1857806 ], [ 112.9874081, 28.1857799 ], [ 112.9874084, 28.1857619 ], [ 112.9873638, 28.1857614 ], [ 112.9873618, 28.1859054 ], [ 112.9877747, 28.1859098 ], [ 112.9877766, 28.1857658 ] ] ] } },
{ "type": "Feature", "properties": { "sample_id": 51, "osm_index": 3133, "osm_id": "551523076", "overture_id": "86492a81-9404-4fe7-a1ee-a86d5ed74100", "matched": true, "overture_release": "2026-07-22.0", "osm_source": "data/processed/buildings_changsha_urban_core_solar_baseline.geojson", "provenance": "OSM footprint from buildings_changsha_urban_core_solar_baseline.geojson; Overture Maps buildings release 2026-07-22.0", "role": "overture" }, "geometry": { "type": "Polygon", "coordinates": [ [ [ 112.9877766, 28.1857658 ], [ 112.9877747, 28.1859098 ], [ 112.9873618, 28.1859054 ], [ 112.9873638, 28.1857614 ], [ 112.9874084, 28.1857619 ], [ 112.9874081, 28.1857799 ], [ 112.9874712, 28.1857806 ], [ 112.987471400000018, 28.1857625 ], [ 112.9875451, 28.1857633 ], [ 112.9875449, 28.1857811 ], [ 112.9875999, 28.1857816 ], [ 112.9876001, 28.1857639 ], [ 112.9876726, 28.1857647 ], [ 112.9876723, 28.18578 ], [ 112.9877287, 28.1857806 ], [ 112.9877289, 28.1857653 ], [ 112.9877766, 28.1857658 ] ] ] } },
{ "type": "Feature", "properties": { "sample_id": 52, "osm_index": 11583, "osm_id": "654210279", "overture_id": "2ac409ea-8e1a-4c6e-8591-84cc26711436", "matched": true, "overture_release": "2026-07-22.0", "osm_source": "data/processed/buildings_changsha_urban_core_solar_baseline.geojson", "provenance": "OSM footprint from buildings_changsha_urban_core_solar_baseline.geojson; Overture Maps buildings release 2026-07-22.0", "role": "osm" }, "geometry": { "type": "Polygon", "coordinates": [ [ [ 112.9419982, 28.2174758 ], [ 112.9421478, 28.2173757 ], [ 112.9423181, 28.2174758 ], [ 112.9424265, 28.217403 ], [ 112.9422097, 28.2172621 ], [ 112.9420704, 28.2172712 ], [ 112.9418743, 28.2173848 ], [ 112.9419982, 28.2174758 ] ] ] } },
{ "type": "Feature", "properties": { "sample_id": 52, "osm_index": 11583, "osm_id": "654210279", "overture_id": "2ac409ea-8e1a-4c6e-8591-84cc26711436", "matched": true, "overture_release": "2026-07-22.0", "osm_source": "data/processed/buildings_changsha_urban_core_solar_baseline.geojson", "provenance": "OSM footprint from buildings_changsha_urban_core_solar_baseline.geojson; Overture Maps buildings release 2026-07-22.0", "role": "overture" }, "geometry": { "type": "Polygon", "coordinates": [ [ [ 112.9419982, 28.2174758 ], [ 112.9418743, 28.2173848 ], [ 112.9420704, 28.2172712 ], [ 112.9422097, 28.2172621 ], [ 112.9424265, 28.217403 ], [ 112.9423181, 28.2174758 ], [ 112.9421478, 28.2173757 ], [ 112.9419982, 28.2174758 ] ] ] } },
{ "type": "Feature", "properties": { "sample_id": 53, "osm_index": 9887, "osm_id": "649862738", "overture_id": "e2290cd6-fbc3-4787-b9e3-129451d74ee7", "matched": true, "overture_release": "2026-07-22.0", "osm_source": "data/processed/buildings_changsha_urban_core_solar_baseline.geojson", "provenance": "OSM footprint from buildings_changsha_urban_core_solar_baseline.geojson; Overture Maps buildings release 2026-07-22.0", "role": "osm" }, "geometry": { "type": "Polygon", "coordinates": [ [ [ 112.9917664, 28.1805647 ], [ 112.9921824, 28.1805701 ], [ 112.9921855, 28.1804425 ], [ 112.9917726, 28.1804343 ], [ 112.9917664, 28.1805647 ] ] ] } },
{ "type": "Feature", "properties": { "sample_id": 53, "osm_index": 9887, "osm_id": "649862738", "overture_id": "e2290cd6-fbc3-4787-b9e3-129451d74ee7", "matched": true, "overture_release": "2026-07-22.0", "osm_source": "data/processed/buildings_changsha_urban_core_solar_baseline.geojson", "provenance": "OSM footprint from buildings_changsha_urban_core_solar_baseline.geojson; Overture Maps buildings release 2026-07-22.0", "role": "overture" }, "geometry": { "type": "Polygon", "coordinates": [ [ [ 112.9917664, 28.1805647 ], [ 112.9917726, 28.1804343 ], [ 112.9921855, 28.1804425 ], [ 112.9921824, 28.1805701 ], [ 112.9917664, 28.1805647 ] ] ] } },
{ "type": "Feature", "properties": { "sample_id": 54, "osm_index": 14259, "osm_id": "757767581", "overture_id": "aa8607a3-543b-4888-b2ea-671fd7521019", "matched": true, "overture_release": "2026-07-22.0", "osm_source": "data/processed/buildings_changsha_urban_core_solar_baseline.geojson", "provenance": "OSM footprint from buildings_changsha_urban_core_solar_baseline.geojson; Overture Maps buildings release 2026-07-22.0", "role": "osm" }, "geometry": { "type": "Polygon", "coordinates": [ [ [ 112.9243991, 28.2131641 ], [ 112.9248033, 28.2129797 ], [ 112.9246559, 28.2129084 ], [ 112.9242992, 28.2130593 ], [ 112.9243991, 28.2131641 ] ] ] } },
{ "type": "Feature", "properties": { "sample_id": 54, "osm_index": 14259, "osm_id": "757767581", "overture_id": "aa8607a3-543b-4888-b2ea-671fd7521019", "matched": true, "overture_release": "2026-07-22.0", "osm_source": "data/processed/buildings_changsha_urban_core_solar_baseline.geojson", "provenance": "OSM footprint from buildings_changsha_urban_core_solar_baseline.geojson; Overture Maps buildings release 2026-07-22.0", "role": "overture" }, "geometry": { "type": "Polygon", "coordinates": [ [ [ 112.9243991, 28.2131641 ], [ 112.9242992, 28.2130593 ], [ 112.9246559, 28.2129084 ], [ 112.9248033, 28.2129797 ], [ 112.9243991, 28.2131641 ] ] ] } },
{ "type": "Feature", "properties": { "sample_id": 55, "osm_index": 3575, "osm_id": "552943388", "overture_id": "a6295b3e-9ecd-44ba-a78b-19a5bc70c60b", "matched": true, "overture_release": "2026-07-22.0", "osm_source": "data/processed/buildings_changsha_urban_core_solar_baseline.geojson", "provenance": "OSM footprint from buildings_changsha_urban_core_solar_baseline.geojson; Overture Maps buildings release 2026-07-22.0", "role": "osm" }, "geometry": { "type": "Polygon", "coordinates": [ [ [ 113.0067752, 28.1902909 ], [ 113.00672830000002, 28.1903323 ], [ 113.0067444, 28.190408 ], [ 113.006794, 28.1906373 ], [ 113.0068074, 28.1906999 ], [ 113.0068222, 28.1907803 ], [ 113.006916, 28.1907779 ], [ 113.006916, 28.1902909 ], [ 113.0067752, 28.1902909 ] ] ] } },
{ "type": "Feature", "properties": { "sample_id": 55, "osm_index": 3575, "osm_id": "552943388", "overture_id": "a6295b3e-9ecd-44ba-a78b-19a5bc70c60b", "matched": true, "overture_release": "2026-07-22.0", "osm_source": "data/processed/buildings_changsha_urban_core_solar_baseline.geojson", "provenance": "OSM footprint from buildings_changsha_urban_core_solar_baseline.geojson; Overture Maps buildings release 2026-07-22.0", "role": "overture" }, "geometry": { "type": "Polygon", "coordinates": [ [ [ 113.0067752, 28.1902909 ], [ 113.006916, 28.1902909 ], [ 113.006916, 28.1907779 ], [ 113.0068222, 28.1907803 ], [ 113.0068074, 28.1906999 ], [ 113.006794, 28.1906373 ], [ 113.0067444, 28.190408 ], [ 113.00672830000002, 28.1903323 ], [ 113.0067752, 28.1902909 ] ] ] } },
{ "type": "Feature", "properties": { "sample_id": 56, "osm_index": 1558, "osm_id": "478973407", "overture_id": "55461878-42c6-43bc-9c61-265bb4e11fea", "matched": true, "overture_release": "2026-07-22.0", "osm_source": "data/processed/buildings_changsha_urban_core_solar_baseline.geojson", "provenance": "OSM footprint from buildings_changsha_urban_core_solar_baseline.geojson; Overture Maps buildings release 2026-07-22.0", "role": "osm" }, "geometry": { "type": "Polygon", "coordinates": [ [ [ 112.9392308, 28.1399965 ], [ 112.9392281, 28.1398931 ], [ 112.9386192, 28.1399056 ], [ 112.938621900000015, 28.140009 ], [ 112.9392308, 28.1399965 ] ] ] } },
{ "type": "Feature", "properties": { "sample_id": 56, "osm_index": 1558, "osm_id": "478973407", "overture_id": "55461878-42c6-43bc-9c61-265bb4e11fea", "matched": true, "overture_release": "2026-07-22.0", "osm_source": "data/processed/buildings_changsha_urban_core_solar_baseline.geojson", "provenance": "OSM footprint from buildings_changsha_urban_core_solar_baseline.geojson; Overture Maps buildings release 2026-07-22.0", "role": "overture" }, "geometry": { "type": "Polygon", "coordinates": [ [ [ 112.9392308, 28.1399965 ], [ 112.938621900000015, 28.140009 ], [ 112.9386192, 28.1399056 ], [ 112.9392281, 28.1398931 ], [ 112.9392308, 28.1399965 ] ] ] } },
{ "type": "Feature", "properties": { "sample_id": 57, "osm_index": 11016, "osm_id": "650443427", "overture_id": "41bce0ef-358e-47f1-849b-7af237b5828f", "matched": true, "overture_release": "2026-07-22.0", "osm_source": "data/processed/buildings_changsha_urban_core_solar_baseline.geojson", "provenance": "OSM footprint from buildings_changsha_urban_core_solar_baseline.geojson; Overture Maps buildings release 2026-07-22.0", "role": "osm" }, "geometry": { "type": "Polygon", "coordinates": [ [ [ 112.9497969, 28.2605388 ], [ 112.949798, 28.2604284 ], [ 112.9497347, 28.2604279 ], [ 112.9497358, 28.2603195 ], [ 112.9495536, 28.2603181 ], [ 112.9495526, 28.2604193 ], [ 112.949466, 28.2604187 ], [ 112.9494648, 28.2605363 ], [ 112.9497969, 28.2605388 ] ] ] } },
{ "type": "Feature", "properties": { "sample_id": 57, "osm_index": 11016, "osm_id": "650443427", "overture_id": "41bce0ef-358e-47f1-849b-7af237b5828f", "matched": true, "overture_release": "2026-07-22.0", "osm_source": "data/processed/buildings_changsha_urban_core_solar_baseline.geojson", "provenance": "OSM footprint from buildings_changsha_urban_core_solar_baseline.geojson; Overture Maps buildings release 2026-07-22.0", "role": "overture" }, "geometry": { "type": "Polygon", "coordinates": [ [ [ 112.9497969, 28.2605388 ], [ 112.9494648, 28.2605363 ], [ 112.949466, 28.2604187 ], [ 112.9495526, 28.2604193 ], [ 112.9495536, 28.2603181 ], [ 112.9497358, 28.2603195 ], [ 112.9497347, 28.2604279 ], [ 112.949798, 28.2604284 ], [ 112.9497969, 28.2605388 ] ] ] } },
{ "type": "Feature", "properties": { "sample_id": 58, "osm_index": 1069, "osm_id": "403840094", "overture_id": "f87d36c9-07e6-4a4a-a53f-5caf9d7060de", "matched": true, "overture_release": "2026-07-22.0", "osm_source": "data/processed/buildings_changsha_urban_core_solar_baseline.geojson", "provenance": "OSM footprint from buildings_changsha_urban_core_solar_baseline.geojson; Overture Maps buildings release 2026-07-22.0", "role": "osm" }, "geometry": { "type": "Polygon", "coordinates": [ [ [ 113.027971, 28.2096929 ], [ 113.0285275, 28.2096693 ], [ 113.028520900000018, 28.2095476 ], [ 113.0279643, 28.2095712 ], [ 113.027971, 28.2096929 ] ] ] } },
{ "type": "Feature", "properties": { "sample_id": 58, "osm_index": 1069, "osm_id": "403840094", "overture_id": "f87d36c9-07e6-4a4a-a53f-5caf9d7060de", "matched": true, "overture_release": "2026-07-22.0", "osm_source": "data/processed/buildings_changsha_urban_core_solar_baseline.geojson", "provenance": "OSM footprint from buildings_changsha_urban_core_solar_baseline.geojson; Overture Maps buildings release 2026-07-22.0", "role": "overture" }, "geometry": { "type": "Polygon", "coordinates": [ [ [ 113.027971, 28.2096929 ], [ 113.0279643, 28.2095712 ], [ 113.028520900000018, 28.2095476 ], [ 113.0285275, 28.2096693 ], [ 113.027971, 28.2096929 ] ] ] } },
{ "type": "Feature", "properties": { "sample_id": 59, "osm_index": 17690, "osm_id": "1346840164", "overture_id": "f3f795f5-2bd3-4404-ae50-bd909f90f0b4", "matched": true, "overture_release": "2026-07-22.0", "osm_source": "data/processed/buildings_changsha_urban_core_solar_baseline.geojson", "provenance": "OSM footprint from buildings_changsha_urban_core_solar_baseline.geojson; Overture Maps buildings release 2026-07-22.0", "role": "osm" }, "geometry": { "type": "Polygon", "coordinates": [ [ [ 112.984068500000021, 28.1337252 ], [ 112.9840684, 28.1335877 ], [ 112.983581, 28.1335831 ], [ 112.9835748, 28.1337236 ], [ 112.984068500000021, 28.1337252 ] ] ] } },
{ "type": "Feature", "properties": { "sample_id": 59, "osm_index": 17690, "osm_id": "1346840164", "overture_id": "f3f795f5-2bd3-4404-ae50-bd909f90f0b4", "matched": true, "overture_release": "2026-07-22.0", "osm_source": "data/processed/buildings_changsha_urban_core_solar_baseline.geojson", "provenance": "OSM footprint from buildings_changsha_urban_core_solar_baseline.geojson; Overture Maps buildings release 2026-07-22.0", "role": "overture" }, "geometry": { "type": "Polygon", "coordinates": [ [ [ 112.984068500000021, 28.1337252 ], [ 112.9835748, 28.1337236 ], [ 112.983581, 28.1335831 ], [ 112.9840684, 28.1335877 ], [ 112.984068500000021, 28.1337252 ] ] ] } },
{ "type": "Feature", "properties": { "sample_id": 60, "osm_index": 4829, "osm_id": "646745389", "overture_id": "6ff20c6c-d18d-492c-a440-8502e5ea7a11", "matched": true, "overture_release": "2026-07-22.0", "osm_source": "data/processed/buildings_changsha_urban_core_solar_baseline.geojson", "provenance": "OSM footprint from buildings_changsha_urban_core_solar_baseline.geojson; Overture Maps buildings release 2026-07-22.0", "role": "osm" }, "geometry": { "type": "Polygon", "coordinates": [ [ [ 112.9907938, 28.1429954 ], [ 112.9909, 28.1430048 ], [ 112.990917700000011, 28.1427426 ], [ 112.990917700000011, 28.142674 ], [ 112.9903125, 28.1426396 ], [ 112.9902948, 28.142727 ], [ 112.9907974, 28.1427614 ], [ 112.9907938, 28.1429954 ] ] ] } },
{ "type": "Feature", "properties": { "sample_id": 60, "osm_index": 4829, "osm_id": "646745389", "overture_id": "6ff20c6c-d18d-492c-a440-8502e5ea7a11", "matched": true, "overture_release": "2026-07-22.0", "osm_source": "data/processed/buildings_changsha_urban_core_solar_baseline.geojson", "provenance": "OSM footprint from buildings_changsha_urban_core_solar_baseline.geojson; Overture Maps buildings release 2026-07-22.0", "role": "overture" }, "geometry": { "type": "Polygon", "coordinates": [ [ [ 112.9907927, 28.1430029 ], [ 112.9907968, 28.1427567 ], [ 112.9902877, 28.1427501 ], [ 112.9902897, 28.1426294 ], [ 112.9903773, 28.1426305 ], [ 112.990377, 28.1426503 ], [ 112.9906886, 28.1426545 ], [ 112.9906883, 28.1426732 ], [ 112.9908466, 28.1426754 ], [ 112.9908789, 28.1426931 ], [ 112.9908858, 28.1427124 ], [ 112.9908852, 28.1427489 ], [ 112.990903, 28.1427491 ], [ 112.990898800000011, 28.1430043 ], [ 112.9907927, 28.1430029 ] ] ] } },
{ "type": "Feature", "properties": { "sample_id": 61, "osm_index": 4602, "osm_id": "646720353", "overture_id": "f38b288a-9637-4c7a-aa05-2754741e149a", "matched": true, "overture_release": "2026-07-22.0", "osm_source": "data/processed/buildings_changsha_urban_core_solar_baseline.geojson", "provenance": "OSM footprint from buildings_changsha_urban_core_solar_baseline.geojson; Overture Maps buildings release 2026-07-22.0", "role": "osm" }, "geometry": { "type": "Polygon", "coordinates": [ [ [ 113.0080861, 28.2323384 ], [ 113.0086796, 28.2320375 ], [ 113.008586100000016, 28.231905 ], [ 113.0080007, 28.232213 ], [ 113.0080861, 28.2323384 ] ] ] } },
{ "type": "Feature", "properties": { "sample_id": 61, "osm_index": 4602, "osm_id": "646720353", "overture_id": "f38b288a-9637-4c7a-aa05-2754741e149a", "matched": true, "overture_release": "2026-07-22.0", "osm_source": "data/processed/buildings_changsha_urban_core_solar_baseline.geojson", "provenance": "OSM footprint from buildings_changsha_urban_core_solar_baseline.geojson; Overture Maps buildings release 2026-07-22.0", "role": "overture" }, "geometry": { "type": "Polygon", "coordinates": [ [ [ 113.0080861, 28.2323384 ], [ 113.0080007, 28.232213 ], [ 113.008586100000016, 28.231905 ], [ 113.0086796, 28.2320375 ], [ 113.0080861, 28.2323384 ] ] ] } },
{ "type": "Feature", "properties": { "sample_id": 62, "osm_index": 15262, "osm_id": "836944671", "overture_id": "abc1bcd7-f6b1-4abb-8e9d-9a305b27b8f3", "matched": true, "overture_release": "2026-07-22.0", "osm_source": "data/processed/buildings_changsha_urban_core_solar_baseline.geojson", "provenance": "OSM footprint from buildings_changsha_urban_core_solar_baseline.geojson; Overture Maps buildings release 2026-07-22.0", "role": "osm" }, "geometry": { "type": "Polygon", "coordinates": [ [ [ 113.0396782, 28.1741899 ], [ 113.0396734, 28.1740654 ], [ 113.039005700000018, 28.1740856 ], [ 113.0390105, 28.1742099 ], [ 113.0396782, 28.1741899 ] ] ] } },
{ "type": "Feature", "properties": { "sample_id": 62, "osm_index": 15262, "osm_id": "836944671", "overture_id": "abc1bcd7-f6b1-4abb-8e9d-9a305b27b8f3", "matched": true, "overture_release": "2026-07-22.0", "osm_source": "data/processed/buildings_changsha_urban_core_solar_baseline.geojson", "provenance": "OSM footprint from buildings_changsha_urban_core_solar_baseline.geojson; Overture Maps buildings release 2026-07-22.0", "role": "overture" }, "geometry": { "type": "Polygon", "coordinates": [ [ [ 113.0396782, 28.1741899 ], [ 113.0390105, 28.1742099 ], [ 113.039005700000018, 28.1740856 ], [ 113.0396734, 28.1740654 ], [ 113.0396782, 28.1741899 ] ] ] } },
{ "type": "Feature", "properties": { "sample_id": 63, "osm_index": 10404, "osm_id": "649914943", "overture_id": "4ab2a44e-938b-402b-bdd3-ce4255aa37cc", "matched": true, "overture_release": "2026-07-22.0", "osm_source": "data/processed/buildings_changsha_urban_core_solar_baseline.geojson", "provenance": "OSM footprint from buildings_changsha_urban_core_solar_baseline.geojson; Overture Maps buildings release 2026-07-22.0", "role": "osm" }, "geometry": { "type": "Polygon", "coordinates": [ [ [ 112.9881547, 28.113666 ], [ 112.988137, 28.1135474 ], [ 112.9874539, 28.1136348 ], [ 112.9874716, 28.1137472 ], [ 112.9881547, 28.113666 ] ] ] } },
{ "type": "Feature", "properties": { "sample_id": 63, "osm_index": 10404, "osm_id": "649914943", "overture_id": "4ab2a44e-938b-402b-bdd3-ce4255aa37cc", "matched": true, "overture_release": "2026-07-22.0", "osm_source": "data/processed/buildings_changsha_urban_core_solar_baseline.geojson", "provenance": "OSM footprint from buildings_changsha_urban_core_solar_baseline.geojson; Overture Maps buildings release 2026-07-22.0", "role": "overture" }, "geometry": { "type": "Polygon", "coordinates": [ [ [ 112.9881547, 28.113666 ], [ 112.9874716, 28.1137472 ], [ 112.9874539, 28.1136348 ], [ 112.988137, 28.1135474 ], [ 112.9881547, 28.113666 ] ] ] } },
{ "type": "Feature", "properties": { "sample_id": 64, "osm_index": 18844, "osm_id": "1491909374", "overture_id": "1d59fada-eaeb-4560-bc56-41aa092cd33a", "matched": true, "overture_release": "2026-07-22.0", "osm_source": "data/processed/buildings_changsha_urban_core_solar_baseline.geojson", "provenance": "OSM footprint from buildings_changsha_urban_core_solar_baseline.geojson; Overture Maps buildings release 2026-07-22.0", "role": "osm" }, "geometry": { "type": "Polygon", "coordinates": [ [ [ 112.9160581, 28.2820663 ], [ 112.9160585, 28.2819661 ], [ 112.9160038, 28.2819659 ], [ 112.9160043, 28.2818505 ], [ 112.9158578, 28.28185 ], [ 112.9158573, 28.2819679 ], [ 112.9156776, 28.2819673 ], [ 112.9156781, 28.2818597 ], [ 112.915537, 28.2818593 ], [ 112.9155366, 28.2819715 ], [ 112.9154601, 28.2819713 ], [ 112.9154597, 28.2820645 ], [ 112.9160581, 28.2820663 ] ] ] } },
{ "type": "Feature", "properties": { "sample_id": 64, "osm_index": 18844, "osm_id": "1491909374", "overture_id": "1d59fada-eaeb-4560-bc56-41aa092cd33a", "matched": true, "overture_release": "2026-07-22.0", "osm_source": "data/processed/buildings_changsha_urban_core_solar_baseline.geojson", "provenance": "OSM footprint from buildings_changsha_urban_core_solar_baseline.geojson; Overture Maps buildings release 2026-07-22.0", "role": "overture" }, "geometry": { "type": "Polygon", "coordinates": [ [ [ 112.9160581, 28.2820663 ], [ 112.9154597, 28.2820645 ], [ 112.9154601, 28.2819713 ], [ 112.9155366, 28.2819715 ], [ 112.915537, 28.2818593 ], [ 112.9156781, 28.2818597 ], [ 112.9156776, 28.2819673 ], [ 112.9158573, 28.2819679 ], [ 112.9158578, 28.28185 ], [ 112.9160043, 28.2818505 ], [ 112.9160038, 28.2819659 ], [ 112.9160585, 28.2819661 ], [ 112.9160581, 28.2820663 ] ] ] } },
{ "type": "Feature", "properties": { "sample_id": 65, "osm_index": 9591, "osm_id": "649825924", "overture_id": "395671da-f1be-4d6a-80ab-c3224c37c7c0", "matched": true, "overture_release": "2026-07-22.0", "osm_source": "data/processed/buildings_changsha_urban_core_solar_baseline.geojson", "provenance": "OSM footprint from buildings_changsha_urban_core_solar_baseline.geojson; Overture Maps buildings release 2026-07-22.0", "role": "osm" }, "geometry": { "type": "Polygon", "coordinates": [ [ [ 113.0012073, 28.1964296 ], [ 113.0012154, 28.1961214 ], [ 113.0008333, 28.1961214 ], [ 113.000817, 28.1964331 ], [ 113.0012073, 28.1964296 ] ] ] } },
{ "type": "Feature", "properties": { "sample_id": 65, "osm_index": 9591, "osm_id": "649825924", "overture_id": "395671da-f1be-4d6a-80ab-c3224c37c7c0", "matched": true, "overture_release": "2026-07-22.0", "osm_source": "data/processed/buildings_changsha_urban_core_solar_baseline.geojson", "provenance": "OSM footprint from buildings_changsha_urban_core_solar_baseline.geojson; Overture Maps buildings release 2026-07-22.0", "role": "overture" }, "geometry": { "type": "Polygon", "coordinates": [ [ [ 113.0012073, 28.1964296 ], [ 113.000817, 28.1964331 ], [ 113.0008333, 28.1961214 ], [ 113.0012154, 28.1961214 ], [ 113.0012073, 28.1964296 ] ] ] } },
{ "type": "Feature", "properties": { "sample_id": 66, "osm_index": 8316, "osm_id": "649437780", "overture_id": "dde7d87d-1313-43c8-ac54-41484d718a15", "matched": true, "overture_release": "2026-07-22.0", "osm_source": "data/processed/buildings_changsha_urban_core_solar_baseline.geojson", "provenance": "OSM footprint from buildings_changsha_urban_core_solar_baseline.geojson; Overture Maps buildings release 2026-07-22.0", "role": "osm" }, "geometry": { "type": "Polygon", "coordinates": [ [ [ 113.0106306, 28.1983653 ], [ 113.0113136, 28.1983367 ], [ 113.011305400000012, 28.1982256 ], [ 113.0106265, 28.1982435 ], [ 113.0106306, 28.1983653 ] ] ] } },
{ "type": "Feature", "properties": { "sample_id": 66, "osm_index": 8316, "osm_id": "649437780", "overture_id": "dde7d87d-1313-43c8-ac54-41484d718a15", "matched": true, "overture_release": "2026-07-22.0", "osm_source": "data/processed/buildings_changsha_urban_core_solar_baseline.geojson", "provenance": "OSM footprint from buildings_changsha_urban_core_solar_baseline.geojson; Overture Maps buildings release 2026-07-22.0", "role": "overture" }, "geometry": { "type": "Polygon", "coordinates": [ [ [ 113.0106306, 28.1983653 ], [ 113.0106265, 28.1982435 ], [ 113.011305400000012, 28.1982256 ], [ 113.0113136, 28.1983367 ], [ 113.0106306, 28.1983653 ] ] ] } },
{ "type": "Feature", "properties": { "sample_id": 67, "osm_index": 5586, "osm_id": "647565122", "overture_id": "227147aa-dcb8-4b52-922d-fbcf0be3430a", "matched": true, "overture_release": "2026-07-22.0", "osm_source": "data/processed/buildings_changsha_urban_core_solar_baseline.geojson", "provenance": "OSM footprint from buildings_changsha_urban_core_solar_baseline.geojson; Overture Maps buildings release 2026-07-22.0", "role": "osm" }, "geometry": { "type": "Polygon", "coordinates": [ [ [ 112.9608551, 28.1623117 ], [ 112.9605401, 28.1620613 ], [ 112.9603628, 28.1622328 ], [ 112.9606813, 28.1624892 ], [ 112.9608551, 28.1623117 ] ] ] } },
{ "type": "Feature", "properties": { "sample_id": 67, "osm_index": 5586, "osm_id": "647565122", "overture_id": "227147aa-dcb8-4b52-922d-fbcf0be3430a", "matched": true, "overture_release": "2026-07-22.0", "osm_source": "data/processed/buildings_changsha_urban_core_solar_baseline.geojson", "provenance": "OSM footprint from buildings_changsha_urban_core_solar_baseline.geojson; Overture Maps buildings release 2026-07-22.0", "role": "overture" }, "geometry": { "type": "Polygon", "coordinates": [ [ [ 112.9608551, 28.1623117 ], [ 112.9606813, 28.1624892 ], [ 112.9603628, 28.1622328 ], [ 112.9605401, 28.1620613 ], [ 112.9608551, 28.1623117 ] ] ] } },
{ "type": "Feature", "properties": { "sample_id": 68, "osm_index": 5225, "osm_id": "646827058", "overture_id": "b48f293c-027a-4dd8-bd1e-5332793bc3db", "matched": true, "overture_release": "2026-07-22.0", "osm_source": "data/processed/buildings_changsha_urban_core_solar_baseline.geojson", "provenance": "OSM footprint from buildings_changsha_urban_core_solar_baseline.geojson; Overture Maps buildings release 2026-07-22.0", "role": "osm" }, "geometry": { "type": "Polygon", "coordinates": [ [ [ 113.0383377, 28.1221035 ], [ 113.0386261, 28.122233 ], [ 113.0386491, 28.1222346 ], [ 113.038725200000016, 28.1220863 ], [ 113.0383412, 28.1219209 ], [ 113.0383235, 28.1219505 ], [ 113.0381908, 28.1219162 ], [ 113.0381678, 28.1220754 ], [ 113.0383377, 28.1221035 ] ] ] } },
{ "type": "Feature", "properties": { "sample_id": 68, "osm_index": 5225, "osm_id": "646827058", "overture_id": "b48f293c-027a-4dd8-bd1e-5332793bc3db", "matched": true, "overture_release": "2026-07-22.0", "osm_source": "data/processed/buildings_changsha_urban_core_solar_baseline.geojson", "provenance": "OSM footprint from buildings_changsha_urban_core_solar_baseline.geojson; Overture Maps buildings release 2026-07-22.0", "role": "overture" }, "geometry": { "type": "Polygon", "coordinates": [ [ [ 113.0383377, 28.1221035 ], [ 113.0381678, 28.1220754 ], [ 113.0381908, 28.1219162 ], [ 113.0383235, 28.1219505 ], [ 113.0383412, 28.1219209 ], [ 113.038725200000016, 28.1220863 ], [ 113.0386491, 28.1222346 ], [ 113.0386261, 28.122233 ], [ 113.0383377, 28.1221035 ] ] ] } },
{ "type": "Feature", "properties": { "sample_id": 69, "osm_index": 14295, "osm_id": "778997008", "overture_id": "70e9e436-b949-4d4a-bbf7-2985067b48e4", "matched": true, "overture_release": "2026-07-22.0", "osm_source": "data/processed/buildings_changsha_urban_core_solar_baseline.geojson", "provenance": "OSM footprint from buildings_changsha_urban_core_solar_baseline.geojson; Overture Maps buildings release 2026-07-22.0", "role": "osm" }, "geometry": { "type": "Polygon", "coordinates": [ [ [ 112.97470610000002, 28.2005932 ], [ 112.9746954, 28.2004183 ], [ 112.9741046, 28.2004464 ], [ 112.9741153, 28.2006214 ], [ 112.97470610000002, 28.2005932 ] ] ] } },
{ "type": "Feature", "properties": { "sample_id": 69, "osm_index": 14295, "osm_id": "778997008", "overture_id": "70e9e436-b949-4d4a-bbf7-2985067b48e4", "matched": true, "overture_release": "2026-07-22.0", "osm_source": "data/processed/buildings_changsha_urban_core_solar_baseline.geojson", "provenance": "OSM footprint from buildings_changsha_urban_core_solar_baseline.geojson; Overture Maps buildings release 2026-07-22.0", "role": "overture" }, "geometry": { "type": "Polygon", "coordinates": [ [ [ 112.97470610000002, 28.2005932 ], [ 112.9741153, 28.2006214 ], [ 112.9741046, 28.2004464 ], [ 112.9746954, 28.2004183 ], [ 112.97470610000002, 28.2005932 ] ] ] } },
{ "type": "Feature", "properties": { "sample_id": 70, "osm_index": 18089, "osm_id": "1485330044", "overture_id": "230c9303-42ff-4066-a1fd-efd8a8ce8529", "matched": true, "overture_release": "2026-07-22.0", "osm_source": "data/processed/buildings_changsha_urban_core_solar_baseline.geojson", "provenance": "OSM footprint from buildings_changsha_urban_core_solar_baseline.geojson; Overture Maps buildings release 2026-07-22.0", "role": "osm" }, "geometry": { "type": "Polygon", "coordinates": [ [ [ 112.914657700000021, 28.171976 ], [ 112.9138678, 28.1719646 ], [ 112.9138658, 28.1720723 ], [ 112.9146557, 28.1720835 ], [ 112.914657700000021, 28.171976 ] ] ] } },
{ "type": "Feature", "properties": { "sample_id": 70, "osm_index": 18089, "osm_id": "1485330044", "overture_id": "230c9303-42ff-4066-a1fd-efd8a8ce8529", "matched": true, "overture_release": "2026-07-22.0", "osm_source": "data/processed/buildings_changsha_urban_core_solar_baseline.geojson", "provenance": "OSM footprint from buildings_changsha_urban_core_solar_baseline.geojson; Overture Maps buildings release 2026-07-22.0", "role": "overture" }, "geometry": { "type": "Polygon", "coordinates": [ [ [ 112.914657700000021, 28.171976 ], [ 112.9146557, 28.1720835 ], [ 112.9138658, 28.1720723 ], [ 112.9138678, 28.1719646 ], [ 112.914657700000021, 28.171976 ] ] ] } },
{ "type": "Feature", "properties": { "sample_id": 71, "osm_index": 763, "osm_id": "403797262", "overture_id": "5975f37e-1b49-4023-a445-224d2051760e", "matched": true, "overture_release": "2026-07-22.0", "osm_source": "data/processed/buildings_changsha_urban_core_solar_baseline.geojson", "provenance": "OSM footprint from buildings_changsha_urban_core_solar_baseline.geojson; Overture Maps buildings release 2026-07-22.0", "role": "osm" }, "geometry": { "type": "Polygon", "coordinates": [ [ [ 113.016386900000015, 28.1735828 ], [ 113.0163844, 28.1734591 ], [ 113.0157112, 28.1734698 ], [ 113.0157137, 28.1735935 ], [ 113.016386900000015, 28.1735828 ] ] ] } },
{ "type": "Feature", "properties": { "sample_id": 71, "osm_index": 763, "osm_id": "403797262", "overture_id": "5975f37e-1b49-4023-a445-224d2051760e", "matched": true, "overture_release": "2026-07-22.0", "osm_source": "data/processed/buildings_changsha_urban_core_solar_baseline.geojson", "provenance": "OSM footprint from buildings_changsha_urban_core_solar_baseline.geojson; Overture Maps buildings release 2026-07-22.0", "role": "overture" }, "geometry": { "type": "Polygon", "coordinates": [ [ [ 113.016386900000015, 28.1735828 ], [ 113.0157137, 28.1735935 ], [ 113.0157112, 28.1734698 ], [ 113.0163844, 28.1734591 ], [ 113.016386900000015, 28.1735828 ] ] ] } },
{ "type": "Feature", "properties": { "sample_id": 72, "osm_index": 276, "osm_id": "286938671", "overture_id": "e32d5828-fbeb-41da-8565-f222713343d0", "matched": true, "overture_release": "2026-07-22.0", "osm_source": "data/processed/buildings_changsha_urban_core_solar_baseline.geojson", "provenance": "OSM footprint from buildings_changsha_urban_core_solar_baseline.geojson; Overture Maps buildings release 2026-07-22.0", "role": "osm" }, "geometry": { "type": "Polygon", "coordinates": [ [ [ 113.021923, 28.170436 ], [ 113.0219166, 28.1703173 ], [ 113.0211593, 28.1703491 ], [ 113.0211657, 28.1704677 ], [ 113.021923, 28.170436 ] ] ] } },
{ "type": "Feature", "properties": { "sample_id": 72, "osm_index": 276, "osm_id": "286938671", "overture_id": "e32d5828-fbeb-41da-8565-f222713343d0", "matched": true, "overture_release": "2026-07-22.0", "osm_source": "data/processed/buildings_changsha_urban_core_solar_baseline.geojson", "provenance": "OSM footprint from buildings_changsha_urban_core_solar_baseline.geojson; Overture Maps buildings release 2026-07-22.0", "role": "overture" }, "geometry": { "type": "Polygon", "coordinates": [ [ [ 113.021923, 28.170436 ], [ 113.0211657, 28.1704677 ], [ 113.0211593, 28.1703491 ], [ 113.0219166, 28.1703173 ], [ 113.021923, 28.170436 ] ] ] } },
{ "type": "Feature", "properties": { "sample_id": 73, "osm_index": 2595, "osm_id": "542953931", "overture_id": "a0855423-e123-4ee2-909e-4851d5f9ed42", "matched": true, "overture_release": "2026-07-22.0", "osm_source": "data/processed/buildings_changsha_urban_core_solar_baseline.geojson", "provenance": "OSM footprint from buildings_changsha_urban_core_solar_baseline.geojson; Overture Maps buildings release 2026-07-22.0", "role": "osm" }, "geometry": { "type": "Polygon", "coordinates": [ [ [ 113.0020409, 28.1954797 ], [ 113.0020413, 28.1954991 ], [ 113.0020721, 28.1954986 ], [ 113.0020718, 28.1954825 ], [ 113.002098, 28.1954821 ], [ 113.0020983, 28.1954973 ], [ 113.0021305, 28.1954968 ], [ 113.0021302, 28.1954827 ], [ 113.0021811, 28.1954819 ], [ 113.0021815, 28.1955008 ], [ 113.0022056, 28.1955004 ], [ 113.0022052, 28.1954813 ], [ 113.0022321, 28.1954809 ], [ 113.0022324, 28.1954961 ], [ 113.0022633, 28.1954956 ], [ 113.002262900000019, 28.195478 ], [ 113.0023125, 28.1954771 ], [ 113.0023129, 28.195499 ], [ 113.0023351, 28.1954986 ], [ 113.0023346, 28.1954778 ], [ 113.0023641, 28.1954773 ], [ 113.0023646, 28.1954998 ], [ 113.0024101, 28.195499 ], [ 113.0024097, 28.1954815 ], [ 113.0024487, 28.1954808 ], [ 113.002449, 28.1954954 ], [ 113.0024651, 28.1954951 ], [ 113.0024647, 28.195476 ], [ 113.0024962, 28.1954755 ], [ 113.0024967, 28.1954966 ], [ 113.0025181, 28.1954963 ], [ 113.0025177, 28.1954785 ], [ 113.0026311, 28.1954766 ], [ 113.0026314, 28.1954913 ], [ 113.0026542, 28.195491 ], [ 113.0026538, 28.1954724 ], [ 113.0026695, 28.1954721 ], [ 113.0026668, 28.1953468 ], [ 113.0020116, 28.1953577 ], [ 113.0020124, 28.1953753 ], [ 113.0020134, 28.1954584 ], [ 113.0020142, 28.1954801 ], [ 113.0020409, 28.1954797 ] ] ] } },
{ "type": "Feature", "properties": { "sample_id": 73, "osm_index": 2595, "osm_id": "542953931", "overture_id": "a0855423-e123-4ee2-909e-4851d5f9ed42", "matched": true, "overture_release": "2026-07-22.0", "osm_source": "data/processed/buildings_changsha_urban_core_solar_baseline.geojson", "provenance": "OSM footprint from buildings_changsha_urban_core_solar_baseline.geojson; Overture Maps buildings release 2026-07-22.0", "role": "overture" }, "geometry": { "type": "Polygon", "coordinates": [ [ [ 113.0020409, 28.1954797 ], [ 113.0020142, 28.1954801 ], [ 113.0020134, 28.1954584 ], [ 113.0020124, 28.1953753 ], [ 113.0020116, 28.1953577 ], [ 113.0026668, 28.1953468 ], [ 113.0026695, 28.1954721 ], [ 113.0026538, 28.1954724 ], [ 113.0026542, 28.195491 ], [ 113.0026314, 28.1954913 ], [ 113.0026311, 28.1954766 ], [ 113.0025177, 28.1954785 ], [ 113.0025181, 28.1954963 ], [ 113.0024967, 28.1954966 ], [ 113.0024962, 28.1954755 ], [ 113.0024647, 28.195476 ], [ 113.0024651, 28.1954951 ], [ 113.002449, 28.1954954 ], [ 113.0024487, 28.1954808 ], [ 113.0024097, 28.1954815 ], [ 113.0024101, 28.195499 ], [ 113.0023646, 28.1954998 ], [ 113.0023641, 28.1954773 ], [ 113.0023346, 28.1954778 ], [ 113.0023351, 28.1954986 ], [ 113.0023129, 28.195499 ], [ 113.0023125, 28.1954771 ], [ 113.002262900000019, 28.195478 ], [ 113.0022633, 28.1954956 ], [ 113.0022324, 28.1954961 ], [ 113.0022321, 28.1954809 ], [ 113.0022052, 28.1954813 ], [ 113.0022056, 28.1955004 ], [ 113.0021815, 28.1955008 ], [ 113.0021811, 28.1954819 ], [ 113.0021302, 28.1954827 ], [ 113.0021305, 28.1954968 ], [ 113.0020983, 28.1954973 ], [ 113.002098, 28.1954821 ], [ 113.0020718, 28.1954825 ], [ 113.0020721, 28.1954986 ], [ 113.0020413, 28.1954991 ], [ 113.0020409, 28.1954797 ] ] ] } },
{ "type": "Feature", "properties": { "sample_id": 74, "osm_index": 16051, "osm_id": "1026505216", "overture_id": "1b5dde03-618a-4110-9e28-a2c1697b6b02", "matched": true, "overture_release": "2026-07-22.0", "osm_source": "data/processed/buildings_changsha_urban_core_solar_baseline.geojson", "provenance": "OSM footprint from buildings_changsha_urban_core_solar_baseline.geojson; Overture Maps buildings release 2026-07-22.0", "role": "osm" }, "geometry": { "type": "Polygon", "coordinates": [ [ [ 112.9434094, 28.1518966 ], [ 112.942782, 28.1519082 ], [ 112.942785, 28.1520358 ], [ 112.9434125, 28.152024 ], [ 112.9434094, 28.1518966 ] ] ] } },
{ "type": "Feature", "properties": { "sample_id": 74, "osm_index": 16051, "osm_id": "1026505216", "overture_id": "1b5dde03-618a-4110-9e28-a2c1697b6b02", "matched": true, "overture_release": "2026-07-22.0", "osm_source": "data/processed/buildings_changsha_urban_core_solar_baseline.geojson", "provenance": "OSM footprint from buildings_changsha_urban_core_solar_baseline.geojson; Overture Maps buildings release 2026-07-22.0", "role": "overture" }, "geometry": { "type": "Polygon", "coordinates": [ [ [ 112.9434094, 28.1518966 ], [ 112.9434125, 28.152024 ], [ 112.942785, 28.1520358 ], [ 112.942782, 28.1519082 ], [ 112.9434094, 28.1518966 ] ] ] } },
{ "type": "Feature", "properties": { "sample_id": 75, "osm_index": 12837, "osm_id": "657217347", "overture_id": "4032cf73-d566-4b87-96da-e79cd47f45f5", "matched": true, "overture_release": "2026-07-22.0", "osm_source": "data/processed/buildings_changsha_urban_core_solar_baseline.geojson", "provenance": "OSM footprint from buildings_changsha_urban_core_solar_baseline.geojson; Overture Maps buildings release 2026-07-22.0", "role": "osm" }, "geometry": { "type": "Polygon", "coordinates": [ [ [ 112.9324726, 28.2157818 ], [ 112.9324617, 28.215685 ], [ 112.9315716, 28.215685 ], [ 112.9316046, 28.2157818 ], [ 112.9324726, 28.2157818 ] ] ] } },
{ "type": "Feature", "properties": { "sample_id": 75, "osm_index": 12837, "osm_id": "657217347", "overture_id": "4032cf73-d566-4b87-96da-e79cd47f45f5", "matched": true, "overture_release": "2026-07-22.0", "osm_source": "data/processed/buildings_changsha_urban_core_solar_baseline.geojson", "provenance": "OSM footprint from buildings_changsha_urban_core_solar_baseline.geojson; Overture Maps buildings release 2026-07-22.0", "role": "overture" }, "geometry": { "type": "Polygon", "coordinates": [ [ [ 112.9324726, 28.2157818 ], [ 112.9316046, 28.2157818 ], [ 112.9315716, 28.215685 ], [ 112.9324617, 28.215685 ], [ 112.9324726, 28.2157818 ] ] ] } },
{ "type": "Feature", "properties": { "sample_id": 76, "osm_index": 16673, "osm_id": "1076849420", "overture_id": "0092979d-a7e6-4348-9581-d2eee470c128", "matched": true, "overture_release": "2026-07-22.0", "osm_source": "data/processed/buildings_changsha_urban_core_solar_baseline.geojson", "provenance": "OSM footprint from buildings_changsha_urban_core_solar_baseline.geojson; Overture Maps buildings release 2026-07-22.0", "role": "osm" }, "geometry": { "type": "Polygon", "coordinates": [ [ [ 113.0343922, 28.12824 ], [ 113.0343933, 28.1280844 ], [ 113.033805700000016, 28.128081 ], [ 113.033804500000016, 28.1282367 ], [ 113.0343922, 28.12824 ] ] ] } },
{ "type": "Feature", "properties": { "sample_id": 76, "osm_index": 16673, "osm_id": "1076849420", "overture_id": "0092979d-a7e6-4348-9581-d2eee470c128", "matched": true, "overture_release": "2026-07-22.0", "osm_source": "data/processed/buildings_changsha_urban_core_solar_baseline.geojson", "provenance": "OSM footprint from buildings_changsha_urban_core_solar_baseline.geojson; Overture Maps buildings release 2026-07-22.0", "role": "overture" }, "geometry": { "type": "Polygon", "coordinates": [ [ [ 113.0343922, 28.12824 ], [ 113.033804500000016, 28.1282367 ], [ 113.033805700000016, 28.128081 ], [ 113.0343933, 28.1280844 ], [ 113.0343922, 28.12824 ] ] ] } },
{ "type": "Feature", "properties": { "sample_id": 77, "osm_index": 13861, "osm_id": "757015053", "overture_id": "bb30fccf-dae8-4865-89bc-35cd41155bab", "matched": true, "overture_release": "2026-07-22.0", "osm_source": "data/processed/buildings_changsha_urban_core_solar_baseline.geojson", "provenance": "OSM footprint from buildings_changsha_urban_core_solar_baseline.geojson; Overture Maps buildings release 2026-07-22.0", "role": "osm" }, "geometry": { "type": "Polygon", "coordinates": [ [ [ 112.9512565, 28.2468598 ], [ 112.9512471, 28.2467039 ], [ 112.9507638, 28.2467266 ], [ 112.9507733, 28.2468825 ], [ 112.9512565, 28.2468598 ] ] ] } },
{ "type": "Feature", "properties": { "sample_id": 77, "osm_index": 13861, "osm_id": "757015053", "overture_id": "bb30fccf-dae8-4865-89bc-35cd41155bab", "matched": true, "overture_release": "2026-07-22.0", "osm_source": "data/processed/buildings_changsha_urban_core_solar_baseline.geojson", "provenance": "OSM footprint from buildings_changsha_urban_core_solar_baseline.geojson; Overture Maps buildings release 2026-07-22.0", "role": "overture" }, "geometry": { "type": "Polygon", "coordinates": [ [ [ 112.9512565, 28.2468598 ], [ 112.9507733, 28.2468825 ], [ 112.9507638, 28.2467266 ], [ 112.9512471, 28.2467039 ], [ 112.9512565, 28.2468598 ] ] ] } },
{ "type": "Feature", "properties": { "sample_id": 78, "osm_index": 5582, "osm_id": "647565118", "overture_id": "177e52aa-1419-4069-9780-80144e67d9f9", "matched": true, "overture_release": "2026-07-22.0", "osm_source": "data/processed/buildings_changsha_urban_core_solar_baseline.geojson", "provenance": "OSM footprint from buildings_changsha_urban_core_solar_baseline.geojson; Overture Maps buildings release 2026-07-22.0", "role": "osm" }, "geometry": { "type": "Polygon", "coordinates": [ [ [ 112.962282, 28.1635181 ], [ 112.9622544, 28.1634756 ], [ 112.9620978, 28.1633784 ], [ 112.9618414, 28.1632146 ], [ 112.9617725, 28.163298 ], [ 112.9617691, 28.163336 ], [ 112.9621219, 28.1635772 ], [ 112.9622097, 28.1635545 ], [ 112.962282, 28.1635181 ] ] ] } },
{ "type": "Feature", "properties": { "sample_id": 78, "osm_index": 5582, "osm_id": "647565118", "overture_id": "177e52aa-1419-4069-9780-80144e67d9f9", "matched": true, "overture_release": "2026-07-22.0", "osm_source": "data/processed/buildings_changsha_urban_core_solar_baseline.geojson", "provenance": "OSM footprint from buildings_changsha_urban_core_solar_baseline.geojson; Overture Maps buildings release 2026-07-22.0", "role": "overture" }, "geometry": { "type": "Polygon", "coordinates": [ [ [ 112.962282, 28.1635181 ], [ 112.9622097, 28.1635545 ], [ 112.9621219, 28.1635772 ], [ 112.9617691, 28.163336 ], [ 112.9617725, 28.163298 ], [ 112.9618414, 28.1632146 ], [ 112.9620978, 28.1633784 ], [ 112.9622544, 28.1634756 ], [ 112.962282, 28.1635181 ] ] ] } },
{ "type": "Feature", "properties": { "sample_id": 79, "osm_index": 6506, "osm_id": "648646368", "overture_id": "b58ee0a4-1ec8-4235-8d75-6e22914cea73", "matched": true, "overture_release": "2026-07-22.0", "osm_source": "data/processed/buildings_changsha_urban_core_solar_baseline.geojson", "provenance": "OSM footprint from buildings_changsha_urban_core_solar_baseline.geojson; Overture Maps buildings release 2026-07-22.0", "role": "osm" }, "geometry": { "type": "Polygon", "coordinates": [ [ [ 112.8877729, 28.271729 ], [ 112.8878386, 28.2715901 ], [ 112.8872382, 28.2714395 ], [ 112.8871725, 28.2715901 ], [ 112.8877729, 28.271729 ] ] ] } },
{ "type": "Feature", "properties": { "sample_id": 79, "osm_index": 6506, "osm_id": "648646368", "overture_id": "b58ee0a4-1ec8-4235-8d75-6e22914cea73", "matched": true, "overture_release": "2026-07-22.0", "osm_source": "data/processed/buildings_changsha_urban_core_solar_baseline.geojson", "provenance": "OSM footprint from buildings_changsha_urban_core_solar_baseline.geojson; Overture Maps buildings release 2026-07-22.0", "role": "overture" }, "geometry": { "type": "Polygon", "coordinates": [ [ [ 112.8877729, 28.271729 ], [ 112.8871725, 28.2715901 ], [ 112.8872382, 28.2714395 ], [ 112.8878386, 28.2715901 ], [ 112.8877729, 28.271729 ] ] ] } },
{ "type": "Feature", "properties": { "sample_id": 80, "osm_index": 8040, "osm_id": "649146351", "overture_id": "da6db091-5467-4a1a-8fc9-a516cd665df5", "matched": true, "overture_release": "2026-07-22.0", "osm_source": "data/processed/buildings_changsha_urban_core_solar_baseline.geojson", "provenance": "OSM footprint from buildings_changsha_urban_core_solar_baseline.geojson; Overture Maps buildings release 2026-07-22.0", "role": "osm" }, "geometry": { "type": "Polygon", "coordinates": [ [ [ 112.9988351, 28.1625561 ], [ 112.998886100000021, 28.1621968 ], [ 112.9987514, 28.1621006 ], [ 112.9983366, 28.1620781 ], [ 112.998333, 28.1622289 ], [ 112.9986496, 28.1622642 ], [ 112.9986423, 28.1625497 ], [ 112.9988351, 28.1625561 ] ] ] } },
{ "type": "Feature", "properties": { "sample_id": 80, "osm_index": 8040, "osm_id": "649146351", "overture_id": "da6db091-5467-4a1a-8fc9-a516cd665df5", "matched": true, "overture_release": "2026-07-22.0", "osm_source": "data/processed/buildings_changsha_urban_core_solar_baseline.geojson", "provenance": "OSM footprint from buildings_changsha_urban_core_solar_baseline.geojson; Overture Maps buildings release 2026-07-22.0", "role": "overture" }, "geometry": { "type": "Polygon", "coordinates": [ [ [ 112.9988351, 28.1625561 ], [ 112.9986423, 28.1625497 ], [ 112.9986496, 28.1622642 ], [ 112.998333, 28.1622289 ], [ 112.9983366, 28.1620781 ], [ 112.9987514, 28.1621006 ], [ 112.998886100000021, 28.1621968 ], [ 112.9988351, 28.1625561 ] ] ] } },
{ "type": "Feature", "properties": { "sample_id": 81, "osm_index": 9839, "osm_id": "649854515", "overture_id": "360bffde-2d54-49b6-b3f3-099efdba6386", "matched": true, "overture_release": "2026-07-22.0", "osm_source": "data/processed/buildings_changsha_urban_core_solar_baseline.geojson", "provenance": "OSM footprint from buildings_changsha_urban_core_solar_baseline.geojson; Overture Maps buildings release 2026-07-22.0", "role": "osm" }, "geometry": { "type": "Polygon", "coordinates": [ [ [ 112.992150200000012, 28.1251362 ], [ 112.9922118, 28.1248699 ], [ 112.9915463, 28.1247721 ], [ 112.9914785, 28.1250547 ], [ 112.992150200000012, 28.1251362 ] ] ] } },
{ "type": "Feature", "properties": { "sample_id": 81, "osm_index": 9839, "osm_id": "649854515", "overture_id": "360bffde-2d54-49b6-b3f3-099efdba6386", "matched": true, "overture_release": "2026-07-22.0", "osm_source": "data/processed/buildings_changsha_urban_core_solar_baseline.geojson", "provenance": "OSM footprint from buildings_changsha_urban_core_solar_baseline.geojson; Overture Maps buildings release 2026-07-22.0", "role": "overture" }, "geometry": { "type": "Polygon", "coordinates": [ [ [ 112.992150200000012, 28.1251362 ], [ 112.9914785, 28.1250547 ], [ 112.9915463, 28.1247721 ], [ 112.9922118, 28.1248699 ], [ 112.992150200000012, 28.1251362 ] ] ] } },
{ "type": "Feature", "properties": { "sample_id": 82, "osm_index": 7886, "osm_id": "649139047", "overture_id": "43e70ce8-93a2-4df8-97ff-181f36918579", "matched": true, "overture_release": "2026-07-22.0", "osm_source": "data/processed/buildings_changsha_urban_core_solar_baseline.geojson", "provenance": "OSM footprint from buildings_changsha_urban_core_solar_baseline.geojson; Overture Maps buildings release 2026-07-22.0", "role": "osm" }, "geometry": { "type": "Polygon", "coordinates": [ [ [ 113.0029093, 28.1571682 ], [ 113.0029067, 28.1567686 ], [ 113.0019223, 28.1567733 ], [ 113.0019169, 28.1571588 ], [ 113.0029093, 28.1571682 ] ] ] } },
{ "type": "Feature", "properties": { "sample_id": 82, "osm_index": 7886, "osm_id": "649139047", "overture_id": "43e70ce8-93a2-4df8-97ff-181f36918579", "matched": true, "overture_release": "2026-07-22.0", "osm_source": "data/processed/buildings_changsha_urban_core_solar_baseline.geojson", "provenance": "OSM footprint from buildings_changsha_urban_core_solar_baseline.geojson; Overture Maps buildings release 2026-07-22.0", "role": "overture" }, "geometry": { "type": "Polygon", "coordinates": [ [ [ 113.0029093, 28.1571682 ], [ 113.0019169, 28.1571588 ], [ 113.0019223, 28.1567733 ], [ 113.0029067, 28.1567686 ], [ 113.0029093, 28.1571682 ] ] ] } },
{ "type": "Feature", "properties": { "sample_id": 83, "osm_index": 14809, "osm_id": "791601355", "overture_id": "21940384-9077-4f81-9a00-fd637e60555b", "matched": true, "overture_release": "2026-07-22.0", "osm_source": "data/processed/buildings_changsha_urban_core_solar_baseline.geojson", "provenance": "OSM footprint from buildings_changsha_urban_core_solar_baseline.geojson; Overture Maps buildings release 2026-07-22.0", "role": "osm" }, "geometry": { "type": "Polygon", "coordinates": [ [ [ 112.9230597, 28.1746377 ], [ 112.923036, 28.1746199 ], [ 112.9230222, 28.1745997 ], [ 112.923023, 28.1745774 ], [ 112.9230535, 28.1743409 ], [ 112.9229912, 28.1743356 ], [ 112.9229982, 28.1742858 ], [ 112.9230344, 28.1742884 ], [ 112.9230364, 28.1742647 ], [ 112.9230414, 28.1742444 ], [ 112.9230011, 28.1742386 ], [ 112.9230163, 28.1741167 ], [ 112.9230222, 28.174048 ], [ 112.9229511, 28.1740441 ], [ 112.9229389, 28.1741884 ], [ 112.9226384, 28.1743965 ], [ 112.9226566, 28.1744112 ], [ 112.9226304, 28.1744266 ], [ 112.9227243, 28.1745478 ], [ 112.9228919, 28.1744396 ], [ 112.9228974, 28.1744443 ], [ 112.9228585, 28.1747258 ], [ 112.9230706, 28.1747534 ], [ 112.923089800000014, 28.1746495 ], [ 112.9230597, 28.1746377 ] ] ] } },
{ "type": "Feature", "properties": { "sample_id": 83, "osm_index": 14809, "osm_id": "791601355", "overture_id": "21940384-9077-4f81-9a00-fd637e60555b", "matched": true, "overture_release": "2026-07-22.0", "osm_source": "data/processed/buildings_changsha_urban_core_solar_baseline.geojson", "provenance": "OSM footprint from buildings_changsha_urban_core_solar_baseline.geojson; Overture Maps buildings release 2026-07-22.0", "role": "overture" }, "geometry": { "type": "Polygon", "coordinates": [ [ [ 112.9230597, 28.1746377 ], [ 112.923089800000014, 28.1746495 ], [ 112.9230706, 28.1747534 ], [ 112.9228585, 28.1747258 ], [ 112.9228974, 28.1744443 ], [ 112.9228919, 28.1744396 ], [ 112.9227243, 28.1745478 ], [ 112.9226304, 28.1744266 ], [ 112.9226566, 28.1744112 ], [ 112.9226384, 28.1743965 ], [ 112.9229389, 28.1741884 ], [ 112.9229511, 28.1740441 ], [ 112.9230222, 28.174048 ], [ 112.9230163, 28.1741167 ], [ 112.9230011, 28.1742386 ], [ 112.9230414, 28.1742444 ], [ 112.9230364, 28.1742647 ], [ 112.9230344, 28.1742884 ], [ 112.9229982, 28.1742858 ], [ 112.9229912, 28.1743356 ], [ 112.9230535, 28.1743409 ], [ 112.923023, 28.1745774 ], [ 112.9230222, 28.1745997 ], [ 112.923036, 28.1746199 ], [ 112.9230597, 28.1746377 ] ] ] } },
{ "type": "Feature", "properties": { "sample_id": 84, "osm_index": 12821, "osm_id": "657217295", "overture_id": "1e48e590-9781-45ab-9f98-3ec28e67a2ce", "matched": true, "overture_release": "2026-07-22.0", "osm_source": "data/processed/buildings_changsha_urban_core_solar_baseline.geojson", "provenance": "OSM footprint from buildings_changsha_urban_core_solar_baseline.geojson; Overture Maps buildings release 2026-07-22.0", "role": "osm" }, "geometry": { "type": "Polygon", "coordinates": [ [ [ 112.9375778, 28.2172346 ], [ 112.9374581, 28.2172307 ], [ 112.9374448, 28.2172697 ], [ 112.9373474, 28.2172697 ], [ 112.937374, 28.2173946 ], [ 112.9375113, 28.2174063 ], [ 112.937529, 28.2174454 ], [ 112.937724, 28.2174454 ], [ 112.9377284, 28.2175234 ], [ 112.937839100000019, 28.2175273 ], [ 112.9378436, 28.2175586 ], [ 112.9380961, 28.2175703 ], [ 112.938136, 28.2175234 ], [ 112.9381759, 28.2175078 ], [ 112.9382467, 28.2175117 ], [ 112.9382556, 28.217461 ], [ 112.9383885, 28.2174571 ], [ 112.9383929, 28.2175195 ], [ 112.9384948, 28.2175234 ], [ 112.9385081, 28.2175664 ], [ 112.9386455, 28.2175781 ], [ 112.9386588, 28.2174805 ], [ 112.9385879, 28.2174337 ], [ 112.9385746, 28.2173556 ], [ 112.9381537, 28.2173439 ], [ 112.9380961, 28.2173478 ], [ 112.9381005, 28.2174649 ], [ 112.9378746, 28.2174649 ], [ 112.9378702, 28.2173673 ], [ 112.9378347, 28.2173439 ], [ 112.9376708, 28.2173517 ], [ 112.9375689, 28.2173439 ], [ 112.9375689, 28.2173048 ], [ 112.9375778, 28.2172346 ] ] ] } },
{ "type": "Feature", "properties": { "sample_id": 84, "osm_index": 12821, "osm_id": "657217295", "overture_id": "1e48e590-9781-45ab-9f98-3ec28e67a2ce", "matched": true, "overture_release": "2026-07-22.0", "osm_source": "data/processed/buildings_changsha_urban_core_solar_baseline.geojson", "provenance": "OSM footprint from buildings_changsha_urban_core_solar_baseline.geojson; Overture Maps buildings release 2026-07-22.0", "role": "overture" }, "geometry": { "type": "Polygon", "coordinates": [ [ [ 112.93746, 28.2172021 ], [ 112.93759, 28.2172032 ], [ 112.937589, 28.2173058 ], [ 112.9378794, 28.2173082 ], [ 112.9378781, 28.2174354 ], [ 112.9381354, 28.2174375 ], [ 112.9381344, 28.2175353 ], [ 112.937849, 28.217533 ], [ 112.9378494, 28.2174973 ], [ 112.9377355, 28.2174964 ], [ 112.9377364, 28.2174137 ], [ 112.9375258, 28.217412 ], [ 112.9375262, 28.2173725 ], [ 112.937382, 28.2173713 ], [ 112.937383400000016, 28.2172332 ], [ 112.9374596, 28.2172338 ], [ 112.93746, 28.2172021 ] ] ] } },
{ "type": "Feature", "properties": { "sample_id": 85, "osm_index": 4588, "osm_id": "646706196", "overture_id": "b311d162-37c1-4998-bd36-224f51303cfc", "matched": true, "overture_release": "2026-07-22.0", "osm_source": "data/processed/buildings_changsha_urban_core_solar_baseline.geojson", "provenance": "OSM footprint from buildings_changsha_urban_core_solar_baseline.geojson; Overture Maps buildings release 2026-07-22.0", "role": "osm" }, "geometry": { "type": "Polygon", "coordinates": [ [ [ 112.989706, 28.1448243 ], [ 112.9897094, 28.1444386 ], [ 112.989028200000021, 28.1444338 ], [ 112.9890248, 28.1448196 ], [ 112.989706, 28.1448243 ] ] ] } },
{ "type": "Feature", "properties": { "sample_id": 85, "osm_index": 4588, "osm_id": "646706196", "overture_id": "b311d162-37c1-4998-bd36-224f51303cfc", "matched": true, "overture_release": "2026-07-22.0", "osm_source": "data/processed/buildings_changsha_urban_core_solar_baseline.geojson", "provenance": "OSM footprint from buildings_changsha_urban_core_solar_baseline.geojson; Overture Maps buildings release 2026-07-22.0", "role": "overture" }, "geometry": { "type": "Polygon", "coordinates": [ [ [ 112.989706, 28.1448243 ], [ 112.9890248, 28.1448196 ], [ 112.989028200000021, 28.1444338 ], [ 112.9897094, 28.1444386 ], [ 112.989706, 28.1448243 ] ] ] } },
{ "type": "Feature", "properties": { "sample_id": 86, "osm_index": 8987, "osm_id": "649778932", "overture_id": "01dc2d14-edc4-451a-8b8c-44c40bce4a02", "matched": true, "overture_release": "2026-07-22.0", "osm_source": "data/processed/buildings_changsha_urban_core_solar_baseline.geojson", "provenance": "OSM footprint from buildings_changsha_urban_core_solar_baseline.geojson; Overture Maps buildings release 2026-07-22.0", "role": "osm" }, "geometry": { "type": "Polygon", "coordinates": [ [ [ 112.9998038, 28.1683606 ], [ 112.9998038, 28.1680683 ], [ 112.9991733, 28.1680724 ], [ 112.9991873, 28.1683606 ], [ 112.9998038, 28.1683606 ] ] ] } },
{ "type": "Feature", "properties": { "sample_id": 86, "osm_index": 8987, "osm_id": "649778932", "overture_id": "01dc2d14-edc4-451a-8b8c-44c40bce4a02", "matched": true, "overture_release": "2026-07-22.0", "osm_source": "data/processed/buildings_changsha_urban_core_solar_baseline.geojson", "provenance": "OSM footprint from buildings_changsha_urban_core_solar_baseline.geojson; Overture Maps buildings release 2026-07-22.0", "role": "overture" }, "geometry": { "type": "Polygon", "coordinates": [ [ [ 112.9998038, 28.1683606 ], [ 112.9991873, 28.1683606 ], [ 112.9991733, 28.1680724 ], [ 112.9998038, 28.1680683 ], [ 112.9998038, 28.1683606 ] ] ] } },
{ "type": "Feature", "properties": { "sample_id": 87, "osm_index": 5883, "osm_id": "647735271", "overture_id": "17b609be-2763-482b-82dc-20930f940550", "matched": true, "overture_release": "2026-07-22.0", "osm_source": "data/processed/buildings_changsha_urban_core_solar_baseline.geojson", "provenance": "OSM footprint from buildings_changsha_urban_core_solar_baseline.geojson; Overture Maps buildings release 2026-07-22.0", "role": "osm" }, "geometry": { "type": "Polygon", "coordinates": [ [ [ 112.9934428, 28.1500654 ], [ 112.9934911, 28.1499944 ], [ 112.9938988, 28.1500559 ], [ 112.9939685, 28.1497579 ], [ 112.9934375, 28.1495971 ], [ 112.993324800000011, 28.149616 ], [ 112.9931532, 28.1495876 ], [ 112.9931532, 28.1495261 ], [ 112.9930459, 28.1495167 ], [ 112.9929654, 28.1499613 ], [ 112.9934428, 28.1500654 ] ] ] } },
{ "type": "Feature", "properties": { "sample_id": 87, "osm_index": 5883, "osm_id": "647735271", "overture_id": "17b609be-2763-482b-82dc-20930f940550", "matched": true, "overture_release": "2026-07-22.0", "osm_source": "data/processed/buildings_changsha_urban_core_solar_baseline.geojson", "provenance": "OSM footprint from buildings_changsha_urban_core_solar_baseline.geojson; Overture Maps buildings release 2026-07-22.0", "role": "overture" }, "geometry": { "type": "Polygon", "coordinates": [ [ [ 112.9934428, 28.1500654 ], [ 112.9929654, 28.1499613 ], [ 112.9930459, 28.1495167 ], [ 112.9931532, 28.1495261 ], [ 112.9931532, 28.1495876 ], [ 112.993324800000011, 28.149616 ], [ 112.9934375, 28.1495971 ], [ 112.9939685, 28.1497579 ], [ 112.9938988, 28.1500559 ], [ 112.9934911, 28.1499944 ], [ 112.9934428, 28.1500654 ] ] ] } },
{ "type": "Feature", "properties": { "sample_id": 88, "osm_index": 7737, "osm_id": "649073489", "overture_id": "e383edf5-378c-406a-abd3-1f2dfc270a01", "matched": true, "overture_release": "2026-07-22.0", "osm_source": "data/processed/buildings_changsha_urban_core_solar_baseline.geojson", "provenance": "OSM footprint from buildings_changsha_urban_core_solar_baseline.geojson; Overture Maps buildings release 2026-07-22.0", "role": "osm" }, "geometry": { "type": "Polygon", "coordinates": [ [ [ 112.9922487, 28.158507 ], [ 112.9929461, 28.1585046 ], [ 112.9930427, 28.158481 ], [ 112.9931339, 28.158384 ], [ 112.9931553, 28.158254 ], [ 112.9922648, 28.1582587 ], [ 112.9922622, 28.158358 ], [ 112.9922487, 28.158507 ] ] ] } },
{ "type": "Feature", "properties": { "sample_id": 88, "osm_index": 7737, "osm_id": "649073489", "overture_id": "e383edf5-378c-406a-abd3-1f2dfc270a01", "matched": true, "overture_release": "2026-07-22.0", "osm_source": "data/processed/buildings_changsha_urban_core_solar_baseline.geojson", "provenance": "OSM footprint from buildings_changsha_urban_core_solar_baseline.geojson; Overture Maps buildings release 2026-07-22.0", "role": "overture" }, "geometry": { "type": "Polygon", "coordinates": [ [ [ 112.9922487, 28.158507 ], [ 112.9922622, 28.158358 ], [ 112.9922648, 28.1582587 ], [ 112.9931553, 28.158254 ], [ 112.9931339, 28.158384 ], [ 112.9930427, 28.158481 ], [ 112.9929461, 28.1585046 ], [ 112.9922487, 28.158507 ] ] ] } },
{ "type": "Feature", "properties": { "sample_id": 89, "osm_index": 11113, "osm_id": "650624291", "overture_id": "f39847d0-1692-4f79-b082-b84de5232a0d", "matched": true, "overture_release": "2026-07-22.0", "osm_source": "data/processed/buildings_changsha_urban_core_solar_baseline.geojson", "provenance": "OSM footprint from buildings_changsha_urban_core_solar_baseline.geojson; Overture Maps buildings release 2026-07-22.0", "role": "osm" }, "geometry": { "type": "Polygon", "coordinates": [ [ [ 113.0144382, 28.2151606 ], [ 113.0151387, 28.2151524 ], [ 113.0151668, 28.214568 ], [ 113.0144476, 28.2145762 ], [ 113.0144382, 28.2151606 ] ] ] } },
{ "type": "Feature", "properties": { "sample_id": 89, "osm_index": 11113, "osm_id": "650624291", "overture_id": "f39847d0-1692-4f79-b082-b84de5232a0d", "matched": true, "overture_release": "2026-07-22.0", "osm_source": "data/processed/buildings_changsha_urban_core_solar_baseline.geojson", "provenance": "OSM footprint from buildings_changsha_urban_core_solar_baseline.geojson; Overture Maps buildings release 2026-07-22.0", "role": "overture" }, "geometry": { "type": "Polygon", "coordinates": [ [ [ 113.0144382, 28.2151606 ], [ 113.0144476, 28.2145762 ], [ 113.0151668, 28.214568 ], [ 113.0151387, 28.2151524 ], [ 113.0144382, 28.2151606 ] ] ] } },
{ "type": "Feature", "properties": { "sample_id": 90, "osm_index": 11182, "osm_id": "651691510", "overture_id": "7af60e77-2689-4402-a7ff-2e8286ae6cbc", "matched": true, "overture_release": "2026-07-22.0", "osm_source": "data/processed/buildings_changsha_urban_core_solar_baseline.geojson", "provenance": "OSM footprint from buildings_changsha_urban_core_solar_baseline.geojson; Overture Maps buildings release 2026-07-22.0", "role": "osm" }, "geometry": { "type": "Polygon", "coordinates": [ [ [ 112.9708807, 28.1106401 ], [ 112.9709087, 28.1107657 ], [ 112.9709484, 28.1108172 ], [ 112.9710371, 28.1108749 ], [ 112.9711726, 28.110874899999988 ], [ 112.9714061, 28.1107884 ], [ 112.9714231, 28.1105257 ], [ 112.9708899, 28.1104989 ], [ 112.9708807, 28.1106401 ] ] ] } },
{ "type": "Feature", "properties": { "sample_id": 90, "osm_index": 11182, "osm_id": "651691510", "overture_id": "7af60e77-2689-4402-a7ff-2e8286ae6cbc", "matched": true, "overture_release": "2026-07-22.0", "osm_source": "data/processed/buildings_changsha_urban_core_solar_baseline.geojson", "provenance": "OSM footprint from buildings_changsha_urban_core_solar_baseline.geojson; Overture Maps buildings release 2026-07-22.0", "role": "overture" }, "geometry": { "type": "Polygon", "coordinates": [ [ [ 112.9708807, 28.1106401 ], [ 112.9708899, 28.1104989 ], [ 112.9714231, 28.1105257 ], [ 112.9714061, 28.1107884 ], [ 112.9711726, 28.110874899999988 ], [ 112.9710371, 28.1108749 ], [ 112.9709484, 28.1108172 ], [ 112.9709087, 28.1107657 ], [ 112.9708807, 28.1106401 ] ] ] } },
{ "type": "Feature", "properties": { "sample_id": 91, "osm_index": 15276, "osm_id": "836944690", "overture_id": "1d60275e-160f-4131-9568-395ac6e5693e", "matched": true, "overture_release": "2026-07-22.0", "osm_source": "data/processed/buildings_changsha_urban_core_solar_baseline.geojson", "provenance": "OSM footprint from buildings_changsha_urban_core_solar_baseline.geojson; Overture Maps buildings release 2026-07-22.0", "role": "osm" }, "geometry": { "type": "Polygon", "coordinates": [ [ [ 113.0363719, 28.1751652 ], [ 113.0366638, 28.1751472 ], [ 113.0370025, 28.1752533 ], [ 113.0370617, 28.1751148 ], [ 113.0366842, 28.1750141 ], [ 113.0363168, 28.1750303 ], [ 113.0359965, 28.1751346 ], [ 113.036057700000015, 28.1752839 ], [ 113.0363719, 28.1751652 ] ] ] } },
{ "type": "Feature", "properties": { "sample_id": 91, "osm_index": 15276, "osm_id": "836944690", "overture_id": "1d60275e-160f-4131-9568-395ac6e5693e", "matched": true, "overture_release": "2026-07-22.0", "osm_source": "data/processed/buildings_changsha_urban_core_solar_baseline.geojson", "provenance": "OSM footprint from buildings_changsha_urban_core_solar_baseline.geojson; Overture Maps buildings release 2026-07-22.0", "role": "overture" }, "geometry": { "type": "Polygon", "coordinates": [ [ [ 113.0363719, 28.1751652 ], [ 113.036057700000015, 28.1752839 ], [ 113.0359965, 28.1751346 ], [ 113.0363168, 28.1750303 ], [ 113.0366842, 28.1750141 ], [ 113.0370617, 28.1751148 ], [ 113.0370025, 28.1752533 ], [ 113.0366638, 28.1751472 ], [ 113.0363719, 28.1751652 ] ] ] } },
{ "type": "Feature", "properties": { "sample_id": 92, "osm_index": 10256, "osm_id": "649908050", "overture_id": "191f83f7-6ab9-4609-a7fc-9cc8cd2b8aec", "matched": true, "overture_release": "2026-07-22.0", "osm_source": "data/processed/buildings_changsha_urban_core_solar_baseline.geojson", "provenance": "OSM footprint from buildings_changsha_urban_core_solar_baseline.geojson; Overture Maps buildings release 2026-07-22.0", "role": "osm" }, "geometry": { "type": "Polygon", "coordinates": [ [ [ 112.87375080000001, 28.213117 ], [ 112.8737371, 28.2126715 ], [ 112.8734696, 28.2126779 ], [ 112.8734572, 28.2122774 ], [ 112.8737396, 28.2122706 ], [ 112.8737272, 28.211874 ], [ 112.872683100000017, 28.2118993 ], [ 112.8726971, 28.2123475 ], [ 112.873049, 28.212339 ], [ 112.8730542, 28.2125071 ], [ 112.87280610000002, 28.212513 ], [ 112.8728123, 28.2127116 ], [ 112.8726845, 28.2127147 ], [ 112.8726977, 28.2131421 ], [ 112.87375080000001, 28.213117 ] ] ] } },
{ "type": "Feature", "properties": { "sample_id": 92, "osm_index": 10256, "osm_id": "649908050", "overture_id": "191f83f7-6ab9-4609-a7fc-9cc8cd2b8aec", "matched": true, "overture_release": "2026-07-22.0", "osm_source": "data/processed/buildings_changsha_urban_core_solar_baseline.geojson", "provenance": "OSM footprint from buildings_changsha_urban_core_solar_baseline.geojson; Overture Maps buildings release 2026-07-22.0", "role": "overture" }, "geometry": { "type": "Polygon", "coordinates": [ [ [ 112.87375080000001, 28.213117 ], [ 112.8726977, 28.2131421 ], [ 112.8726845, 28.2127147 ], [ 112.8728123, 28.2127116 ], [ 112.87280610000002, 28.212513 ], [ 112.8730542, 28.2125071 ], [ 112.873049, 28.212339 ], [ 112.8726971, 28.2123475 ], [ 112.872683100000017, 28.2118993 ], [ 112.8737272, 28.211874 ], [ 112.8737396, 28.2122706 ], [ 112.8734572, 28.2122774 ], [ 112.8734696, 28.2126779 ], [ 112.8737371, 28.2126715 ], [ 112.87375080000001, 28.213117 ] ] ] } },
{ "type": "Feature", "properties": { "sample_id": 93, "osm_index": 3857, "osm_id": "586904431", "overture_id": "6c5f3868-db5b-4604-85e5-999ef4a45044", "matched": true, "overture_release": "2026-07-22.0", "osm_source": "data/processed/buildings_changsha_urban_core_solar_baseline.geojson", "provenance": "OSM footprint from buildings_changsha_urban_core_solar_baseline.geojson; Overture Maps buildings release 2026-07-22.0", "role": "osm" }, "geometry": { "type": "Polygon", "coordinates": [ [ [ 112.9247534, 28.2012274 ], [ 112.9247554, 28.2010872 ], [ 112.9242648, 28.2010889 ], [ 112.9242648, 28.2012139 ], [ 112.9247534, 28.2012274 ] ] ] } },
{ "type": "Feature", "properties": { "sample_id": 93, "osm_index": 3857, "osm_id": "586904431", "overture_id": "6c5f3868-db5b-4604-85e5-999ef4a45044", "matched": true, "overture_release": "2026-07-22.0", "osm_source": "data/processed/buildings_changsha_urban_core_solar_baseline.geojson", "provenance": "OSM footprint from buildings_changsha_urban_core_solar_baseline.geojson; Overture Maps buildings release 2026-07-22.0", "role": "overture" }, "geometry": { "type": "Polygon", "coordinates": [ [ [ 112.9247534, 28.2012274 ], [ 112.9242648, 28.2012139 ], [ 112.9242648, 28.2010889 ], [ 112.9247554, 28.2010872 ], [ 112.9247534, 28.2012274 ] ] ] } },
{ "type": "Feature", "properties": { "sample_id": 94, "osm_index": 6570, "osm_id": "648649655", "overture_id": "838caa70-1493-42a8-80ee-bbecebc06306", "matched": true, "overture_release": "2026-07-22.0", "osm_source": "data/processed/buildings_changsha_urban_core_solar_baseline.geojson", "provenance": "OSM footprint from buildings_changsha_urban_core_solar_baseline.geojson; Overture Maps buildings release 2026-07-22.0", "role": "osm" }, "geometry": { "type": "Polygon", "coordinates": [ [ [ 112.888100300000019, 28.2452877 ], [ 112.8888866, 28.2456266 ], [ 112.889248, 28.2450221 ], [ 112.8887824, 28.2449088 ], [ 112.8888804, 28.2446659 ], [ 112.8884638, 28.2445256 ], [ 112.8883892, 28.2446488 ], [ 112.8880227, 28.2452542 ], [ 112.888100300000019, 28.2452877 ] ] ] } },
{ "type": "Feature", "properties": { "sample_id": 94, "osm_index": 6570, "osm_id": "648649655", "overture_id": "838caa70-1493-42a8-80ee-bbecebc06306", "matched": true, "overture_release": "2026-07-22.0", "osm_source": "data/processed/buildings_changsha_urban_core_solar_baseline.geojson", "provenance": "OSM footprint from buildings_changsha_urban_core_solar_baseline.geojson; Overture Maps buildings release 2026-07-22.0", "role": "overture" }, "geometry": { "type": "Polygon", "coordinates": [ [ [ 112.888100300000019, 28.2452877 ], [ 112.8880227, 28.2452542 ], [ 112.8883892, 28.2446488 ], [ 112.8884638, 28.2445256 ], [ 112.8888804, 28.2446659 ], [ 112.8887824, 28.2449088 ], [ 112.889248, 28.2450221 ], [ 112.8888866, 28.2456266 ], [ 112.888100300000019, 28.2452877 ] ] ] } },
{ "type": "Feature", "properties": { "sample_id": 95, "osm_index": 9478, "osm_id": "649821491", "overture_id": "70f098a4-10e0-4305-a87a-39b9af353821", "matched": true, "overture_release": "2026-07-22.0", "osm_source": "data/processed/buildings_changsha_urban_core_solar_baseline.geojson", "provenance": "OSM footprint from buildings_changsha_urban_core_solar_baseline.geojson; Overture Maps buildings release 2026-07-22.0", "role": "osm" }, "geometry": { "type": "Polygon", "coordinates": [ [ [ 112.8869452, 28.2227049 ], [ 112.8869614, 28.2223323 ], [ 112.8860508, 28.2223753 ], [ 112.8860995, 28.2226905 ], [ 112.8869452, 28.2227049 ] ] ] } },
{ "type": "Feature", "properties": { "sample_id": 95, "osm_index": 9478, "osm_id": "649821491", "overture_id": "70f098a4-10e0-4305-a87a-39b9af353821", "matched": true, "overture_release": "2026-07-22.0", "osm_source": "data/processed/buildings_changsha_urban_core_solar_baseline.geojson", "provenance": "OSM footprint from buildings_changsha_urban_core_solar_baseline.geojson; Overture Maps buildings release 2026-07-22.0", "role": "overture" }, "geometry": { "type": "Polygon", "coordinates": [ [ [ 112.8869452, 28.2227049 ], [ 112.8860995, 28.2226905 ], [ 112.8860508, 28.2223753 ], [ 112.8869614, 28.2223323 ], [ 112.8869452, 28.2227049 ] ] ] } },
{ "type": "Feature", "properties": { "sample_id": 96, "osm_index": 17531, "osm_id": "1297601953", "overture_id": "dea48fd7-0f50-4ca7-bd1f-9a78e8998ed2", "matched": true, "overture_release": "2026-07-22.0", "osm_source": "data/processed/buildings_changsha_urban_core_solar_baseline.geojson", "provenance": "OSM footprint from buildings_changsha_urban_core_solar_baseline.geojson; Overture Maps buildings release 2026-07-22.0", "role": "osm" }, "geometry": { "type": "Polygon", "coordinates": [ [ [ 112.8749554, 28.2361462 ], [ 112.8755391, 28.2359446 ], [ 112.8754831, 28.2357101 ], [ 112.874918, 28.2359199 ], [ 112.8749554, 28.2361462 ] ] ] } },
{ "type": "Feature", "properties": { "sample_id": 96, "osm_index": 17531, "osm_id": "1297601953", "overture_id": "dea48fd7-0f50-4ca7-bd1f-9a78e8998ed2", "matched": true, "overture_release": "2026-07-22.0", "osm_source": "data/processed/buildings_changsha_urban_core_solar_baseline.geojson", "provenance": "OSM footprint from buildings_changsha_urban_core_solar_baseline.geojson; Overture Maps buildings release 2026-07-22.0", "role": "overture" }, "geometry": { "type": "Polygon", "coordinates": [ [ [ 112.8749554, 28.2361462 ], [ 112.874918, 28.2359199 ], [ 112.8754831, 28.2357101 ], [ 112.8755391, 28.2359446 ], [ 112.8749554, 28.2361462 ] ] ] } },
{ "type": "Feature", "properties": { "sample_id": 97, "osm_index": 17878, "osm_id": "1456224532", "overture_id": "03d6c370-3f7d-4dce-8a3c-e5de2f326084", "matched": true, "overture_release": "2026-07-22.0", "osm_source": "data/processed/buildings_changsha_urban_core_solar_baseline.geojson", "provenance": "OSM footprint from buildings_changsha_urban_core_solar_baseline.geojson; Overture Maps buildings release 2026-07-22.0", "role": "osm" }, "geometry": { "type": "Polygon", "coordinates": [ [ [ 113.0078855, 28.1535557 ], [ 113.0078872, 28.1533942 ], [ 113.0077246, 28.1533929 ], [ 113.0077263, 28.1532282 ], [ 113.007228200000014, 28.1532242 ], [ 113.0072248, 28.1535505 ], [ 113.0078855, 28.1535557 ] ] ] } },
{ "type": "Feature", "properties": { "sample_id": 97, "osm_index": 17878, "osm_id": "1456224532", "overture_id": "03d6c370-3f7d-4dce-8a3c-e5de2f326084", "matched": true, "overture_release": "2026-07-22.0", "osm_source": "data/processed/buildings_changsha_urban_core_solar_baseline.geojson", "provenance": "OSM footprint from buildings_changsha_urban_core_solar_baseline.geojson; Overture Maps buildings release 2026-07-22.0", "role": "overture" }, "geometry": { "type": "Polygon", "coordinates": [ [ [ 113.0078855, 28.1535557 ], [ 113.0072248, 28.1535505 ], [ 113.007228200000014, 28.1532242 ], [ 113.0077263, 28.1532282 ], [ 113.0077246, 28.1533929 ], [ 113.0078872, 28.1533942 ], [ 113.0078855, 28.1535557 ] ] ] } },
{ "type": "Feature", "properties": { "sample_id": 98, "osm_index": 15903, "osm_id": "1026013355", "overture_id": "7d4797e7-5664-4d2e-89f2-69e56e020978", "matched": true, "overture_release": "2026-07-22.0", "osm_source": "data/processed/buildings_changsha_urban_core_solar_baseline.geojson", "provenance": "OSM footprint from buildings_changsha_urban_core_solar_baseline.geojson; Overture Maps buildings release 2026-07-22.0", "role": "osm" }, "geometry": { "type": "Polygon", "coordinates": [ [ [ 112.949336, 28.2055522 ], [ 112.9499988, 28.2055763 ], [ 112.9501032, 28.2054139 ], [ 112.9498897, 28.2054003 ], [ 112.9498897, 28.2054508 ], [ 112.9495066, 28.2054469 ], [ 112.949511, 28.2053829 ], [ 112.9492512, 28.2053615 ], [ 112.949336, 28.2055522 ] ] ] } },
{ "type": "Feature", "properties": { "sample_id": 98, "osm_index": 15903, "osm_id": "1026013355", "overture_id": "7d4797e7-5664-4d2e-89f2-69e56e020978", "matched": true, "overture_release": "2026-07-22.0", "osm_source": "data/processed/buildings_changsha_urban_core_solar_baseline.geojson", "provenance": "OSM footprint from buildings_changsha_urban_core_solar_baseline.geojson; Overture Maps buildings release 2026-07-22.0", "role": "overture" }, "geometry": { "type": "Polygon", "coordinates": [ [ [ 112.949336, 28.2055522 ], [ 112.9492512, 28.2053615 ], [ 112.949511, 28.2053829 ], [ 112.9495066, 28.2054469 ], [ 112.9498897, 28.2054508 ], [ 112.9498897, 28.2054003 ], [ 112.9501032, 28.2054139 ], [ 112.9499988, 28.2055763 ], [ 112.949336, 28.2055522 ] ] ] } },
{ "type": "Feature", "properties": { "sample_id": 99, "osm_index": 7919, "osm_id": "649146180", "overture_id": "3bd4f1fd-55b1-4551-a5a6-c74dc4c634ee", "matched": true, "overture_release": "2026-07-22.0", "osm_source": "data/processed/buildings_changsha_urban_core_solar_baseline.geojson", "provenance": "OSM footprint from buildings_changsha_urban_core_solar_baseline.geojson; Overture Maps buildings release 2026-07-22.0", "role": "osm" }, "geometry": { "type": "Polygon", "coordinates": [ [ [ 112.9946476, 28.1557608 ], [ 112.9946513, 28.1555716 ], [ 112.9938871, 28.1556197 ], [ 112.9939017, 28.1557769 ], [ 112.9946476, 28.1557608 ] ] ] } },
{ "type": "Feature", "properties": { "sample_id": 99, "osm_index": 7919, "osm_id": "649146180", "overture_id": "3bd4f1fd-55b1-4551-a5a6-c74dc4c634ee", "matched": true, "overture_release": "2026-07-22.0", "osm_source": "data/processed/buildings_changsha_urban_core_solar_baseline.geojson", "provenance": "OSM footprint from buildings_changsha_urban_core_solar_baseline.geojson; Overture Maps buildings release 2026-07-22.0", "role": "overture" }, "geometry": { "type": "Polygon", "coordinates": [ [ [ 112.9946476, 28.1557608 ], [ 112.9939017, 28.1557769 ], [ 112.9938871, 28.1556197 ], [ 112.9946513, 28.1555716 ], [ 112.9946476, 28.1557608 ] ] ] } }
]
}
