footprint_area_m2,deployable_area_m2,annual_kwh,annual_co2_t,solar_potential_score,solar_potential_class,building_category,height_proxy_m
1293.714207190899,840.9142346740845,161969.64783856232,92.37129016233209,53.596329182685054,high,commercial,10.5
2389.744466398402,1553.3339031589614,299189.78047489835,170.62793180483453,57.474312289410165,high,commercial,10.5
1371.7967165451732,891.6678657543627,171745.3745579311,97.94638711038812,48.02628178843698,high,residential,9.0
5345.280522076875,3474.432339349969,669215.1937010965,381.6534249677353,62.56303056922988,high,commercial,10.5
5345.280522076875,3474.432339349969,669215.1937010965,381.6534249677353,62.56303056922988,high,commercial,10.5
3606.2339613608738,2344.052074884568,451491.09555917163,257.4853717973956,60.07518828901619,high,commercial,10.5
2892.697098692687,1880.2531141502468,362158.1395447641,206.53878698237898,58.68156157408233,high,commercial,10.5
1408.3647859016785,915.437110836091,176323.60155960402,100.55734996944217,48.17739570607776,high,residential,9.0
2451.675694710706,1593.589201561959,306943.40889159025,175.04982609087392,57.6360210925185,high,commercial,10.5
1723.1743453678903,1120.0633244891287,215736.93813698558,123.03477581952288,49.33628008059914,high,residential,9.0
1324.3204231482853,860.8082750463855,165801.46632887077,94.556576247355,47.82397027861314,high,residential,9.0
2630.0567162418556,1709.5368655572063,329276.2479977005,187.78624423308864,58.07993294256137,high,commercial,10.5
1704.4300160874584,1107.879510456848,213390.19695129988,121.69642932132633,47.700757437180776,high,commercial,3.5
2590.18048237069,1683.6173135409483,324283.8474185455,184.93907818279652,57.98336823601654,high,commercial,10.5
1232.132362760468,800.8860357943041,154259.76137352615,87.97434191132197,53.28819465734528,high,commercial,10.5
2738.6663429742894,1780.1331229332882,342873.8902713578,195.54097962175535,58.335701537900455,high,commercial,10.5
3727.0284412383994,2422.56848680496,466614.2496977411,266.1101066026218,51.75048061247088,high,mixed_unknown,10.0
5830.959233958579,3790.1235020730765,730020.9029442342,416.33092094909676,63.11282659888815,high,commercial,10.5
12220.07901836072,7943.051361934468,1529922.0524608719,872.5145465184353,60.593580540447626,high,residential,9.0
4953.079535008355,3219.501697755431,620112.6520390097,353.65024545784723,55.403263573688776,high,residential,9.0
2183.5570764370746,1419.3120996840985,273375.6564936034,155.90613689830204,50.69667009069987,high,residential,9.0
1376.0766279176023,894.4498081464416,172281.20831002214,98.25197309920563,48.044174748547334,high,residential,9.0
37156.41151886831,24151.667487264403,4651885.907416458,2652.9705329996063,64.30632527077074,high,mixed_unknown,10.0
2452.9877222956216,1594.442019492154,307107.67132660263,175.1435049575615,57.639402590654655,high,commercial,10.5
829.195418711584,538.9770221625296,103813.10587110731,59.2046142782925,50.97001911791963,high,residential,21.0
2475.418094039129,1609.0217611254338,309915.89542431314,176.7450351604858,51.41749146043776,high,residential,9.0
13267.390087033264,8623.803556571622,1661042.669384954,947.2926343502393,91.59936996767078,high,commercial,200.0
860.5219603035313,559.3392741972954,107735.10725398237,61.44133166694615,51.18292813113947,high,residential,21.0
874.3241107893313,568.3106720130653,109463.1005319212,62.42680623335466,51.27428776034429,high,residential,21.0
5699.53302450123,3704.6964659257997,713566.6839643054,406.9470798648434,54.06955851672286,high,mixed_unknown,10.0
2168.0133247821605,1409.2086611084044,271429.61928720743,154.7963118794944,50.6556239923946,high,residential,9.0
19853.44999850618,12904.742499029018,2485600.209663658,1417.5377995711842,63.382972531531344,high,residential,9.0
2152.042454947627,1398.8275957159576,269430.1079976223,153.65599059104397,50.613142483126396,high,residential,9.0
8194.111672094055,5326.172586861137,1025881.430768803,585.0601799674483,60.23802038138724,high,residential,12.0
10846.006968800217,7049.904529720141,1357891.8121380294,774.4057004623181,59.907978448489885,high,residential,9.0
2312.847136783123,1503.35063890903,289562.4351707474,165.13745677787728,51.027181188853234,high,residential,9.0
8843.543383463053,5748.303199250985,1107188.5888729345,631.4296522342345,76.09408141920204,high,commercial,40.0
3473.076768470911,2257.499899506092,434820.16196373006,247.97793836791524,59.83736486991605,high,commercial,10.5
3141.182035563624,2041.7683231163558,393267.8061886539,224.28062986938934,46.005415206005914,high,residential,3.0
3416.0904198391527,2220.4587728954493,427685.619598664,243.9091088571181,53.26826627496819,high,residential,9.0
1219.6213461148575,792.7538749746574,152693.41468820072,87.08105439668087,47.35092888240346,high,residential,9.0
3126.5126029273792,2032.2331919027965,391431.23144526966,223.2332312932373,59.172877038065465,high,commercial,10.5
2725.2289136441877,1771.3987938687221,341191.55913179496,194.58154617286266,51.969925890731325,high,residential,9.0
7655.638516944695,4976.165036014052,958465.9947897561,546.613156828598,57.90579735738316,high,residential,9.0
1683.56888131081,1094.3197728520265,210778.4372330363,120.2069427540006,57.423548605001415,high,commercial,14.0
1129.7354640677609,734.3280516440445,141439.9364625585,80.6631957645971,46.9112411098787,high,residential,9.0
15492.813826244874,10070.328987059169,1939659.9229701527,1106.188054069878,61.95749869582441,high,residential,9.0
1013.4250231496399,658.7262650472659,126878.1723180946,72.35862167300935,46.28729828547087,high,residential,9.0
3570.110322275409,2320.571709479016,446968.5100694255,254.9061412925934,60.01154929286545,high,commercial,10.5
4332.176378929128,2815.9146463039333,542377.1947231538,309.3177141506146,61.234568985537706,high,commercial,10.5
1116.7055167076514,725.8585858599735,139808.62100390362,79.73285655852624,46.844617863768775,high,residential,9.0
2764.02477279831,1796.6161023189015,346048.6996114004,197.3515733883817,52.05114923194121,high,residential,9.0
2674.17945005433,1738.2166425353146,334800.2993048271,190.93661069354292,51.86126910330188,high,residential,9.0
4888.245815746443,3177.3597802351883,611995.6393181572,349.02111310314507,55.32754104036459,high,residential,9.0
960.6300056033892,624.409503642203,120268.37368400174,68.5890535119862,45.9800729477599,high,residential,9.0
2715.0051501278786,1764.753347583121,339911.5705785912,193.85156870097055,51.94832886983749,high,residential,9.0
2639.2966958396705,1715.542852295786,330433.0693676561,188.44597946037428,51.78582338677526,high,residential,9.0
2706.8346211641096,1759.4425037566714,338888.6416414576,193.2681923281233,51.93101064356824,high,residential,9.0
1456.9373374399288,947.0092693359537,182404.75845155268,104.0254337449205,48.372164227850014,high,residential,9.0
1077.2953625150806,700.2419856348024,134874.57238609152,76.91896863178799,46.63827853476919,high,residential,9.0
12430.482763630856,8079.813796360057,1556264.0531406943,887.5373895061381,60.69170148361444,high,residential,9.0
1450.524222282107,942.8407444833696,181601.85314380622,103.56753684791269,48.34682362883813,high,residential,9.0
1282.5434557808794,833.6532462575716,160571.09886853772,91.57369768472707,47.639858159810764,high,residential,9.0
1306.1724747998833,849.0121086199241,163529.39048194504,93.26081139185327,47.74471522485257,high,residential,9.0
1149.921015368439,747.4486599894853,143967.1148899309,82.1044456217276,47.0129505926448,high,residential,9.0
1174.59274394195,763.4852835622675,147055.95102267852,83.86600886823356,47.13486919975363,high,residential,9.0
1313.8019081636173,853.9712403063513,164484.575659833,93.80555349880277,47.77816743560063,high,residential,9.0
1332.9984257961194,866.4489767674776,166887.9296489759,95.17618627881096,47.86148577235424,high,residential,9.0
10520.10599794848,6838.068898666512,1317089.8597549614,751.1363470182546,59.732625561810714,high,residential,9.0
7272.865028557561,4727.362268562415,910543.7513982883,519.2831014224439,64.50979489316273,high,commercial,10.5
10324.395996774434,6710.857397903383,1292587.47754995,737.1626384467365,66.72485629206226,high,commercial,10.5
1144.882260093931,744.1734690610552,143336.27585854326,81.74467812212723,52.82419665795918,high,commercial,10.5
978.3214958963216,635.9089723326091,122483.30217172977,69.85222722853749,46.084863353216434,high,residential,9.0
1685.5391134895503,1095.6004237682077,211025.10516817757,120.34761747741167,55.268055387221494,high,commercial,10.5
387.5977571917167,251.93854217461586,48526.2292756868,27.67450855592418,45.9866084112075,high,commercial,10.5
1636.9290899382331,1064.0039084598516,204939.25687783005,116.87685819742649,55.08313404153557,high,commercial,10.5
764.7282895573794,497.0733882122966,95741.98927655263,54.601656484417965,50.27538222156435,high,commercial,10.5
876.1972577743644,569.5282175533368,109697.61365377557,62.56054906674821,51.134704904010796,high,commercial,10.5
1860.7403656284482,1209.4812376584914,232959.84543158507,132.85699984963296,55.89297642308053,high,commercial,10.5
712.4447068170934,463.08905943111074,89196.22094757203,50.868604806400334,49.828204892726085,high,commercial,10.5
1173.2112711295856,762.5873262342307,146882.99422613607,83.7673716071654,47.128110385530256,high,residential,9.0
5372.437396738514,3492.084307880034,672615.1636487809,383.59242782889976,55.870339513523604,high,residential,9.0
9879.518043133688,6421.686728036898,1236889.9169281246,705.3983196241095,59.37153464028052,high,residential,9.0
1825.3926941381103,1186.5052511897718,228534.4090628876,130.3331734885648,49.66734329706147,high,residential,9.0
1195.8372849016691,777.294235186085,149715.71219605944,85.3828706654127,50.145161658724,high,commercial,7.0
2066.571710537705,1343.2716118495082,258729.3935000717,147.5533731130909,61.83655272790259,high,commercial,21.0
2551.9133933481025,1658.7437056762667,319492.9075816447,182.20680519381202,48.95289420870653,high,residential,6.0
21963.667165709292,14276.38365771104,2749793.9006156363,1568.2074615210975,63.9635779276925,high,residential,9.0
1148.0524648802366,746.2341021721538,143733.1772375031,81.97103097854803,47.00361070046817,high,residential,9.0
1260.3952706282093,819.2569259083361,157798.20379673468,89.9923156252778,53.431479269154835,high,commercial,10.5
584.4892241390162,379.91799569036056,73176.5279170824,41.7325738711121,48.57842078248088,high,commercial,10.5
1671.330176926223,1086.364615002045,209246.18333325413,119.33309835495484,59.08461598743654,high,commercial,17.5
4996.555935008995,3247.761357755847,625555.7840369819,356.7544636362908,55.45348876942593,high,residential,9.0
1105.1176439985907,718.3264685990839,138357.84953409035,78.90548158929172,46.7847123004846,high,residential,9.0
5578.601539586749,3626.091000731387,698426.3771520895,398.31256288983667,62.83312512323443,high,commercial,10.5
2511.1473429211246,1632.245772898731,314389.10428820807,179.2961061755651,51.4998323202597,high,residential,9.0
8573.97588744115,5573.084326836747,1073439.4407560595,612.1825130631807,64.39166956081195,high,residential,21.0
3106.5952803547016,2019.2869322305562,388937.63455574616,221.81113298714206,59.1324808016085,high,commercial,10.5
1463.5613908155933,951.3149040301357,183234.0726745524,104.49839164629722,54.37573767303382,high,commercial,10.5
3112.109863812068,2022.8714114778443,389628.0460358098,222.20487465422235,59.14369131894055,high,commercial,10.5
3451.412362571034,2243.418035671172,432107.8347938416,246.43109818292788,59.79781113608159,high,commercial,10.5
1648.813460210818,1071.7287491370316,206427.14907004248,117.72540311464523,55.128846303010135,high,commercial,10.5
1718.1650794261514,1116.8073016269984,215109.79109322318,122.67711386046518,55.389205042862834,high,commercial,10.5
6464.542154319308,4201.95240030755,809343.8337097401,461.5687883646648,75.56398248579528,high,commercial,48.0
8779.160852459816,5706.45455409888,1099128.0637464519,626.8327347546015,65.69982534339135,high,commercial,10.5
4677.485521849469,3040.3655892021548,585608.9996792778,333.97281251709217,61.719375359562214,high,commercial,10.5
867.0079545279684,563.5551704431795,108547.13683097533,61.90443213470523,66.95867204758879,high,commercial,80.0
9818.410609595787,6381.966896237262,1229239.4254707082,701.035244345945,66.40715522705491,high,commercial,10.5
3071.308489171078,1996.3505179612007,384519.8202428196,219.29165348448004,52.656889513457685,high,residential,9.0
2033.6782660646759,1321.8908729420393,254611.21995920734,145.20477874273595,50.288116511880574,high,residential,9.0
3623.163872112268,2355.0565168729745,453610.67627267085,258.6941686783042,60.10479469232827,high,commercial,10.5
10189.50621039213,6623.179036754885,1275699.627763713,727.5314977136455,66.64170918402745,high,commercial,10.5
380.3179289536643,247.2066538198818,47614.8137486031,27.154728280828348,45.86703259573793,high,commercial,10.5
494.8040614972268,321.62263997319747,61948.17923799017,35.329046619425796,47.52711652681913,high,commercial,10.5
1306.7990482047808,849.4193813331075,163607.83583963857,93.30554877934588,53.65991080473045,high,commercial,10.5
479.74421638393505,311.8337406495578,60062.72586973847,34.253772563511845,47.33208102935726,high,commercial,10.5
887.278082532008,576.7307536458053,111084.90404123557,63.35172077471665,45.52398470826963,high,residential,9.0
893.4186555103228,580.7221260817098,111853.68777824362,63.79015813993234,45.56358450014963,high,residential,9.0
938.3012110195898,609.8957871627334,117472.86678201723,66.99477592578442,45.84502791664241,high,residential,9.0
952.6936831033688,619.2508940171897,119274.76678588107,68.02239949798798,45.932436499704046,high,residential,9.0
998.6589294197497,649.1283041228373,125029.49585764618,71.30432148761561,46.20301225682611,high,residential,9.0
944.8816774502267,614.1730903426474,118296.72403306962,67.46462171605961,45.88515750559577,high,residential,9.0
828.4713994801126,538.5064096620732,103722.46054983162,59.15291925156898,57.26329486230287,high,commercial,24.5
2722.317661058503,1769.506479688027,340827.07789362693,194.37368252273544,51.96378432197216,high,residential,9.0
1113.4087272873558,723.7156727367812,139395.8715585971,79.49746554986794,46.82763797412841,high,residential,9.0
1169.228265541746,759.9983726021349,146384.33230465787,83.4829847133464,47.108579044852995,high,residential,9.0
2207.604247364662,1434.9427607870305,276386.29963642877,157.62310668265533,50.75959910582708,high,residential,9.0
1317.9910774502832,856.6942003426841,165009.04873922406,94.10466049597949,47.7964529170163,high,residential,9.0
1037.9487463254256,674.6666851115267,129948.47856068987,74.10961732316144,46.424607222183084,high,residential,9.0
1246.7827272103627,810.4087726867358,156093.9488296634,89.02037901755703,47.477435394549154,high,residential,9.0
4421.5790868855,2874.026406475575,553570.1808115959,315.70107411685314,61.3636982231717,high,commercial,10.5
1891.441817501563,1229.437181376016,236803.58721039604,135.04908578608885,49.87154795063652,high,residential,9.0
1713.5857421319388,1113.8307323857603,214536.46999590905,122.35014883866694,49.30422370964109,high,residential,9.0
16318.619422474392,10607.102624608355,2043048.631899027,1165.150634772015,62.255985139797154,high,residential,9.0
952.585964087319,619.1808766567574,119261.28064574432,68.01470835226799,45.93178721112713,high,residential,9.0
1566.873679354019,1018.4678915801125,196168.50200906428,111.87489669576937,48.79004313534197,high,residential,9.0
1027.2376320264439,667.7044608171885,128607.47495933676,73.34484296930975,46.365038447844,high,residential,9.0
1338.8815937573386,870.2730359422701,167624.4869485381,95.5962449067513,47.88678048736821,high,residential,9.0
1396.9074519427872,907.9898437628117,174889.17320118018,99.73929547663306,48.13047535951942,high,residential,9.0
1665.137317542023,1082.339256402315,208470.8534744667,118.89092773648838,49.139460761095016,high,residential,9.0
1073.85982304261,698.0088849776965,134444.45179577987,76.67367085913325,46.61993513894274,high,residential,9.0
895.02213563735,581.7643881642775,112054.4393121196,63.90464673970181,45.57388038063658,high,residential,9.0
908.2182708305761,590.3418760398745,113706.56105446164,64.84685176935947,45.65791905721821,high,residential,9.0
949.0203211975395,616.8632087784007,118814.87144658303,67.7601211859863,45.910253395940536,high,residential,9.0
1094.5715760661328,711.4715244429864,137037.50930778123,78.15249155822764,46.729644512902524,high,residential,9.0
992.4081994914122,645.065329669418,124246.92075752023,70.85801890801379,46.16695688398245,high,residential,9.0
963.8405053511274,626.4963284782328,120670.3198871404,68.81828343163617,45.99923184178357,high,residential,9.0
892.0715412485206,579.8465018115384,111685.03258270689,63.69397408191774,45.554920457009345,high,residential,9.0
1007.6530232769086,654.9744651299906,126155.5329735515,71.94650045481643,46.25449822741485,high,residential,9.0
895.8229897620818,582.2849433453532,112154.70416183054,63.961827783491955,45.57901573514258,high,residential,9.0
1029.615274190875,669.2499282240688,128905.14956313913,73.51460679585824,46.37831487220747,high,residential,9.0
991.4254818566551,644.4265632068258,124123.8870702177,70.78785279614515,46.16126775642863,high,residential,9.0
939.6080019432811,610.7452012631328,117636.47360068896,67.08808089447292,45.853019430587395,high,residential,9.0
980.3012214833869,637.1957939642016,122731.15865685735,69.99357978200575,46.09647171331858,high,residential,9.0
1009.6680069274396,656.2842045028358,126407.80367635662,72.09037043662619,46.26596988198019,high,residential,9.0
3478.659755586408,2261.1288411311652,435519.1374035592,248.3765640612498,53.372567335375074,high,residential,9.0
4181.6746403115685,2718.0885162025197,523534.7691955656,298.5718788722311,64.8811085640457,high,commercial,17.5
2047.8124681583126,1331.0781043029033,256380.78523325373,146.2139618185246,50.32790901097447,high,residential,9.0
1230.0532652658567,799.5346224228068,153999.4637844973,87.8258941962988,47.39984632706478,high,residential,9.0
2059.9390441583114,1338.9603787029025,257899.00095144717,147.07980024261033,50.36183118266305,high,residential,9.0
1228.406861666766,798.4644600833979,153793.33834376035,87.70834085744653,47.392153609307,high,residential,9.0
1628.6418919783255,1058.6172297859116,203901.72128637263,116.28515164961831,54.846899397960236,high,residential,21.0
1776.682227973865,1154.8434481830125,222435.9856191147,126.85524259858113,49.5119562979902,high,residential,9.0
1390.0429802995156,903.5279371946853,174029.75923750992,99.24917169315192,48.10217923518274,high,residential,9.0
1241.8216202309723,807.184053150132,155472.83116250404,88.66615561197605,47.45453546305413,high,residential,9.0
3323.629865934559,2160.359412857463,416109.7991650281,237.30741846381554,53.11058767648751,high,residential,9.0
20993.126191101353,13645.53202421588,2628284.6994362865,1498.9107640885143,71.21187841633517,high,commercial,10.5
1639.7386212404404,1065.8301038062862,205291.00287635162,117.07745894038334,69.43986386346546,high,commercial,66.0
299.46536013568027,194.65248408819218,37492.28280204481,21.381848882006153,48.230314706454706,high,commercial,17.5
1740.7090007283125,1131.460850473403,217932.2312998124,124.28675151028303,71.36213595393869,high,commercial,80.0
950.2636646719496,617.6713820367673,118970.53480992344,67.84889600209934,45.917771424124886,high,residential,9.0
2507.741672487208,1630.032087116685,313962.72322369664,179.05294105447422,61.86607419300518,high,commercial,18.0
2242.0581658780375,1457.3378078207245,280699.84046117327,160.08311901500713,57.07112926401101,high,commercial,10.5
2316.424164401018,1505.6757068606619,290010.2697082047,165.39285681458915,57.27736056340383,high,commercial,10.5
4493.704944446294,2920.908213890091,562600.1502470727,320.85086568590555,61.46598519096615,high,commercial,10.5
1033.55301606887,671.8094604447655,129398.14458608386,73.79576185744364,57.45848098943258,high,commercial,21.0
2267.809390940931,1474.076104111605,283923.82674165553,161.92175839076617,50.91419299162183,high,residential,9.0
901.593509353368,586.0357810796892,112877.15817899369,64.37384330948011,51.31516558550106,high,commercial,10.5
1233.9287041906628,802.0536577239308,154484.65864003933,88.10260082241443,47.41791353805027,high,residential,9.0
1116.0593233933187,725.4385602056572,139727.71928467046,79.68671830804756,56.53317382742865,high,commercial,17.5
2272.465896451462,1477.1028326934504,284506.80909858324,162.25423322892203,57.15627025206297,high,commercial,10.5
2656.0833290812825,1726.4541639028337,332534.71211025433,189.64454631647806,51.82225376536837,high,residential,9.0
1050.144098059106,682.593663738419,131475.3048215382,74.98036633972323,46.49168728170799,high,residential,9.0
1392.6507760420157,905.2230044273102,174356.2484695983,99.43536850221192,48.112945275859275,high,residential,9.0
2760.480300556113,1794.3121953614734,345604.94092215423,197.09849780790455,58.385847499319496,high,commercial,10.5
1695.742605702753,1102.2326937067896,212302.55580705125,121.07614757676133,55.30619395989079,high,commercial,10.5
3296.0834550155746,2142.4542457601237,412661.0602928996,235.34060268504064,53.06276246370856,high,residential,9.0
1075.5825338555944,699.1286470061364,134660.1307008702,76.79667253870629,46.62914053580206,high,residential,9.0
1075.5831043026117,699.1290177966977,134660.2021193504,76.79671326866554,52.46389084500722,high,residential,21.0
1460.5012234711141,949.3257952562242,182850.94769659563,104.27989547136849,48.386198323804265,high,residential,9.0
1460.5057750858768,949.3287538058199,182851.51754690424,104.28022045699949,48.38621622555067,high,residential,9.0
1460.504636684987,949.3280138452416,182851.37502207904,104.28013917509168,48.38621174816378,high,residential,9.0
1460.59672851813,949.3878735367846,182862.90467963406,104.28671453879531,48.386573938618696,high,residential,9.0
1169.1155306013193,759.9250948908575,146370.21818385864,83.47493543025459,47.108025263103954,high,residential,9.0
1519.176347094162,987.4646256112054,190196.9202902991,108.46930364155759,48.61245904254793,high,residential,9.0
1627.2839276980578,1057.7345530037376,203731.70769679485,116.1881928994821,49.00736024344201,high,residential,9.0
1018.5615904572999,662.065033797245,127521.25716117385,72.72537295901745,46.3163308616798,high,residential,9.0
1831.0338874808247,1190.172026862536,229240.67177070203,130.73595511083138,49.685070358240154,high,residential,9.0
2014.854835091992,1309.655642809795,252254.5754477591,143.86078437785702,56.395853946692995,high,commercial,10.5
614.1126436635554,399.1732183813111,76885.30285477282,43.84768821807694,48.8905085694949,high,commercial,10.5
2384.0550213340216,1549.635763867114,298477.47677725594,170.22170500606907,57.459247034904436,high,commercial,10.5
3098.2645145405877,2013.871934451382,387894.64438246255,221.21631569131839,59.115507524747116,high,commercial,10.5
1202.0119328811638,781.3077563727566,150488.7620344294,85.82374098823509,53.131832111678555,high,commercial,10.5
1582.7298337707334,1028.7743919509767,198153.65122724095,113.00702729489551,54.87036561227798,high,commercial,10.5
3000.112871872828,1950.073366717338,375606.3144643791,214.20828113903542,52.522117567200674,high,residential,9.0
1650.7893637521415,1073.013086438892,206674.52704500195,117.86648277376462,55.136414517080276,high,commercial,10.5
1457.8388568806831,947.5952569724441,182517.62633653605,104.08980229972653,48.375717526918436,high,residential,9.0
1180.8650482385838,767.5622813550794,147841.22717750102,84.31385185932884,53.019696323336355,high,commercial,10.5
1068.9904740717939,694.843808146666,133834.82199220936,76.325998982157,52.390913009305386,high,commercial,10.5
1376.6434545016436,894.8182454260684,172352.17352142074,98.29244455926626,53.98888828462199,high,commercial,10.5
2349.2797933963507,1527.031865707628,294123.7088497934,167.7387511570372,57.366376158274356,high,commercial,10.5
595.0638569144132,386.7915069943686,74500.44438729895,42.48760343407659,48.691602452326634,high,commercial,10.5
4741.883921292334,3082.224548840017,593671.511493055,338.5708630044893,61.80581645199245,high,commercial,10.5
959.9971861563857,623.9981710016508,120189.14633811126,68.54387015662485,45.97628900541256,high,residential,9.0
1357.5935522330385,882.4358089514751,169967.17539381675,96.9322801270937,47.966500533654276,high,residential,9.0
1187.572541735377,771.922152127995,148680.98788625444,84.79276739153092,58.336008066789205,high,commercial,21.0
1930.6707357692194,1254.9359782499926,241714.94556263715,137.85003345437195,49.989485109070124,high,residential,9.0
1720.5369086713888,1118.3489906364027,215406.73793468863,122.84646264415292,49.32748047907007,high,residential,9.0
1240.7838591032855,806.5095084171356,155342.9061733081,88.5920593906376,53.750507490801645,high,residential,22.43
1955.179802750886,1270.866871788076,244783.41688791692,139.599982651179,50.061959192143554,high,residential,9.0
2642.4746145144377,1717.6084994343846,330830.9365053521,188.6728830890023,51.79273785169431,high,residential,9.0
1274.045414558497,828.129519463023,159507.16624999163,90.96693691237023,47.60167431269235,high,residential,9.0
1441.4415633401163,936.9370161710756,180464.72791004513,102.91903432709874,48.310742443320784,high,residential,9.0
1433.0941738118186,931.5112129776821,179419.6564910604,102.32303009685174,48.27738122641823,high,residential,9.0
1291.6336887846646,839.561897710032,161709.1723551005,92.22274099411383,53.98119781525269,high,residential,22.43
1234.4017971332858,802.3611681366358,154543.88864376477,88.13637969353906,53.25486246614801,high,residential,21.0
1868.7318035910348,1214.6756723341728,233960.35264201017,133.4275891117384,49.8021504867115,high,residential,9.0
949.1657462991016,616.9577350944161,118833.07829037897,67.77050454900314,51.74588049796065,high,residential,21.0
961.7815924787893,625.158035111213,120412.54936022706,68.6712769001375,51.82169973774495,high,residential,21.0
1129.3385613889552,734.070064902821,141390.24528134166,80.63485688394915,52.74397033683308,high,residential,21.0
1233.5290888119453,801.7939077277645,154434.62783586176,88.07406825479197,53.71682694362784,high,residential,22.43
2303.285353597105,1497.1354798381183,288365.3248300402,164.45474475057193,51.0033781238503,high,residential,9.0
440.6792846738056,286.44153503797367,55171.89820721633,31.464533547575474,47.34247934157296,high,residential,21.0
1253.1188466188123,814.527250302228,156887.21447020856,89.47277841235996,53.807323975084486,high,residential,22.43
963.1508667358983,626.0480633783338,120583.9789294361,68.76904318345741,45.99512175432825,high,residential,9.0
1257.9860925422709,817.6909601524761,157496.5809777296,89.8203001315992,53.82958950152067,high,residential,22.43
438.57010034012535,285.0705652210815,54907.83382433026,31.313937630015545,47.31496391198195,high,residential,21.0
1862.6600469541563,1210.7290305202016,233200.18453164204,132.99406523839548,49.78345353000261,high,residential,9.0
969.2156980149064,629.9902037096891,121343.28000304353,69.20207258573573,46.03116643050399,high,residential,9.0
1304.6700433402104,848.0355281711368,163341.28997792944,93.15353767441316,47.73810461935378,high,residential,9.0
974.4802950520246,633.4121917838161,122002.39383465669,69.57796520390471,46.062272917637465,high,residential,9.0
15204.841703490332,9883.147107268716,1903606.563541447,1085.6268231876873,70.17032665491806,high,commercial,12.0
4190.802171667962,2724.0214115841754,524677.5123386903,299.2235852867551,62.02284558403299,high,commercial,12.0
6483.529716954443,4214.294316020388,811721.0270776657,462.9245017423928,63.78348262957175,high,commercial,10.5
2609.455758851625,1696.1462432535563,326697.0618102982,186.31533435041305,58.030229615576836,high,commercial,10.5
5487.222403419962,3566.694562222975,686985.9474014849,391.7880858030669,66.81585637468072,high,commercial,18.0
5341.374145156909,3471.893194351991,668726.1254891725,381.3745093664751,63.55641959753652,high,commercial,12.0
3098.975478103114,2014.334060767024,387983.6551680041,221.26707854231276,63.204100295298225,high,commercial,18.0
1281.6974176042147,833.1033214427396,160465.17709325638,91.51329049628411,55.700252920220215,high,commercial,14.0
8144.872156129672,5294.166901484286,1019716.7716685449,581.5444748825712,69.31284848445121,high,commercial,18.0
543.1878162488699,353.07208056176546,68005.6992641845,38.78365029036442,48.11587299145309,high,commercial,10.5
789.2166116845492,512.990797594957,98807.86340010217,56.35012449707827,50.47442806905923,high,commercial,10.5
2271.628220612313,1476.5583433980034,284401.93426616996,162.19442311199674,50.9238601046572,high,residential,9.0
1816.5153935383587,1180.735005799933,227422.9941584931,129.6993335685886,55.74096334602788,high,commercial,10.5
3798.954269144791,2469.3202749441143,475619.1759416842,271.24561603954254,60.40428577799308,high,commercial,10.5
1203.561257177648,782.3148171654713,150682.73339942985,85.93436285769485,47.27479646695274,high,residential,9.0
5683.655831381152,3694.376290397749,711578.9007552861,405.81344710073967,62.95106923671282,high,commercial,10.5
968.9812330195097,629.8378014626813,121313.92559654187,69.18533176770784,51.77044881190896,high,commercial,10.5
1590.5545940444208,1033.8604861288736,199133.29082531127,113.56571575767502,54.901528789553524,high,commercial,10.5
8162.804548027654,5305.822956217975,1021961.8604095317,582.824848991556,56.03079511578347,high,mixed_unknown,10.0
1388.3259006082621,902.4118353953704,173814.7853341878,99.12657207608731,48.09507940687797,high,residential,9.0
545.6547933166653,354.6756156558325,68314.55836511703,38.95979263562624,48.14447234409946,high,commercial,10.5
697.8540415897745,453.6051270333534,87369.50767854901,49.826830229076506,49.69755278682397,high,commercial,10.5
4831.522975287726,3140.4899339370218,604894.0874897589,344.9710980954095,61.92420376327821,high,commercial,10.5
8747.696462154425,5686.002700400376,1095188.8040638322,624.5861749576036,58.67221069762962,high,residential,9.0
930.5207481663055,604.8384863080986,116498.77310556002,66.43925030210087,51.51463166501693,high,commercial,10.5
1805.4520291262088,1173.5438189320357,226037.88976079426,128.90940853058098,55.70235717542046,high,commercial,10.5
2216.1493590811315,1440.4970834027356,277456.12535818765,158.23322829177442,56.997669475289555,high,commercial,10.5
2069.7355165556573,1345.3280857611774,259125.49376990634,147.7792690969776,56.5656927590369,high,commercial,10.5
1466.315010585008,953.1047568802552,183578.81869485142,104.69500030167377,54.38761478592572,high,commercial,10.5
1869.7436926158948,1215.3334002003317,234087.03851134452,133.49983806301978,55.92348053234143,high,commercial,10.5
877.3554107495512,570.2810169872083,109842.61138858556,62.643241274910345,51.14304756450999,high,commercial,10.5
3457.7941077886107,2247.566170062597,432906.8126668068,246.88675526387993,59.809488321091486,high,commercial,10.5
1020.0592487613172,663.0385116948562,127708.76007853835,72.83230587279043,52.09493907646896,high,commercial,10.5
1577.9659089339157,1025.6778408070452,197557.22025055392,112.6668827088909,48.83056652837898,high,residential,9.0
2153.629672194016,1399.8592869261106,269628.82346121693,153.76931801993203,56.816810259280246,high,commercial,10.5
1511.1012153955448,982.2157900071041,189185.93484219536,107.89273864050402,54.5777218438167,high,commercial,10.5
6370.4450375631095,4140.789274416022,797563.1198713116,454.850247262609,56.849589373207735,high,residential,9.0
1778.0810869936904,1155.7527065458987,222611.11912352976,126.95512123614903,49.516477758711645,high,residential,9.0
1876.4446898682727,1219.6890484143773,234925.98590722383,133.97828976288977,49.82581366907893,high,residential,9.0
1168.59950164756,759.5896760709139,146305.612703413,83.43809092475644,47.10548972074524,high,residential,9.0
1218.2077292361894,791.8350240035231,152516.43353831163,86.98012204689913,47.34426799447377,high,residential,9.0
1285.7250048416374,835.7212531470643,160969.4205211004,91.80086052318357,47.65408865844104,high,residential,9.0
1994.498451190181,1296.4239932736177,249706.00922384625,142.40733706035954,50.17634999140892,high,residential,9.0
678.3416679345889,440.9220841574828,84926.60933836056,48.43364530566703,49.51850016932202,high,commercial,10.5
1887.997514344985,1227.1983843242401,236372.3694296687,134.8031622857401,55.98487817665011,high,commercial,10.5
3402.414957273972,2211.569722228082,425973.48731828865,242.93267981762003,59.707430987732614,high,commercial,10.5
1018.3726400358579,661.9422160233077,127497.60106073854,72.7118818849392,46.31526548200375,high,residential,9.0
1054.1858220794027,685.2207843516118,131981.3181377632,75.26894573396636,46.51374702986412,high,residential,9.0
2628.746300200218,1708.6850951301417,329112.1873237075,187.6926804307104,58.07678294938485,high,commercial,10.5
1299.1966020903822,844.4777913587484,162656.02939504944,92.7627335639967,47.71395731416621,high,residential,9.0
1271.7237801680203,826.6204571092132,159216.50367355454,90.80117204502815,47.591198357677136,high,residential,9.0
3623.25006228182,2355.1125404831832,453621.4670573216,258.70032266279054,53.606591918533695,high,residential,9.0
1726.631212578817,1122.310288176231,216169.72890458038,123.2815963942822,49.347793286649775,high,residential,9.0
2074.260608515936,1348.2693955353584,259692.02349275365,148.10236099791743,50.40163735869427,high,residential,9.0
1955.746746219879,1271.2353850429215,244854.39673300693,139.64046245683386,50.06362489612033,high,residential,9.0
1021.145356977579,663.7444820354264,127844.73799725075,72.9098540798321,52.10166131199564,high,commercial,10.5
596.657581742254,387.8274281324651,74699.97458313522,42.60139550476202,48.70848597426133,high,commercial,10.5
1308.020197477499,850.2131283603744,163760.72054675635,93.39273892781516,47.75283468014567,high,residential,9.0
1136.387212165146,738.6516879073449,142272.71799255625,81.13813107115483,46.944956660528995,high,residential,9.0
1290.5651868756524,838.8673714691741,161575.3987001808,92.14644987871311,53.58093159517382,high,commercial,10.5
1635.9746703865274,1063.3835357512428,204819.76603679208,116.80871257078253,62.32309052004879,high,commercial,27.0
1059.8615833088409,688.9100291507466,132691.9086549254,75.67419550590397,50.02270703587786,high,residential,15.0
1304.4501929500566,847.8926254175368,163313.76528192434,93.13784034028146,51.21526055371343,high,residential,15.0
1023.6965455904727,665.4027546338073,128164.14016420797,73.09200913564781,49.82333239493726,high,residential,15.0
953.0653464590881,619.4924751984073,119321.2980696111,68.04893628909922,49.41280008021698,high,residential,15.0
932.7216858218957,606.2690957842323,116774.32476527677,66.59639741363735,49.28890539538109,high,residential,15.0
1135.6208849267814,738.153575202408,142176.77581905527,81.08341524960721,50.41920636100342,high,residential,15.0
1014.8846785690486,659.6750410698816,127060.9173733264,72.46284117800805,49.773687281608346,high,residential,15.0
1151.8606137951597,748.7093989668538,144209.9475591387,82.2429330929768,50.500753490470466,high,residential,15.0
1020.9084055500554,663.590463607536,127815.07229592542,72.89293573036628,49.80767063401679,high,residential,15.0
1148.4880706782067,746.5172459408344,143787.71394839452,82.0021332647694,50.48391332002519,high,residential,15.0
1023.5683321745096,665.3194159134313,128148.08817860228,73.08285468825687,49.822613119659415,high,residential,15.0
978.7709291577845,636.20110395256,122539.5700450216,69.88431679667582,49.565624617497775,high,residential,15.0
1230.0807086873865,799.5524606468013,154002.89962936623,87.82785365862757,50.878098367960334,high,residential,15.0
1094.9403394098906,711.7112206164289,137083.67751756994,78.17882128827014,50.20970289076738,high,residential,15.0
1072.993353452286,697.445679743986,134335.97206074448,76.61180486624257,50.09342343498109,high,residential,15.0
1026.9348460337542,667.5076499219402,128569.5669419912,73.32322402701759,49.84146942996156,high,residential,15.0
982.549876605252,638.6574197934139,123012.68441901909,70.15413392416659,49.58775250109924,high,residential,15.0
955.4345267087575,621.0324423606924,119617.91326373364,68.2180959343073,49.42705651958813,high,residential,15.0
1027.480854576946,667.8625554750149,128637.92578891896,73.36220907742049,49.844521878112225,high,residential,15.0
1046.7989366387214,680.419308815169,131056.49932785863,74.74152156667778,49.95148902709226,high,residential,15.0
1050.9399242067395,683.1109507343807,131574.94018161725,75.03718838557631,49.97416150368609,high,residential,15.0
1541.3845705634487,1001.8999708662417,192977.3320029067,110.0549724412577,52.173950380712476,high,residential,15.0
1032.0085549171913,670.8055606961743,129204.78207414165,73.68548721688299,49.86977162475377,high,residential,15.0
4490.037601403295,2918.524440912142,562141.0084537183,320.58901712115556,67.78194471245108,high,commercial,24.0
2176.90049952046,1414.985324688299,272542.27040802,155.43085681369382,64.0608383344925,high,residential,60.0
1483.742540554319,964.4326513603074,185760.7000378371,105.9393272315785,54.462271437475316,high,commercial,10.5
1447.287005727241,940.7365537227066,181196.56206602845,103.33639934625603,54.30508254802877,high,commercial,10.5
673.7276428791934,437.9229678714757,84348.94542372873,48.104203575152496,49.47540851394716,high,commercial,10.5
897.0603414651074,583.0892219523198,112309.61737100573,64.05017478668458,45.58694105435097,high,residential,9.0
649.2225406586025,421.99465142809163,81280.97047620511,46.35453746257978,54.52202108262673,high,commercial,21.0
1552.6797343546898,1009.2418273305484,194391.45707889134,110.86144797209174,61.07035947655095,high,commercial,24.0
479.27821991462235,311.5308429445045,60004.3843259809,34.22050038110691,47.32594903739435,high,commercial,10.5
887.5836406922981,576.9293664499938,111123.15912674154,63.373537649980705,45.525961677988754,high,residential,9.0
2608.4936131604222,1695.5208485542746,326576.60367672646,186.2466370768371,51.71836794868475,high,residential,9.0
1822.9771899531243,1184.9351734695308,228231.99423276505,130.16070631094593,49.65973599355823,high,residential,9.0
1558.891286080358,1013.2793359522327,195169.1271701258,111.30495322512274,48.76070316224447,high,residential,9.0
1628.5293442914785,1058.544073789461,203887.63060923363,116.27711573644595,49.011755135765924,high,residential,9.0
2739.7795189712883,1780.8566873313375,343013.2570056907,195.62046047034542,52.00052382456886,high,residential,9.0
2412.2155116083386,1567.9400825454202,302003.096784627,172.2323660962728,51.268883370071364,high,residential,9.0
2279.097566303407,1481.4134180972146,285337.0768845678,162.72773494726903,50.94272138692227,high,residential,9.0
2867.7314807803004,1864.0254625071952,359032.5092325473,204.75624001532174,58.62677275688566,high,commercial,10.5
1124.640629947844,731.0164094660986,140802.07650584469,80.29942423128323,52.711504860252525,high,commercial,10.5
1406.863561362648,914.4613148857212,176135.65215890805,100.45016242622528,48.17126961562813,high,residential,9.0
3039.9683180280144,1975.9794067182095,380596.112475658,217.05396294486778,58.99544129482106,high,commercial,10.5
3492.299066589823,2269.994393283385,437226.7436025979,249.35041187656162,59.87225395782853,high,commercial,10.5
919.9849848929,597.9902401803851,115179.72299571446,65.68699602445596,51.44270936464503,high,commercial,10.5
1660.136308151506,1079.088600298479,207844.74012940403,118.53385529579911,55.17209342584229,high,commercial,10.5
1122.7483225886567,729.7864096826269,140565.16455507049,80.1643133457567,46.87561129468256,high,residential,9.0
1777.6701447468943,1155.4855940854814,222559.67022498205,126.92577992930727,55.60435879993435,high,commercial,10.5
2354.0635207014766,1530.1412884559597,294722.61904391536,168.08030964074493,51.12867168221307,high,residential,9.0
2023.3411418938958,1315.1717422310323,253317.03894743646,144.46670731172304,50.25883865370917,high,residential,9.0
1877.020772297799,1220.0635019935694,234998.10992636016,134.0194220910032,49.827577190011965,high,residential,9.0
3150.075611281471,2047.5491473329562,394381.25869542744,224.91563183400228,52.80240235518249,high,residential,9.0
422.5832691460837,274.6791249449544,52906.3242141236,30.17247669931469,46.531683922725506,high,commercial,10.5
2325.3586678603715,1511.4831341092415,291128.8462615735,166.03078102297536,51.05817921404978,high,residential,9.0
1548.6494837978162,1006.6221644685805,193886.8802103916,110.57368778398633,48.72283785708525,high,residential,9.0
1188.0962826945715,772.2625837514715,148746.55888968616,84.83016253478802,47.20051969980385,high,residential,9.0
1520.6104483615004,988.3967914349753,190376.4660322756,108.57169857820678,48.6178791867373,high,residential,9.0
1881.19334694161,1222.7756755120465,235520.5053997048,134.31734422945163,49.8403342757843,high,residential,9.0
3401.610532206559,2211.0468459342637,425872.77539585857,242.87524380825815,53.24385669694016,high,residential,9.0
1332.2916214254387,865.9895539265352,166799.43958341616,95.12572039442225,47.858439359560094,high,residential,9.0
1515.31351703653,984.9537860737445,189713.30403207356,108.19349728949156,48.597834113793006,high,residential,9.0
1421.3228961995642,923.8598825297167,177945.92320524712,101.48256000395244,48.23000459268679,high,residential,9.0
1065.701866109744,692.7062129713337,133423.09684415764,76.0911921302231,46.57614133412713,high,residential,9.0
1445.5721676017843,939.6219089411597,180981.86880090347,103.21395977715525,48.32717949941432,high,residential,9.0
4297.3581342321595,2793.2827872509038,538018.0412095118,306.8316889017846,61.18355683166933,high,commercial,10.5
1196.1038235412418,777.4674853018072,149749.08213924087,85.40190154400908,53.10070279002854,high,commercial,10.5
855.0167708328065,555.7609010413242,107045.87187656929,61.04826073120747,50.98015888991985,high,commercial,10.5
983.2359405044374,639.1033613278843,123098.57783158898,70.20311893735519,51.86269440566418,high,commercial,10.5
3078.3570213954335,2000.932063907032,385402.2781116534,219.79491920707596,59.07476209267326,high,commercial,10.5
2015.3413703256579,1309.9718907116776,252315.48839129784,143.89552302955715,56.39737984322314,high,commercial,10.5
3402.2320627035615,2211.450840757315,425950.58939462324,242.91962113175364,59.70709119035173,high,commercial,10.5
8978.663941926165,5836.131562252007,1124105.3307223886,641.0772701109782,71.8305066450312,high,residential,57.0
1344.5927990788448,873.9853194012492,168339.51497367412,96.00402538948636,47.91122982913066,high,residential,9.0
4388.604363616989,2852.592836351043,549441.8313773171,313.346676434484,61.31637742072693,high,commercial,10.5
6296.415010725601,4092.6697569716407,788294.7534038932,449.56449786624034,63.59834510332894,high,commercial,10.5
905.9178026443126,588.8465717188031,113418.54843164136,64.68259817056507,45.64335682884382,high,residential,9.0
6234.827086454891,4052.6376061956794,780584.1057586959,445.1671155141843,56.72591703760364,high,residential,9.0
9824.858240911664,6386.157856592582,1230046.6521115077,701.4956056991929,66.41130567220269,high,commercial,10.5
5828.036247006306,3788.223560554099,729654.9525939445,416.1222194643266,63.10965671245987,high,commercial,10.5
945.4061235980487,614.5139803387317,118362.38332428006,67.50206720983692,45.888343708871325,high,residential,9.0
1127.0590515259428,732.5883834918628,141104.8565859834,80.47209971098634,46.89761925361023,high,residential,9.0
996.0198167289843,647.4128808738399,124699.08582523438,71.11588864613117,46.1878169402875,high,residential,9.0
954.9208326357029,620.6985412132069,119553.60010426851,68.18141813946434,45.94584448808684,high,residential,9.0
1191.8984480502431,774.733991232658,149222.58008529418,85.10163742264326,47.21887030244638,high,residential,9.0
914.2925298084995,594.2901443755246,114467.04245140846,65.28055431003826,45.696193442888685,high,residential,9.0
945.2635590904727,614.4213134088072,118344.5346193976,67.49188809344245,45.887477751821606,high,residential,9.0
1050.395125758347,682.7568317429256,131506.73283540536,74.99828973603168,46.49305986054887,high,residential,9.0
1552.8530314286065,1009.3544704285943,194413.15342100288,110.87382139599795,48.73840912206298,high,residential,9.0
1057.0287335510498,687.0686768081823,132337.24324652329,75.47192982349223,46.52921309244167,high,residential,9.0
1125.9410989982152,731.8617143488399,140964.891842449,80.39227781774866,46.89191975593145,high,residential,9.0
921.7746127733708,599.153498302691,115403.77974329499,65.81477558760113,45.74299101316855,high,residential,9.0
1266.5605969802293,823.264388037149,158570.0865916332,90.43252038320843,47.56783175611663,high,residential,9.0
935.3818388078624,607.9981952251106,117107.36898782519,66.7863325337567,45.82713462975098,high,residential,9.0
901.0092251708343,585.6559963610423,112804.00732175136,64.3321253755948,45.61216107917572,high,residential,9.0
8349.812473278247,5427.3781076308605,1045374.765383056,596.1772286979569,58.40465698467965,high,residential,9.0
1226.304568128248,797.0979692833613,153530.13667047393,87.55823694317128,47.38231578474276,high,residential,9.0
8101.284234138027,5265.834752189718,1014259.6774078805,578.4322940257143,58.230988551964955,high,residential,9.0
888.5509075319018,577.5580898957362,111244.25841474946,63.44260057393162,45.53221544187864,high,residential,9.0
1426.0060308586649,926.9039200581321,178532.23946219086,101.81693616528744,48.24889991080802,high,residential,9.0
981.3489991204119,637.8768494282677,122862.33768692348,70.06839118285245,46.10260601024625,high,residential,9.0
1450.1882085735765,942.6223355728248,181559.78510301554,103.54354544424977,48.345492828987226,high,residential,9.0
977.4619890073529,635.3502928547795,122375.69414876204,69.790858373039,46.079816223256174,high,residential,9.0
1014.9802504843497,659.7371628148273,127072.88272809992,72.46966501983539,46.29610412955303,high,residential,9.0
897.9179464734916,583.6466652077696,112416.98728347983,64.11140784776855,45.59242766662023,high,residential,9.0
933.163287436111,606.5561368334721,116829.61213673934,66.62792780158246,45.81349943762352,high,residential,9.0
890.4592524330217,578.7985140814641,111483.17822398616,63.57885654113932,45.54453373109804,high,residential,9.0
1805.0954532966155,1173.3120446428002,225993.24739602316,128.88394898995202,49.60310454765789,high,residential,9.0
1497.917079584389,973.646101729853,187535.31539122295,106.95139036761445,48.53150497386739,high,residential,9.0
954.731095309551,620.5752119512082,119529.84548541385,68.16787088033152,45.94470344060511,high,residential,9.0
972.1656720748422,631.9076868486475,121712.6090688951,69.41270095199087,46.048617427913655,high,residential,9.0
1597.6383723609354,1038.464942034608,200020.16141304607,114.07149805386018,48.90174099836803,high,residential,9.0
944.2243647047624,613.7458370580955,118214.43019003156,67.417689537375,45.88116159330309,high,residential,9.0
1495.694350040491,972.2013275263191,187257.035443871,106.79268731363963,48.52297473915071,high,residential,9.0
968.774502410686,629.7034265669458,121288.0434629744,69.17057118693431,46.028551913885835,high,residential,9.0
1519.609538493777,987.7462000209551,190251.1547248074,108.50023353955767,48.614096815696186,high,residential,9.0
941.1643495564695,611.7568272117052,117831.32426664078,67.19920422926523,45.86252260389171,high,residential,9.0
1401.464403077542,910.9518620004023,175459.6916096596,100.06466212498889,48.149182991131426,high,residential,9.0
1816.938416794919,1181.0099709166975,227475.95556798507,129.7295374604219,49.64067353139233,high,residential,9.0
903.3360912239145,587.1684592955445,113095.32488871482,64.49826378403407,45.62697024530421,high,residential,9.0
1446.3854586278826,940.1505481081238,181083.69071825992,103.27202881662365,48.33041032551259,high,residential,9.0
993.8172900594575,645.9812385386474,124423.33522511311,70.95862807888201,46.175104547812545,high,residential,9.0
1016.111569871021,660.4725204161637,127214.5209675454,72.55044130779115,46.30250130172902,high,residential,9.0
1000.977801798879,650.6355711692713,125319.81263745925,71.46988914714301,46.216330641007794,high,residential,9.0
918.7339242953358,597.1770507919683,115023.09346866289,65.59767020517845,45.72401860006208,high,residential,9.0
1028.9921990091796,668.8449293559668,128827.14217387555,73.47011918176123,46.37483867061657,high,residential,9.0
976.2194335284,634.54263179346,122220.12944039969,69.70213981985995,46.072511941871106,high,residential,9.0
1189.1088256617033,772.9207366801072,148873.32663088915,84.90245817759609,47.205412318410254,high,residential,9.0
5931.766395522609,3855.648157089696,742641.6969089105,423.5285597471517,56.43953959815631,high,residential,9.0
1206.6724017966694,784.3370611678351,151072.24059933293,86.15649881379957,47.289623724308136,high,residential,9.0
1039.583709628748,675.7294112586862,130153.17170620545,74.22635382404897,46.43364584272818,high,residential,9.0
988.0590203152127,642.2383632048883,123702.41485688131,70.54748719287942,46.14173591661396,high,residential,9.0
906.7369909686696,589.3790441296353,113521.10867537378,64.74108827756567,45.64854661569668,high,residential,9.0
952.5070642636003,619.1295917713402,119251.4025933961,68.0090748990138,45.93131158696055,high,residential,9.0
1198.3878033423184,778.952072172507,150035.03045919788,85.56497787088055,47.25005555257675,high,residential,9.0
967.8838315208899,629.1244904885784,121176.53378830399,69.10697721946977,46.023270189061385,high,residential,9.0
2951.982306352532,1918.7884991291457,369580.49307023955,210.77175519795762,52.429183614264076,high,residential,9.0
1280.7106685345948,832.4619345474866,160341.63868081334,91.44283653966785,47.631644409588226,high,residential,9.0
931.0528756925535,605.1843692001597,116565.39408533479,66.47724424686643,45.80049878386591,high,residential,9.0
3012.703417656114,1958.2572214764743,377182.6179905205,215.10724703999384,52.54618238523936,high,residential,9.0
1253.0060780673066,814.4539507437493,156873.09614138977,89.46472672943459,47.50603330458155,high,residential,9.0
1294.1431407754358,841.1930415040333,162023.34920571698,92.4019160520204,47.6915724205063,high,residential,9.0
1150.7963275700558,748.0176129205363,144076.70169685988,82.1669429777192,47.01732059961835,high,residential,9.0
1242.2340864133243,807.4521561686608,155524.47085381264,88.69560572792936,47.45644284318187,high,residential,9.0
934.5244310938067,607.4408802109743,117000.02377608693,66.72511355950238,45.821868845316146,high,residential,9.0
3071.967133822901,1996.7786369848857,384602.2808370633,219.33868076137725,52.658121680430135,high,residential,9.0
1084.961990045937,705.2252935298591,135834.41417679004,77.46636640502336,46.679003154509616,high,residential,9.0
937.4984213601463,609.3739738840951,117372.35960840363,66.9374566846726,45.84011304358709,high,residential,9.0
1124.7108318792548,731.0620407215156,140810.86560473914,80.30443665438274,46.88564112252001,high,residential,9.0
3048.589868980718,1981.5834148374668,381675.50819062325,217.66954232111243,52.614225904651526,high,residential,9.0
1573.883293713936,1023.0241409140584,197046.0874626747,112.37538367996339,48.815684657670666,high,residential,9.0
1101.3119971590436,715.8527981533783,137881.39246577246,78.63375812323002,46.76490135948587,high,residential,9.0
913.5449400649509,593.8042110422181,114373.446163436,65.22717634700756,45.69149655060163,high,residential,9.0
1209.174972221467,785.9637319439536,151385.55589582006,86.33518252738618,47.30152291265208,high,residential,9.0
1020.5709127843064,663.3710933097992,127772.81908102483,72.86883872190847,46.327648043943945,high,residential,9.0
1281.3565403786015,832.881751246091,160422.5001527993,91.48895183714144,47.6345402639427,high,residential,9.0
1212.5752076373906,788.1738849643039,151811.2565102403,86.57795958779005,47.31765093719431,high,residential,9.0
973.0055313217179,632.4535953591167,121817.75725826668,69.47266696438949,46.05357606307269,high,residential,9.0
1017.3193347439551,661.2575675835708,127365.72998268456,72.63667580912501,46.30932289528132,high,residential,9.0
1031.8907722515132,670.7290019634836,129190.03599129326,73.67707752583455,46.3909922857803,high,residential,9.0
1011.1294812730973,657.2341628275133,126590.77645641538,72.19471981309368,46.27427601008007,high,residential,9.0
1238.7858615477592,805.2108100060435,155092.76208533862,88.44940221726863,47.440477604767764,high,residential,9.0
2841.289009612297,1846.8378562479932,355721.98074081616,202.86824561648746,52.209569559227646,high,residential,9.0
10617.817112536544,6901.581123148754,1329323.036705307,758.1129278330367,59.78576334288561,high,residential,9.0
1962.2867716662429,1275.4864015830578,245673.19087820133,140.10742075783824,50.08280494983601,high,residential,9.0
2953.3910373752124,1919.7041742938882,369756.86252368963,210.8723386972602,52.431925146938994,high,residential,9.0
10043.649336162747,6528.372068505786,1257438.7271548659,717.1173060964201,59.466236606129726,high,residential,9.0
946.0280431812298,614.9182280677994,118440.24603562067,67.54647231411448,45.89211981156479,high,residential,9.0
2119.392288248127,1377.6049873612826,265342.39220011927,151.32476627172804,50.52530567704305,high,residential,9.0
3581.5442005894556,2328.0037303831464,448400.00184223085,255.72252105062427,53.54006160330292,high,residential,9.0
9896.81523252141,6432.929901138917,1239055.4799699108,706.6333402268402,59.38158879858669,high,residential,9.0
948.1021278784198,616.2663831209728,118699.91603547375,67.69456211503068,45.90469510912407,high,residential,9.0
930.0450712415303,604.5292963069948,116439.21959400199,66.40528693445934,45.79428007270492,high,residential,9.0
895.9089768197412,582.3408349328317,112165.4695174016,63.967967265774135,45.579566841345596,high,residential,9.0
1072.0750529461325,696.8487844149861,134221.00323009782,76.54623814212478,46.61038255133005,high,residential,9.0
949.185731058813,616.9707251882285,118835.58033022255,67.77193146232592,45.911254134099266,high,residential,9.0
1788.1215929016662,1162.279035386083,223868.1643016661,127.6720141012402,49.548827215001914,high,residential,9.0
940.1318276989498,611.0856880043174,117702.05522041826,67.12548209220454,45.85621970368284,high,residential,9.0
3677.9116360428325,2390.642563427841,460464.9536660037,262.60316307572197,53.692639582257506,high,residential,9.0
912.6977185490719,593.2535170568967,114267.37623716836,65.16668466805712,45.686169057108884,high,residential,9.0
932.5618466378633,606.1652003146112,116754.3133159129,66.58498488406514,45.809797409657946,high,residential,9.0
1759.513622264033,1143.6838544716215,220286.52091876278,125.62940287997043,49.45617144086384,high,residential,9.0
6426.925026362399,4177.50126713556,804634.2673047238,458.882922643884,56.900319807876066,high,residential,9.0
904.1393272672357,587.6905627237032,113195.8879484268,64.5556148969878,45.63207353576566,high,residential,9.0
2370.7070681721298,1540.9595943118843,296806.3478208138,169.26866016221015,51.16915190814989,high,residential,9.0
6555.546623691975,4261.105305399784,820737.3561539527,468.06651421459924,57.0142040354096,high,residential,9.0
8094.454931535271,5261.395705497926,1013404.6665164464,577.9446813143294,58.22614145464519,high,residential,9.0
964.1184089196678,626.6769657977841,120705.11268981612,68.83812576700213,46.00088725272519,high,residential,9.0
978.5162866024062,636.0355862915641,122507.6894605849,69.86613529937156,46.08600657244249,high,residential,9.0
1563.3379374916321,1016.1696593695609,195725.8363406224,111.62244446505696,48.777065684348884,high,residential,9.0
1754.982019399298,1140.7383126095438,219719.17604764237,125.30584609997045,49.44135643737486,high,residential,9.0
906.2727638578293,589.077296507589,113462.98865068672,64.70794242748664,45.64560618258849,high,residential,9.0
966.132052555516,627.9858341610854,120957.21562627447,68.98190007166434,46.01286786766013,high,residential,9.0
912.063795572969,592.8414671224299,114188.01073231,65.12142252063639,45.68217959435039,high,residential,9.0
13171.691018677411,8561.599162140317,1649061.3953802937,940.4597137853815,61.0245990352116,high,residential,9.0
897.4565471819844,583.3467556682899,112359.22129440511,64.07846390419924,45.589476470189425,high,residential,9.0
19973.607452647087,12982.844844220608,2500643.609839837,1426.1170506916592,63.41765514095052,high,residential,9.0
927.1158705876712,602.6253158819864,116072.49130446406,66.19614179093585,45.77616699487099,high,residential,9.0
970.7686154706095,630.9996000558962,121537.70122221584,69.3129510070297,46.040359541531586,high,residential,9.0
1038.9818657475405,675.3382127359014,130077.82242044267,74.18338212637846,46.43032030245459,high,residential,9.0
910.4988540311662,591.824255120258,113992.08412888796,65.0096855787048,45.6723190882994,high,residential,9.0
885.7876930553417,575.7620004859722,110898.31116211577,63.24530685575463,45.51433208880361,high,residential,9.0
712.7504495456661,463.287792204683,89234.49914054608,50.89043485985343,49.83091399389872,high,commercial,10.5
3598.163596895861,2338.8063379823097,450480.7069562937,256.90914717717436,53.56666567116096,high,residential,9.0
964.3293574869343,626.8140823665074,120731.52290079033,68.85318751032072,46.00214350911918,high,residential,9.0
11156.802115371669,7251.921374991585,1396802.5546809412,796.5964969345408,67.21509348132729,high,commercial,10.5
85572.35784914902,55622.03260194686,10713436.235377846,6109.872685035986,71.7807406070004,high,residential,9.0
1312.5907919863632,853.1840147911362,164332.94707012508,93.71907971409235,47.77287012616962,high,residential,9.0
1026.4681454728643,667.2042945573618,128511.13724780276,73.28990157242193,46.360735165343236,high,residential,9.0
1274.237952119381,828.2546688775976,159531.27145093848,90.98068410847021,47.60254224686259,high,residential,9.0
4532.511166533037,2946.132258246474,567458.5881388407,323.6216328155809,61.520342072942604,high,commercial,10.5
946.4757278123308,615.209223078015,118496.29498494742,67.5784370299155,45.89483647900659,high,residential,9.0
1151.6306554999824,748.5599260749885,144181.15737976183,82.22651405367819,52.86132514600915,high,commercial,10.5
1376.7929205678508,894.9153983691031,172370.8862834611,98.30311644745787,48.04716390897903,high,residential,9.0
1231.302719335876,800.3467675683194,154155.8921784862,87.91510530939068,47.4056774596281,high,residential,9.0
1258.161328674185,817.8048636382202,157518.52008485,89.83281200438995,47.52961574419168,high,residential,9.0
1086.2345845386917,706.0524799501496,135993.73969141074,77.55722974601156,52.49200273870549,high,commercial,10.5
1191.3899768450533,774.4034849492847,149158.920815277,85.06533254095248,47.21641963022414,high,residential,9.0
935.1037359315407,607.8174283555014,117072.55123233456,66.7664759678004,45.82542718459947,high,residential,9.0
1327.1682300199386,862.6593495129601,166158.0043289562,94.75990986880372,47.83630851890468,high,residential,9.0
1160.7977547306286,754.5185405749087,145328.85431764502,82.88104561735295,47.06701841236575,high,residential,9.0
975.5099930201302,634.0814954630846,122131.3093372825,69.65148571505222,46.068337375767875,high,residential,9.0
1193.816711119899,775.9808622279344,149462.74162338887,85.23860154781867,47.22810633598093,high,residential,9.0
943.1398038146829,613.0408724795439,118078.64599252546,67.34025180953728,45.87456229027423,high,residential,9.0
960.2552627896791,624.1659208132915,120221.4568601551,68.56229684734646,45.97783247480894,high,residential,9.0
1321.9512797065966,859.2683318092878,165504.8557430115,94.38741923023944,47.813685648177376,high,residential,9.0
968.3065832237821,629.3992790954584,121229.46119998429,69.13716172235104,46.02577773379612,high,residential,9.0
894.413908050823,581.369040233035,111978.29080308422,63.861219244998935,45.56997714669932,high,residential,9.0
4020.759909434249,2613.493941132262,503388.6641691479,287.08255517566505,54.2048168798765,high,residential,9.0
1515.1328609394925,984.8363596106701,189690.686359442,108.18059843078979,48.59714922627351,high,residential,9.0
1382.6544846169222,898.7254150009994,173104.73882951355,98.72163255447158,48.071566567890414,high,residential,9.0
1622.134610182464,1054.3874966186017,203087.02656090423,115.82053124768369,48.98915330532703,high,residential,9.0
1008.3894003707017,655.4531102409561,126247.72546699025,71.99907783382454,46.258693206081325,high,residential,9.0
1295.8039014364253,842.2725359336765,162231.2721131949,92.52049448615504,47.69893857363871,high,residential,9.0
1106.4372855794866,719.1842356266664,138523.06522156042,78.9997040958559,46.79156600691133,high,residential,9.0
995.673702405805,647.1879065637733,124655.75321380778,71.09117605783459,46.18582112227561,high,residential,9.0
905.5857185332154,588.63071704659,113376.97236621036,64.65888734044977,45.64125164776954,high,residential,9.0
953.7041126531194,619.9076732245277,119401.26993273462,68.09454424263856,45.9385234104186,high,residential,9.0
921.8323370026153,599.1910190517,115411.00666639017,65.81889710184232,45.74335057922296,high,residential,9.0
1021.2655050810056,663.8225783026536,127859.78022674186,72.91843266331088,46.331555045681924,high,residential,9.0
904.6841593114976,588.0447035524735,113264.09950075402,64.59451594528002,45.63553250178504,high,residential,9.0
887.8282089145323,577.088335794446,111153.7784309183,63.39099983915271,45.527543551365085,high,residential,9.0
998.1774560473962,648.8153464308075,124969.21664595453,71.26994425318787,46.200243053821595,high,residential,9.0
1045.0705132047071,679.2958335830597,130840.10521750015,74.61811200554034,46.46387525362726,high,residential,9.0
944.4371779806397,613.8841656874158,118241.07385766513,67.43288442102643,45.88245562432201,high,residential,9.0
943.1615935088098,613.0550357807264,118081.37400545494,67.34180759531095,45.87469495014744,high,residential,9.0
1050.7373425091596,682.9792726309538,131549.57748092717,75.02272403737277,46.49493051855843,high,residential,9.0
988.5902581834862,642.583667819266,123768.92445379573,70.5854176159997,46.14482251392295,high,residential,9.0
1056.0818781574724,686.4532208023571,132218.69941837384,75.4043242782986,46.52406661159584,high,residential,9.0
1016.5073207454295,660.7297584845292,127264.06794585283,72.57869794951988,46.30473743958877,high,residential,9.0
1016.4167030689345,660.6708569948074,127252.72284886907,72.57222784071004,46.304225493202026,high,residential,9.0
915.2131884876572,594.8885725169772,114582.30651917076,65.34628940788309,45.701972409267235,high,residential,9.0
1994.9548308800963,1296.7206400720627,249763.1467718807,142.43992260400358,50.177664474545345,high,residential,9.0
1853.058954317266,1204.488320306223,231998.15275011037,132.30854651338797,49.7537638974334,high,residential,9.0
3503.0925760566815,2277.010174436843,438578.0628642804,250.12106925149914,53.41278772791471,high,residential,9.0
1766.4121930539382,1148.1679254850599,221150.20400674283,126.12196134504545,66.51825674608179,high,residential,99.0
1700.1888597027248,1105.1227588067711,212859.2152226883,121.39361044149915,49.25913409471009,high,residential,9.0
1737.4485179063938,1129.341536639156,217524.02734602225,124.0539527954365,49.38367240049364,high,residential,9.0
4372.003043765865,2841.8019784478124,547363.3893883555,312.16134096817916,54.686113475616494,high,residential,9.0
1246.8213763326537,810.433894616225,156098.78759907008,89.02313856774967,47.47761343705707,high,residential,9.0
927.2360166949657,602.7034108517277,116087.53328404459,66.20472023189063,45.776911056929755,high,residential,9.0
4845.10708514662,3149.3196053453034,606594.7826493359,345.94100454491627,55.276598773883464,high,residential,9.0
3325.3165671661345,2161.4557686579874,416320.9697643526,237.4278490566103,53.11350318611466,high,residential,9.0
26384.85113619204,17150.153238524825,3303314.613883123,1883.880324297545,62.43691300063926,high,mixed_unknown,10.0
1065.0335682867167,692.2718193863659,133339.4276980314,76.04347561618731,46.57253892665703,high,residential,9.0
1673.9195395116003,1088.0477006825402,209570.3647821002,119.51797903523175,55.22434178408916,high,commercial,10.5
1130.288078557907,734.6872510626396,141509.12235683246,80.70265248010156,46.91404967769487,high,residential,9.0
1684.563860581655,1094.966509378076,210903.0060452281,120.27798434759359,49.2060946030424,high,residential,9.0
1696.2214633048463,1102.5439511481502,212362.50753112198,121.11033804499888,49.24571294452574,high,residential,9.0
2517.882436264376,1636.6235835718444,315232.320425824,179.77699233884744,57.80443882318593,high,commercial,10.5
885.9766430595948,575.8848179887367,110921.96721032013,63.25879790004557,45.51555673530912,high,residential,9.0
1505.9003508431713,978.8352280480614,188534.80015161092,107.5213965264637,48.56203864806755,high,residential,9.0
1416.8854493101524,920.9755420515991,177390.36641690438,101.16572596756058,56.584652304198436,high,residential,30.0
949.2768937727109,617.0299809522621,118846.99366446899,67.77844048684666,45.91180559874019,high,residential,9.0
1342.1223136160081,872.3795038504053,168030.21663082388,95.82763254455885,47.90066658309976,high,residential,9.0
1349.2944281003777,877.0413782652455,168928.14667660545,96.3397220496681,47.931279481000445,high,residential,9.0
1066.2219054243296,693.0442385258143,133488.20441132932,76.12832297578112,46.57894300453446,high,residential,9.0
1419.8008135368523,922.870528798954,177755.36242181415,101.37388318916061,48.22384995797277,high,residential,9.0
1920.2305140097476,1248.149834106336,240407.8570013931,137.1046008478945,49.958333343434745,high,residential,9.0
2304.6977167070568,1498.053515859587,288542.14901135286,164.55558758117454,51.006900265412135,high,residential,9.0
1264.1762670357691,821.7145735732499,158271.5746951969,90.26227904867079,47.557009042457835,high,residential,9.0
4090.8607003921434,2659.0594552548932,512165.10054245545,292.0877568393624,54.30414650285464,high,residential,9.0
1462.9515702086699,950.9185206356354,183157.72472351414,104.45485040982012,48.395827614757245,high,residential,9.0
1935.433005948448,1258.0314538664913,242311.1693805054,138.19005989770224,48.17350631080832,high,mixed_unknown,10.0
931.7877199086059,605.6620179405938,116657.39466647446,66.52971217829038,45.80502894183575,high,residential,9.0
903.1709423635116,587.0611125362825,113074.64868170422,64.48647214317592,45.625920424587285,high,residential,9.0
1511.5815353294342,982.5279979641323,189246.0696463967,107.92703351934004,48.58366915684847,high,residential,9.0
1187.2740625145095,771.7281406344313,148643.6190655193,84.77145595306567,47.1965436568607,high,residential,9.0
2191.331805420984,1424.3656735236395,274349.032304555,156.46125312328772,50.71709122931421,high,residential,9.0
1489.6891078473636,968.2979201007864,186505.19476855054,106.36391257650439,48.49986474162611,high,residential,9.0
1098.0363104943267,713.7236018213124,137471.28503047908,78.39987385288222,46.7477943668805,high,residential,9.0
1343.1817224439922,873.068119588595,168162.85185569184,95.90327441330106,47.90519875698647,high,residential,9.0
1075.0833149523196,698.8041547190078,134597.62979494498,76.76102827205713,46.62647444972331,high,residential,9.0
2543.970404889598,1653.5807631782386,318498.4661228907,181.63967522988457,51.57445002467396,high,residential,9.0
4999.275911865225,3249.529342712396,625896.3180522103,356.94867018517556,62.139972023326216,high,commercial,10.5
4997.938042057357,3248.659727337282,625728.8202382188,356.8531461818562,62.13828002301677,high,commercial,10.5
2261.801349201961,1470.1708769812747,283171.63557049003,161.49278376585048,50.898951047797134,high,residential,9.0
2067.125246525486,1343.631410241566,258798.69476344853,147.5928956235947,50.38183938151435,high,residential,9.0
1467.8713001615831,954.116345105029,183773.6620947705,104.80611949264761,46.66440607253639,high,mixed_unknown,10.0
2271.085845093652,1476.205799310874,284334.03026444727,162.1556974598143,50.92248810730078,high,residential,9.0
774.7207319068214,503.5684757394339,96993.01702239498,55.31511760787186,50.35736091873856,high,commercial,10.5
2438.9509846439105,1585.318140018542,305350.308346732,174.14128085014127,51.332215899499985,high,residential,9.0
4393.964981165642,2856.0772377576673,550112.9667267834,313.7294249242846,54.71490948846694,high,residential,9.0
7994.545211099785,5196.454387214861,1000896.2298426912,570.8111198792868,67.27081322941117,high,commercial,14.0
903.3533412975172,587.1796718433862,113097.48455298308,64.49949544056625,56.42113222528611,high,residential,42.0
1406.2519494580602,914.0637671477391,176059.07994206963,100.40649329096232,48.16877192021831,high,residential,9.0
2087.919476557972,1357.1476597626818,261402.07818206996,149.0776051872345,50.43934648954169,high,residential,9.0
903.2134212631665,587.0887238210582,113079.966929258,64.48950513975583,45.62619047340105,high,residential,9.0
912.9943349874942,593.4463177418712,114304.51184239502,65.18786310371789,45.68803480068322,high,residential,9.0
1018.8046375058339,662.2230143787921,127551.68601836693,72.74272653627467,46.31770096995384,high,residential,9.0
9905.720241801944,6438.718157171264,1240170.3639289413,707.2691585486753,59.386758072005165,high,residential,9.0
1891.2795577015913,1229.3317125060344,236783.27270622365,135.03750042435934,68.32129020950899,high,residential,120.0
10557.474089948499,6862.358158466524,1321768.2475070634,753.8044315532784,59.75300532726925,high,residential,9.0
9800.830506229466,6370.539829049153,1227038.442335962,699.7800236641991,64.8160630096809,high,residential,20.0
1929.9222382457488,1254.4494548597368,241621.23562298378,137.79659067578766,62.04397372624031,high,residential,50.0
8315.15531510744,5404.850954819836,1041035.7794827626,593.7027050390195,63.87124108746113,high,residential,20.0
1880.9509057499847,1222.61808873749,235490.15239421805,134.30003391042257,49.8395938186693,high,residential,9.0
896.4688326150917,582.7047411998096,112235.56200421923,64.00794101100622,45.5831537644044,high,residential,9.0
1194.362180001776,776.3354170011545,149531.03290612617,85.27754806636376,47.23072994635367,high,residential,9.0
460.04651183610264,299.0302326934667,57596.624584688805,32.84735500064803,47.06754977539023,high,commercial,10.5
725.7895449238505,471.76320420050286,90866.95990722784,51.82142723509204,49.94538261372876,high,commercial,10.5
563.95047728582,366.56781023578304,70605.13032682105,40.26610582538605,48.352628719260764,high,commercial,10.5
868.5598293898116,564.5638891033776,108741.42752011298,62.01523611472044,51.07941194293162,high,commercial,10.5
999.021286879514,649.3638364716842,125074.86206745007,71.33019383706677,51.963298985296525,high,commercial,10.5
3423.976305270849,2225.584598426052,428672.91190724936,244.47216166070433,53.28151649556951,high,residential,9.0
1193.4474433040286,775.7408381476187,149416.5102550061,85.21223579842999,47.22632954209093,high,residential,9.0
1007.3151197623683,654.7548278455395,126113.22833397247,71.92237411886451,46.25257224005451,high,residential,9.0
1133.8141246968735,736.9791810529678,141950.57414596525,80.95441243544398,46.93193795862714,high,residential,9.0
919.1948546669636,597.4766555335264,115080.80075019054,65.63058066783367,45.72689861062613,high,residential,9.0
1677.0358497825111,1090.0733023586322,209960.5187081602,119.74048381926377,49.18036480302857,high,residential,9.0
2547.6627800731562,1655.9808070475517,318960.7418750194,181.90331109132356,51.58278372715335,high,residential,9.0
1063.0806664735373,691.0024332077993,133094.92947950235,75.9040382821602,46.56199900472278,high,residential,9.0
2981.9659447510185,1938.277864088162,373334.3664723619,212.91258919918798,52.487254396697125,high,residential,9.0
2303.342408933604,1497.1725658068426,288372.4680095065,164.45881850582157,51.003520449900776,high,residential,9.0
3619.16199719373,2352.4552981759243,453109.6519601551,258.40843451287645,53.60010446199293,high,residential,9.0
4735.179556092286,3077.8667114599857,592832.1424389029,338.09217083290633,55.14470748284498,high,residential,9.0
1832.8681414845148,1191.3642919649346,229470.3155926318,130.86692098247792,49.690822617026775,high,residential,9.0
1079.9099766976442,701.9414848534688,135201.91526910974,77.10565227797329,46.652199637486106,high,residential,9.0
1138.083565777472,739.7543177553567,142485.0970448005,81.25925084464973,46.95352337213799,high,residential,9.0
1776.6838430533344,1154.8444979846674,222436.187822856,126.85535791537478,49.51196152038057,high,residential,9.0
1537.56400175623,999.4166011415496,192499.006743117,109.78218354559964,48.68157028757417,high,residential,9.0
1296.116463711547,842.4757014125056,162270.40409562783,92.54281145573657,47.7003238603915,high,residential,9.0
1565.7251923758367,1017.721375044294,196024.71443189352,111.79289464050888,47.016588694832635,high,mixed_unknown,10.0
1396.8336362026885,907.9418635317476,174879.93166285413,99.73402502732571,48.13017182241428,high,residential,9.0
932.1539261105929,605.9000519718854,116703.24272877637,66.55585932822116,45.807285192781954,high,residential,9.0
2041.0325835657136,1326.671179317714,255531.96134792763,145.72987755672312,50.308855745116766,high,residential,9.0
1688.1144412418425,1097.2743868071977,211347.5294924906,120.5314960695674,49.21819018929692,high,residential,9.0
1261.104572246911,819.7179719604922,157887.00651123983,90.04295981336008,47.54303620752617,high,residential,9.0
1336.0783076234816,868.450899955263,167273.52282882156,95.39609006927694,53.799909740579224,high,commercial,10.5
8986.066883759591,5840.943474443735,1125032.1597508285,641.6058407058975,65.84709916568903,high,commercial,10.5
1002.6067068752064,651.6943594688842,125523.74730874039,71.58619309017465,46.225667798071726,high,residential,9.0
1426.500510094203,927.225331561232,178594.1469740651,101.85224201930934,48.250891394615245,high,residential,9.0
945.0636578957012,614.2913776322058,118319.50751067477,67.47761513333782,45.88626330384916,high,residential,9.0
933.5781833895974,606.8258192032383,116881.55602906295,66.6575514033746,45.816051843531966,high,residential,9.0
924.9510782362289,601.2182008535489,115801.46494264643,66.04157545679126,45.76274395783171,high,residential,9.0
904.8169600167287,588.1310240108736,113280.7258030234,64.60399792546424,45.636375295976706,high,residential,9.0
912.7601444774997,593.2940939103748,114275.19180075052,65.17114188396802,45.686561772024895,high,residential,9.0
1509.3368284386252,981.0689384851064,188965.0381924757,107.7667612811689,48.57513239709918,high,residential,9.0
2991.1229205253867,1944.2298983415014,374480.7959798967,213.5663979473351,52.50487285061885,high,residential,9.0
1861.672849732742,1210.0873523262824,233076.59001176205,132.92357928370788,49.78040786563447,high,residential,9.0
1769.6238480463812,1150.2555012301477,221552.29484350845,126.35127374925288,49.4890874500066,high,residential,9.0
3053.62642535412,1984.857176480178,382306.07192532194,218.02915281901113,52.623711479220894,high,residential,9.0
938.0414570723611,609.7269470970348,117440.34626463908,66.97622947472368,45.84343809980157,high,residential,9.0
924.3457278752711,600.8247231189263,115725.6766547554,65.99835339620701,45.75898480028171,high,residential,9.0
1063.6608626841303,691.3795607446847,133167.56853330933,75.94546433454632,46.56513237503611,high,residential,9.0
4570.708224130209,2970.9603456846357,572240.7602237534,326.34890555560656,68.32325502796024,high,residential,60.0
2887.929134168775,1877.1539372097038,361561.2028097786,206.19835396241677,58.67113454858816,high,commercial,10.5
3053.0555351321022,1984.4860978358665,382234.5979570369,217.98839121489817,59.02259474428867,high,commercial,10.5
2274.395400234985,1478.3570101527405,284748.3779447653,162.39199994189968,50.93085489096754,high,residential,9.0
2325.1098685449083,1511.3214145541904,291097.69723554904,166.0130167334336,51.05756442588938,high,residential,9.0
6549.638857420176,4257.265257323114,819997.7192099992,467.6446992654626,57.009022318916955,high,residential,9.0
1303.26955736082,847.1252122845331,163165.95278241602,93.05354287181186,47.731935713980235,high,residential,9.0
940.9747336376058,611.6335768644439,117807.5848476623,67.18566563862183,45.86136563522736,high,residential,9.0
1065.1958918584544,692.3773297079954,133359.75018626265,76.0550655312256,46.573414126860754,high,residential,9.0
1380.796942854397,897.518012855358,172872.1794408562,98.5890039351203,48.06384452204712,high,residential,9.0
1024.2448167977886,665.7591309185626,128232.78229078848,73.13115574043668,46.348283272551384,high,residential,9.0
986.7779723659868,641.4056820378914,123542.03099153675,70.45602027447342,46.13428594967613,high,residential,9.0
919.9551995733602,597.9708797226841,115175.99395131669,65.68486935043592,45.73164628843761,high,residential,9.0
547.733073499172,356.0264977744618,68574.75362880003,39.10818199450466,47.50509823279496,high,residential,18.0
963.2641822570398,626.1217184670759,120598.1657374281,68.77713392005525,45.99579729056082,high,residential,9.0
4129.262345309679,2684.0205244512917,516972.886426805,294.8296371292069,54.35784087545754,high,residential,9.0
1231.3581052917707,800.3827684396509,154162.82635585053,87.91905987074156,47.405935805931655,high,residential,9.0
956.5291423792262,621.743942546497,119754.95629354574,68.29625157420914,45.95550749835913,high,residential,9.0
1006.3465230401937,654.125239976126,125991.96254813182,71.85321624119958,46.247047839559585,high,residential,9.0
976.8523290843776,634.9540139048455,122299.36631493544,69.74732860940769,46.076233536932,high,residential,9.0
1750.231996085342,1137.6507974554722,219124.4855053958,124.96669408372723,49.425786262251115,high,residential,9.0
930.5805378211908,604.877349583774,116506.25861456376,66.44351928788572,45.79758503546986,high,residential,9.0
979.4783245937106,636.6609109859119,122628.13411041,69.93482488316683,46.09164940468158,high,residential,9.0
1385.9590213005424,900.8733638453526,173518.458212002,98.95757671830474,48.085278371830874,high,residential,9.0
1314.055142161901,854.1358424052356,164516.27989659156,93.82363442502617,47.779274440720506,high,residential,9.0
1085.3891003833849,705.5029152492002,135887.88727815982,77.49686211473455,46.68126347400419,high,residential,9.0
1036.5556418367923,673.7611671939151,129774.06550858603,74.01014955954662,46.41689444718598,high,residential,9.0
1054.2901218953405,685.2885792319713,131994.37620295503,75.27639274854526,46.51431517971183,high,residential,9.0
1029.4279464833053,669.1281652141485,128881.69662225246,73.50123158367059,46.3772699723282,high,residential,9.0
1297.4335210869494,843.3317887065172,162435.29624730354,92.63684944983721,47.70615743952572,high,residential,9.0
1388.9442627502347,902.8137707876525,173892.20266315836,99.17072317879922,48.097637238154086,high,residential,9.0
2171.0507484465934,1411.1829864902857,271809.8968156833,155.01318415398418,56.867728683379795,high,commercial,10.5
1731.9203765890259,1125.7482447828668,216831.91845721277,123.65924309614844,55.439594906278344,high,commercial,10.5
1123.251597981326,730.1135386878619,140628.17332289834,80.20024724604892,46.878185061341036,high,residential,9.0
994.6045616006813,646.4929650404429,124521.8995707596,71.0148393252042,46.179651696996046,high,residential,9.0
865.784070242592,562.7596456576848,108393.90970739909,61.8170467061297,60.678394648742675,high,residential,78.0
1254.4376001353403,815.3844400879713,157052.3189743337,89.5669375110625,47.51259144030231,high,residential,9.0
1363.566736059097,886.318378438413,170715.0024451115,97.35876589444709,47.99171751692477,high,residential,9.0
2112.354246170774,1373.030260011003,264461.24767035706,150.82224954640463,62.26686316719301,high,residential,48.0
891.0303872982781,579.1697517438809,111554.68282096728,63.619635612797644,45.54821525695621,high,residential,9.0
4822.421497623056,3134.5739734549866,603754.6062009524,344.3212519164032,55.24962726239042,high,residential,9.0
1194.1451049654456,776.1943182275397,149503.85567718832,85.2620488927005,47.22968599666154,high,residential,9.0
2244.741434043088,1459.081932128007,281035.77864391403,160.27470456062417,64.23715999416912,high,residential,60.0
1024.904605372696,666.1879934922525,128315.38610122181,73.1782646935268,46.3519812756044,high,residential,9.0
1010.9698826784783,657.1304237410109,126570.79512821918,72.1833244616234,46.273369532653206,high,residential,9.0
888.8103512750642,577.7267283287918,111276.74009538678,63.46112487639908,45.533891692039326,high,residential,9.0
6677.088016146047,4340.107210494931,835954.0218009503,476.74457863308197,65.95505743998835,high,residential,32.0
1720.9489774030553,1118.616835311986,215458.32786620702,122.87588438209787,49.328856202437976,high,residential,9.0
1067.948589863529,694.1665834112938,133704.38080406806,76.25160837256001,46.58823559752937,high,residential,9.0
3188.534026058246,2072.54711693786,399196.15201823413,227.66156549599896,52.87213328349847,high,residential,9.0
1343.6554296981872,873.3760293038217,168222.15876962544,95.9370971463174,47.90722413130176,high,residential,9.0
1046.3918466880239,680.1547003472156,131005.53272674487,74.71245531406261,46.4711314177935,high,residential,9.0
1239.3619753614264,805.5852839849272,155164.89003368758,88.49053678621203,47.44314809187637,high,residential,9.0
1397.1336476646484,908.1368709820215,174917.49231618163,99.75544586791838,48.1314053973088,high,residential,9.0
914.811429676861,594.6274292899597,114532.00736288182,65.3176037990515,45.699451287221684,high,residential,9.0
912.2477312666418,592.9610253233172,114211.03900189498,65.13455554278072,45.68333744065606,high,residential,9.0
1429.8643101817652,929.4118016181474,179015.2859803104,102.09241759457103,48.26442060587701,high,residential,9.0
1565.291147314922,1017.4392457546993,195970.3731212148,111.7619037910288,48.78423829239365,high,residential,9.0
1438.1043336029459,934.7678168419149,180046.9154424372,102.68075587682193,48.297428076555214,high,residential,9.0
3623.3230499474703,2355.1599824658556,453630.6049228844,258.70553398752094,73.68725974632825,high,commercial,60.0
960.7594068076941,624.4936144250012,120284.57437761291,68.59829276755265,45.980846395288864,high,residential,9.0
957.2665225279212,622.2232396431488,119847.27436684463,68.3489005714115,51.450421926353194,high,residential,20.0
998.0948218473956,648.7616342008072,124958.8710594261,71.26404416519071,46.19976764753293,high,residential,9.0
1145.9717517855918,744.8816386606347,143472.67737955964,81.82246790956286,46.99319243034913,high,residential,9.0
1341.4988032669762,871.9742221235346,167952.15475974363,95.78311385948179,47.89799752093181,high,residential,9.0
1473.3677651950784,957.689047376801,184461.80519537482,105.19856750292226,48.43658175032991,high,residential,9.0
917.0202245960504,596.0631459874328,114808.54273152832,65.4753119197906,45.71329829379043,high,residential,9.0
1050.7819788600332,683.0082862590216,131555.165835752,75.02591107612938,46.49517446918386,high,residential,9.0
1549.4847160921563,1007.1650654599016,193991.44911736174,110.63332343163141,48.725935180480086,high,residential,9.0
953.2108676624098,619.5870639805664,119339.51694509696,68.05932651378879,45.935552867267994,high,residential,9.0
1821.9708390782005,1184.2810454008304,228106.0017253724,130.0888527839799,49.65656365431539,high,residential,9.0
2483.7671695456165,1614.4486602046509,310961.1779233743,177.34115976970037,51.43683843729514,high,residential,9.0
1348.8807863868706,876.7725111514659,168876.3598118592,96.3101880007033,47.92951834804496,high,residential,9.0
692.9674320677268,450.42883084402246,86757.71689893841,49.47792594746457,47.583115886424146,high,residential,15.0
867.1996519464354,563.6797737651831,108571.13684828061,61.918119344574436,49.74230608222327,high,residential,17.0
869.7821961866083,565.3584275212954,108894.46465807299,62.102513194499025,49.75937919853243,high,residential,17.0
1001.5269929866764,650.9925454413396,125388.56994319896,71.50910143860638,50.569223075591154,high,residential,17.0
903.2970320179895,587.1430708116932,113090.43477790566,64.4954749538396,45.626721970477085,high,residential,9.0
999.6493428126514,649.7720728282235,125153.49303381632,71.37503707718545,46.208704446557434,high,residential,9.0
1122.523281250548,729.6401328128562,140536.989965907,80.14824537755678,46.87446005302183,high,residential,9.0
1431.4866400078104,930.4663160050768,179218.39744738865,102.20825206424576,48.27093425524259,high,residential,9.0
1779.4070630084334,1156.6145909554818,222777.1278656125,127.04979602175882,49.520760362486136,high,residential,9.0
2927.921430582337,1903.148929878519,366568.1341168291,209.05380688682763,52.382155702016256,high,residential,9.0
3543.526740902566,2303.292381586668,443640.3149477252,253.0080716146877,53.4787368386628,high,residential,9.0
2095.705426388583,1362.2085271525789,262376.8588137916,149.63352258150536,50.46073160277591,high,residential,9.0
983.5980314565069,639.3387204467294,123143.9106753239,70.22897225813722,46.11575108265738,high,residential,9.0
1412.7587345482457,918.2931774563597,176873.71248128163,100.87107822807492,48.19528879028419,high,residential,9.0
2304.7510889387227,1498.0882078101697,288548.83107569074,164.55939836246645,51.00703332241275,high,residential,9.0
1752.5351084196964,1139.1478204728028,219412.82916866752,125.1311364748911,49.43334093711956,high,residential,9.0
3986.591221113469,2591.284293723755,499110.83342132065,284.64290830017916,54.15577203481583,high,residential,9.0
900.7283721168303,585.4734418759397,112768.84525118077,64.3120724467484,45.61037102755592,high,residential,9.0
1028.9584320613872,668.8229808399017,128822.91463999508,73.46770821918919,46.374650221219305,high,residential,9.0
1304.6185901025337,848.002083566647,163334.84816663887,93.14986390943415,47.73787809359802,high,residential,9.0
1744.933020402749,1134.206463261787,218461.06755694622,124.58834682772644,49.40836675394997,high,residential,9.0
1029.432034599602,669.1308224897414,128882.20844376083,73.5015234754768,46.37729277756123,high,residential,9.0
1376.9333187502339,895.0066571876521,172388.46377007395,98.31314088807318,48.04774962239631,high,residential,9.0
2164.7205454342243,1407.0683545322458,271017.3718925117,154.56120719029943,56.84927412147781,high,commercial,10.5
2338.124724808368,1519.7810711254392,292727.1233282247,166.94227843408657,57.336294081853,high,commercial,10.5
2553.543648308633,1659.8033714006115,319697.01125491085,182.32320551867568,51.59603196948348,high,residential,9.0
1390.7454826076778,903.9845636949906,174117.71069605177,99.29933040995833,48.10508143512465,high,residential,9.0
934.5234561765099,607.4402465147314,116999.90171898162,66.72504395033522,45.821862855098104,high,residential,9.0
1249.9533698099513,812.4696903764683,156490.90502170552,89.24676313387866,47.492023096828866,high,residential,9.0
1011.263131072836,657.3210351973435,126607.50906310475,72.20426241868864,46.27503499531566,high,residential,9.0
1348.2041984966827,876.3327290228438,168791.65277092508,96.26187957525858,47.92663652421162,high,residential,9.0
1960.3290951556778,1274.2139118511907,245428.09488000057,139.96764251006434,50.077070344042696,high,residential,9.0
2584.213527841346,1679.738793096875,323536.8002589684,184.5130371876897,51.66463359111136,high,residential,9.0
2708.9471701812736,1760.815660617828,339153.12727394886,193.41902848433304,51.9354933992108,high,residential,9.0
1214.1864709305637,789.2212061048664,152012.9824762379,86.69300390619847,47.325277720964074,high,residential,9.0
1124.022462355256,730.6146005309165,140724.68353395016,80.25528701941177,46.882125053663955,high,residential,9.0
2123.603638036964,1380.3423647240268,265869.64222058863,151.6254569584017,50.53671090416005,high,residential,9.0
1204.2561210541528,782.7664786851993,150769.7285462309,85.9839761899155,47.27811140467284,high,residential,9.0
1137.9172237613366,739.6461954448688,142464.2714578011,81.24737401238399,46.95268389697781,high,residential,9.0
891.9788967859556,579.7862829108711,111673.43373738819,63.68735926043249,45.554324128591524,high,residential,9.0
1061.887650802833,690.2269730218414,132945.56702605175,75.81885687495732,46.55555070921846,high,residential,9.0
1110.6041280633308,721.8926832411651,139044.74304341295,79.2972169576584,46.8131534867468,high,residential,9.0
2330.8849048899388,1515.0751881784602,291820.71673851216,166.4253547559735,51.0718177350711,high,residential,9.0
1376.455413434791,894.6960187326141,172328.63126981058,98.27901841317298,48.04575565181871,high,residential,9.0
1616.0693122803702,1050.4450529822407,202327.66706730227,115.3874685284825,48.9676334147469,high,residential,9.0
1444.7718410334226,939.1016966717247,180881.6699998755,103.156816400929,48.32399840134347,high,residential,9.0
944.9712239007321,614.2312955354759,118307.93501535065,67.47101533925448,45.885701658271664,high,residential,9.0
939.1676497747544,610.4589723535904,117581.34265657101,67.05663971704244,45.85032775378296,high,residential,9.0
937.6734307114743,609.4877299624584,117394.27032318554,66.94995236531271,45.841184851555376,high,residential,9.0
986.2105841487287,641.0368796966736,123470.99546512277,70.41550871375952,46.13098320120959,high,residential,9.0
896.1589466011816,582.503315290768,112196.76508271667,63.985815126673316,45.58116864171832,high,residential,9.0
1137.2300413246473,739.1995268610208,142378.23800725018,81.19830913553479,46.949214606173015,high,residential,9.0
1179.837381628462,766.8942980585003,147712.56599560188,84.24047638729175,47.16045631944428,high,residential,9.0
1221.3270492358495,793.8625820033022,152906.9642745689,87.20284172578664,47.35895580324427,high,residential,9.0
2169.8340141208264,1410.392109178537,271657.56484842027,154.92630923305407,50.660447035910295,high,residential,9.0
2345.0334780764815,1524.271760749713,293592.081235945,167.43556392885944,51.10658904789123,high,residential,9.0
4891.182165936998,3179.2684078590487,612363.2627110606,349.23076872411787,55.3309922024641,high,residential,9.0
2853.919768490732,1855.047849518976,357303.3188416909,203.77008273541634,52.235057090978096,high,residential,9.0
1821.8147809953098,1184.1796076469514,228086.46366001942,130.0777102253091,49.656071552577686,high,residential,9.0
3851.070647858233,2503.1959211078515,482144.0107621707,274.9667293376659,53.957020302889404,high,residential,9.0
1148.6705548040422,746.6358606226274,143810.56048546848,82.01516264486268,47.00670188397657,high,residential,9.0
2141.981191515829,1392.2877744852888,268170.46403158916,152.9376156372153,50.5862180598438,high,residential,9.0
1435.0729855496747,932.7974406072886,179667.39856464815,102.46431740141884,54.25153196423058,high,commercial,10.5
1068.3417455089493,694.4221345808171,133753.60286646834,76.2796797147469,46.59034936692939,high,residential,9.0
1939.607938993475,1260.745160345759,242833.86011953728,138.48815042617213,50.01601867124836,high,residential,9.0
835.3809595945611,542.9976237364647,104587.51947261073,59.64626235522991,50.833429082834535,high,commercial,10.5
545.0349801052361,354.27273706840344,68236.95936603138,38.915537926447705,48.137299086273586,high,commercial,10.5
903.4856901425854,587.2656985926806,113114.05428353747,64.50894515790142,51.32840711170578,high,commercial,10.5
1402.6160705453913,911.7004458545043,175603.87737584958,100.14689126744702,54.10698538871461,high,commercial,10.5
1482.414523479325,963.5694402615612,185594.43576032913,105.84450671411571,54.45661335526736,high,commercial,10.5
2336.509426537344,1518.7311272492736,292524.8921935137,166.82694601796086,51.08566566984935,high,residential,9.0
2050.947057410588,1333.1155873168823,256773.22764015282,146.43777172317917,50.33669673037107,high,residential,9.0
3670.425281822825,2385.7764331848366,459527.68162410345,262.06863683022624,60.18671749875287,high,commercial,10.5
2384.4388019691014,1549.8852212799159,298525.52511278907,170.2491069718236,57.460264389061244,high,commercial,10.5
1130.0800655344472,734.5520425973907,141483.07966829403,80.6878003348281,46.91299264843502,high,residential,9.0
932.1075311083152,605.8698952204049,116697.43419537801,66.55254672162408,45.806999395251324,high,residential,9.0
1770.3997230123682,1150.7598199580393,221649.43236763022,126.40667127925953,55.578460231774386,high,commercial,10.5
1507.8710003250208,980.1161502112635,188781.5203320142,107.6621010453477,48.569550911216695,high,residential,9.0
1588.1214841040842,1032.2789646676547,198828.67180049233,113.39199152782078,48.867419169497495,high,residential,9.0
1984.7542574320632,1290.0902673308412,248486.06155480118,141.71160090470312,50.14821240824383,high,residential,9.0
1447.3441163208297,940.7736756085393,181203.71216353838,103.34047704686594,54.30533187882578,high,commercial,10.5
2940.6027732084603,1911.3918025854994,368155.8051711134,209.95925568908598,58.78538275900564,high,commercial,10.5
1494.8511808273897,971.6532675378033,187151.47285535245,106.73248496940751,48.51973556913354,high,residential,9.0
1176.341714253164,764.6221142645566,147274.91754852547,83.99088547792408,47.14341460072987,high,residential,9.0
978.2753303913544,635.8789647543804,122477.52237079671,69.84893100806536,46.084592376296236,high,residential,9.0
1063.3245927860787,691.1609853109512,133125.4684182581,75.9214546389326,46.56331654556761,high,residential,9.0
2510.5509169049706,1631.8580959882308,314314.4333050332,179.25352131386043,57.7860081440977,high,commercial,10.5
3483.1810990182626,2264.067714361871,436085.1978204149,248.69938831698263,53.38003145306225,high,residential,9.0
2775.556053979911,1804.1114350869423,347492.3859694307,198.17490771836634,52.075071605925075,high,residential,9.0
1202.4292425596977,781.5790076638035,150541.00811883973,85.8535369301743,47.26939194784843,high,residential,9.0
1099.8192758876637,714.8825293269814,137694.50765203024,78.52717771395284,46.757112064139214,high,residential,9.0
892.1972523311799,579.9282140152669,111700.77128270306,63.70294986252556,45.55572952778581,high,residential,9.0
2198.6620245991317,1429.1303159894355,275266.75664603995,156.98463131523658,50.7362785971303,high,residential,9.0
948.4421548629706,616.4874006609309,118742.48652796523,67.71884006689857,45.90675409048829,high,residential,9.0
50986.105819125034,33140.96878243127,6383327.599157132,3640.4117297993125,90.40464438026068,high,commercial,60.0
1101.7315430196732,716.1255029627876,137933.9185143546,78.66371372873643,46.76708872839561,high,residential,9.0
927.0522883978658,602.5839874586128,116064.53097997015,66.19160201787699,45.77577319286741,high,residential,9.0
2397.426874888235,1558.3274686773527,300151.59800054185,171.17645633970903,84.46638727916351,high,commercial,315.0
2681.878215542345,1743.2208401025243,335764.16468402324,191.48630311929847,88.10675182802314,high,commercial,452.0
1703.979027636189,1107.586367963523,213333.7343722965,121.6642287125207,49.2719265038357,high,residential,9.0
907.6870219354525,589.9965642580441,113640.05007701431,64.80892055892126,45.65455946507755,high,residential,9.0
4940.061892908456,3211.040230390496,618482.8771668705,352.7207848482663,55.38813944617373,high,residential,9.0
2294.067554971985,1491.1439107317904,287211.2804600713,163.79659324637868,50.98033768101996,high,residential,9.0
3533.0729179988098,2296.4973966992266,442331.52355865587,252.26166788550145,53.46175878656385,high,residential,9.0
5509.948625767853,3581.4666067491044,689831.2112239958,393.4107397610448,62.75484276954071,high,commercial,10.5
5318.791481716058,3457.214463115438,665898.8348677657,379.7621055250867,55.81266403628796,high,residential,9.0
4393.874617860657,2856.0185016094274,550101.65347645,313.72297297761946,61.32396438526854,high,commercial,10.5
5460.721355846656,3549.4688813003263,683668.0852964367,389.8959090445578,55.96401282893091,high,residential,9.0
7084.689527214907,4605.048192689689,886984.6689402743,505.8473566966384,64.34406554597703,high,commercial,10.5
1564.0040006945917,1016.6026004514846,195809.22571813865,111.67000142705447,54.795157833769935,high,commercial,10.5
1306.7215379947054,849.3689996965585,163598.13176329772,93.3000145446087,47.747129173388636,high,residential,9.0
1002.7129460958025,651.7634149622717,125537.04818234214,71.59377857838973,60.3022646855533,high,residential,66.0
5977.544937314216,3885.404209254241,748373.0510606513,426.79715101988944,56.48372352135902,high,residential,9.0
1417.6895775081457,921.4982253802947,177491.0411720567,101.22314078042395,54.050049384564794,high,residential,21.0
1196.3535097002537,777.6297813051649,149780.3421957669,85.41972915424586,51.59004042643953,high,residential,17.0
1199.9450464781391,779.9642802107904,150229.9932422499,85.67616514605513,59.603277882435414,high,commercial,24.5
859.9553277359863,558.9709630283911,107664.16633294355,61.40087405967771,51.01653283994134,high,commercial,10.5
2186.2671004187955,1421.0736152722172,273714.9444348764,156.09963281121,50.70379649177292,high,residential,9.0
904.0854646480814,587.6555520212529,113189.14448885311,64.55176910199293,51.332598566591884,high,commercial,10.5
1584.7278204227657,1030.0730832747977,198403.79395012138,113.14968368975424,48.85513047893781,high,residential,9.0
2442.4349511315527,1587.5827182355092,305786.49187316175,174.39003631526415,57.61215349779738,high,commercial,10.5
668.0432268632999,434.22809746114496,83637.27134985324,47.69833585082131,50.67548538438924,high,residential,24.0
1572.484952515874,1022.1152191353182,196871.0187881952,112.27554201490773,48.810578580002016,high,residential,9.0
4869.387618550909,3165.101952058091,609634.6421661949,347.67463642738096,55.30532703023378,high,residential,9.0
989.4979585593203,643.1736730635582,123882.56617574609,70.650227490028,46.15009260068171,high,residential,9.0
1103.1279261250756,717.0331519812992,138108.74204073515,78.76341558583125,46.774363003535164,high,residential,9.0
1274.348573084138,828.3265725046897,159545.12090749203,90.9885824535427,47.603040852448416,high,residential,9.0
2735.598503454861,1778.13902724566,342489.804757088,195.3219356529673,51.991748384446204,high,residential,9.0
1352.5512358126525,879.1583032782241,169335.89051624408,96.572258361414,47.94512694318997,high,residential,9.0
965.7178952979015,627.716631943636,120905.36421674928,68.95232921281213,46.01040578704772,high,residential,9.0
1916.8371599478814,1245.944153966123,239983.01791457078,136.86231511667972,49.94817171571715,high,residential,9.0
1218.5015642133226,792.0260167386597,152553.22091183226,87.00110188601795,47.34565316492597,high,residential,9.0
952.4486033971812,619.0915922081678,119244.08344524605,68.00490078882383,45.93095914759615,high,residential,9.0
1185.5041523490845,770.577699026905,148422.03092448603,84.64508423623438,47.187975488210355,high,residential,9.0
1244.3820133455215,808.848308674589,155793.38570908533,88.84896786989137,47.46636535131288,high,residential,9.0
1114.2113010125565,724.2373456581618,139496.35169780615,79.55476937325885,46.8317761968216,high,residential,9.0
2889.690908257586,1878.299090367431,361781.77233521926,206.32414476277555,52.306632189283555,high,residential,9.0
980.6314382180043,637.4104348417028,122772.50093161872,70.01715728130216,46.09840569982725,high,residential,9.0
3608.887769273384,2345.7770500276997,451823.34539505607,257.6748538788005,53.58376762559498,high,residential,9.0
3064.2367540877913,1991.7538901570645,383634.457436505,218.78673107603882,80.32076882338606,high,residential,420.0
1890.9596191806563,1229.1237524674266,236743.21723703446,135.01465679028078,77.54720862462435,high,residential,420.0
2208.0428921690946,1435.2278799099115,276441.2168230108,157.6544259541631,50.76074062109879,high,residential,9.0
387.44660155647426,251.84029101170827,48507.30498400556,27.66371603237837,45.98414843458451,high,commercial,10.5
1331.3470629294627,865.3755909041508,166681.18332086157,95.05827884788735,53.77749619696968,high,commercial,10.5
4649.084361467548,3021.904834953906,582053.2484015248,331.94496756338964,61.68087411215426,high,commercial,10.5
912.9816890653583,593.4380978924829,114302.92860589385,65.18696018394127,45.687955269074585,high,residential,9.0
1377.4190433015774,895.3223781460254,172449.27521829828,98.3478216569955,48.04977550877019,high,residential,9.0
766.9832499273211,498.53911245275873,96024.30443934459,54.762660821758224,50.29397515802507,high,commercial,10.5
5523.116145331504,3590.025494465478,691479.7503640762,394.3509016326327,62.76993250879712,high,commercial,10.5
4142.05467064523,2692.3355359193993,518574.45222713286,295.74301010513386,54.37561670735619,high,residential,9.0
1192.809415466085,775.3261200529553,149336.63083214092,85.16668056356997,47.223258269506104,high,residential,9.0
927.331987015798,602.7657915602687,116099.54851815254,66.2115725199024,45.77750532971756,high,residential,9.0
982.8080031924071,638.8252020750647,123045.00119515628,70.17256418159762,46.111136975004534,high,residential,9.0
1137.8534811573281,739.6047627522634,142456.291049867,81.24282278573915,46.952362175869,high,residential,9.0
999.8985771757906,649.934075164264,125184.6965266763,71.39283242916349,46.2101359806287,high,residential,9.0
1578.7332842690562,1026.1766347748865,197653.29364304035,112.72167336462593,48.83335945376565,high,residential,9.0
1754.1140978433432,1140.1741635981732,219610.5145302933,125.24387643662628,49.438514611111586,high,residential,9.0
1454.5728040310887,945.4723226202077,182108.72502979412,103.8566058844916,48.36283407466185,high,residential,9.0
2101.7304262002685,1366.1247770301745,263131.1730914751,150.06370801406825,50.47722560855785,high,residential,9.0
391.57694859409617,254.5250165861625,49024.41367108359,27.958623116618973,45.58015292765356,high,residential,18.0
31339.150188542262,20370.44762255247,3923579.9463157603,2237.617643383878,76.4484463168344,high,residential,40.0
1058.3355319179516,687.9180957466685,132500.85099706557,75.56523532362651,46.53630842600951,high,residential,9.0
955.4939618547646,621.071075205597,119625.35438914954,68.22233960813197,45.94928981333537,high,residential,9.0
1569.4921131098342,1020.1698735213923,196496.32309270135,112.06185305976759,48.799634886185125,high,residential,9.0
1424.5071750382683,925.9296637748745,178344.58661889593,101.70991774875635,48.24285914507746,high,residential,9.0
1424.7640909953084,926.0966591469505,178376.75182729715,101.72826156710758,48.24389503188299,high,residential,9.0
2227.1068327041053,1447.6194412576685,278827.9725049907,159.0155927195962,50.81013425993716,high,residential,9.0
963.7015815395707,626.406028000721,120652.9269879134,68.808364261207,45.99840412417616,high,residential,9.0
1005.5365740823479,653.5987731535262,125890.55904901255,71.79538582565186,46.24242420846189,high,residential,9.0
961.0912487055136,624.7093116585838,120326.12011857268,68.62198630362201,45.98282938118642,high,residential,9.0
887.2400189078463,576.7060122901001,111080.1385746691,63.34900302913379,45.52373838793943,high,residential,9.0
1338.599311002478,870.0895521516107,167589.1458831455,95.57608989715789,47.88556934989713,high,residential,9.0
960.841776794493,624.5471549164205,120294.8868853369,68.60417399070764,45.981338677020425,high,residential,9.0
1396.605589054267,907.7936328852736,174851.3807540714,99.71774244404693,48.12923397032408,high,residential,9.0
1530.2528226943173,994.6643347513062,191583.6661745737,109.26016481935939,48.65419015552985,high,residential,9.0
1483.9965656920158,964.5977676998103,185792.5033231888,105.95746464521459,48.47787199404859,high,residential,9.0
1128.1048540331576,733.2681551215525,141235.78833494367,80.54677008741838,46.90294580806674,high,residential,9.0
1292.7687733391185,840.2997026704271,161851.28198374185,92.30378611532798,47.68546939223455,high,residential,9.0
1658.0141883251172,1077.7092224113262,207579.05625653558,118.38233578310225,62.496543563755665,high,residential,60.0
707.5016345544097,459.87606246036637,88577.36117995312,50.51566908092727,49.78424385411642,high,commercial,10.5
1253.3447408725217,814.6740815671392,156915.49584218292,89.48890727879692,47.50758547351045,high,residential,9.0
900.047383468109,585.0307992542708,112683.58724674488,64.26344980681861,45.60602834641116,high,residential,9.0
1038.624629989596,675.1060094932375,130033.09743436152,74.15787546681638,46.428345455152126,high,residential,9.0
547.2311585293077,355.70025304405,68511.91518236265,39.07234522850142,56.82597523930182,high,residential,66.0
267.305322270814,173.7484594760291,33465.92985755821,19.085619797765446,51.39133580004871,high,residential,55.0
302.0594727023468,196.33865725652544,37817.05893617175,21.567068711298752,52.091483117557715,high,residential,55.0
903.3222211617987,587.1594437551691,113093.58839307775,64.49727346057225,45.62688208326319,high,residential,9.0
947.0088616569191,615.5557600769974,118563.04195315634,67.61650282588506,45.898070000599816,high,residential,9.0
2922.714565933967,1899.7644678570787,365916.2482298597,208.68203636548898,58.74681458353265,high,commercial,10.5
1224.7592598261283,796.0935188869835,153336.6680975039,87.44790181600648,47.37507365826353,high,residential,9.0
1058.5473438984186,688.0557735339721,132527.36930512273,75.58035871471151,46.53745764641779,high,residential,9.0
1920.9653854188166,1248.6275005222308,240499.86098702755,137.15707072090183,49.96053160108117,high,residential,9.0
1676.9893303254646,1090.043064711552,209954.69459334906,119.73716232658697,49.180205446747834,high,residential,9.0
1763.9568678195055,1146.5719640826787,220842.80368498733,125.94665094154828,49.47066060124985,high,residential,9.0
2203.924695394174,1432.551052006213,275925.62931716425,157.36038639957877,50.75001461995533,high,residential,9.0
894.3464473621914,581.3251907854244,111969.8449006431,63.85640254683676,45.569544061783596,high,residential,9.0
992.588156427549,645.1823016779069,124269.45089702874,70.87086784657549,46.16799807707801,high,residential,9.0
921.9568971175065,599.2719831263793,115426.6012682207,65.82779070326626,45.74412639150504,high,residential,9.0
1008.7974803000568,655.7183621950369,126298.81601085245,72.02821477098915,46.26101663014987,high,residential,9.0
887.2393239425442,576.7055605626538,111080.05156682408,63.34895340855978,45.52373389052697,high,residential,9.0
888.692893544892,577.6503808041798,111262.03469361705,63.452738385769806,45.53313286538238,high,residential,9.0
1373.1241842043191,892.5307197328075,171911.5700500064,98.04116839951867,48.031837473102925,high,residential,9.0
1341.3591060562198,871.883418936543,167934.66503295198,95.77313946829251,47.89739934878419,high,residential,9.0
2517.9993716475383,1636.6995915708999,315246.96043110907,179.7853415338615,51.51548945251143,high,residential,9.0
1115.6593408896863,725.1785715782961,139677.64251741007,79.65815952767898,46.83923503734864,high,residential,9.0
999.069404383494,649.3951128492711,125080.88625357338,71.3336294304129,46.205372058135026,high,residential,9.0
1158.160904439418,752.8045878856217,144998.72753176253,82.69277431136418,52.54444690723611,high,residential,20.0
1956.224849657654,1271.5461522774751,244914.25403767,139.6745990776832,50.06502920925391,high,residential,9.0
2110.234013147448,1371.6521085458412,264195.80002031586,150.67086475158615,50.500424735337404,high,residential,9.0
1411.4204612324231,917.423299801075,176706.1641491456,100.77552541425773,48.18984495577422,high,residential,9.0
654.3391206862915,425.32042844608947,81921.55296391084,46.719861655318354,60.8153867046925,high,residential,99.0
914.408521454069,594.3655389451449,114481.56430320593,65.28883612211834,62.7365269558006,high,residential,99.0
921.3540850386728,598.8801552751373,115351.13076663786,65.78474987621357,62.7799759679878,high,residential,99.0
895.9630756685019,582.3759991845262,112172.24255230646,63.97182992758038,62.61951865774253,high,residential,99.0
1198.328517756202,778.9135365415314,150027.60805829064,85.56074487564315,47.249771414140326,high,residential,9.0
3124.9573941999715,2031.2223062299815,391236.5233648501,223.12218927497403,66.13810853522068,high,residential,60.0
382.76289192215324,248.7958797493996,47920.9167416624,27.329298817770063,45.90744539117886,high,commercial,10.5
774.7652917138034,503.59743961397226,96998.5957941241,55.31829918138898,50.357724120442306,high,commercial,10.5
1542.8454501446263,1002.8495425940072,193160.23032000233,110.15927935149733,48.70126832217091,high,residential,9.0
1011.2704412327159,657.3257868012654,126608.42427607435,72.2047843646452,46.27507650616802,high,residential,9.0
2125.071484350114,1381.2964648275743,266053.41275437473,151.73026129381992,50.54068083050118,high,residential,9.0
2280.7108457110285,1482.4620497121687,285539.0552628412,162.84292321639836,50.94678705879557,high,residential,9.0
1084.2082475037703,704.7353608774507,135740.04757446234,77.41254913171588,46.67501208835108,high,residential,9.0
1115.0363287810915,724.7736137077095,139599.6430247344,79.61367641700603,46.83602709372634,high,residential,9.0
1230.1572402492764,799.6022061620297,154012.4811815042,87.83331801781185,47.40033179822851,high,residential,9.0
2458.006761802589,1597.704395171683,307736.04199526564,175.5018647499,51.37693416196463,high,residential,9.0
3233.668842754979,2101.884747790736,404846.91346538666,230.88419474931004,52.95290500523444,high,residential,9.0
3259.9459373928976,2118.9648593053835,408136.7372464563,232.76038125165405,52.99941210009251,high,residential,9.0
1695.925461775268,1102.3515501539243,212325.44891088037,121.08920351387508,49.24471035519923,high,residential,9.0
1007.0545315384338,654.585445499982,126080.60336732455,71.9037681003852,46.25108649465337,high,residential,9.0
1658.3873373759807,1077.9517692943875,207625.77354542652,118.40897865295675,49.116126036494165,high,residential,9.0
2038.2024915751806,1324.8316195238674,255177.64120480057,145.52780877909777,50.300883717951315,high,residential,9.0
3333.735047175561,2166.9277806641144,417374.94152634125,238.02892915247244,59.57852991634227,high,commercial,10.5
1010.0045836660685,656.5029793829445,126449.94220704859,72.1144020406798,46.26788384277411,high,residential,9.0
915.8306934431748,595.2899507380637,114659.61653063065,65.39037930741866,45.70584522969412,high,residential,9.0
991.238833080199,644.3052415021294,124100.51912973745,70.77452605968928,46.16018657682011,high,residential,9.0
7455.897735774568,4846.333528253469,933458.9694318357,532.351650266976,64.66693182270669,high,commercial,10.5
10863.646315499827,7061.370105074888,1360100.2123837387,775.6651511224463,67.04674430836765,high,commercial,10.5
1142.6776428870407,742.7404678765765,143060.2635285912,81.58726829035557,46.976659897714136,high,residential,9.0
1024.2618890341255,665.7702278721816,128234.91969029445,73.13237469937494,46.34837898952945,high,residential,9.0
4331.401656582068,2815.4110767783445,542280.2015039186,309.2623989176848,54.632494956657105,high,residential,9.0
1446.2407933535487,940.0565156798067,181065.57900285313,103.26169970532715,48.329835770580175,high,residential,9.0
2781.0495304084957,1807.6821947655224,348180.1549044873,198.56714234202911,52.08643325329179,high,residential,9.0
1390.0286232072676,903.518605084724,174027.9617669693,99.2481465957026,48.10211990742348,high,residential,9.0
1818.0511324433428,1181.7332360881728,227615.2646678758,129.80898544008957,55.74630380175532,high,commercial,10.5
3190.546942868505,2073.8555128645285,399448.16395802255,227.8052879052603,59.30102974950573,high,commercial,10.5
731.8262408627278,475.6870565607731,91622.73850956034,52.25244777200226,49.997684297407595,high,commercial,10.5
2552.995973601034,1659.4473828406722,319628.4438085407,182.28410150401075,57.89197337434645,high,commercial,10.5
1203.8635889965049,782.5113328477282,150720.58455539495,85.95594937194174,53.14155687031832,high,commercial,10.5
1422.9873257993513,924.9417617695784,178154.3054543027,101.60140040058883,54.19809396362244,high,commercial,10.5
802.8893901883837,521.8781036224494,100519.65964299056,57.32636189439752,50.582896329514305,high,commercial,10.5
619.5009986825614,402.67564914366494,77559.91086325452,44.23241716531406,48.945656434534996,high,commercial,10.5
881.6834922010669,573.0942699306935,110384.4759090663,62.95226661094051,51.174127477431384,high,commercial,10.5
725.0836622285201,471.3043804485381,90778.58523302042,51.77102715839155,49.93923852755487,high,commercial,10.5
504.5548015643376,327.96062101681946,63168.94648786411,36.025250182028905,47.6502607387638,high,commercial,10.5
565.5757377751571,367.62422955385216,70808.60870530734,40.382149544636775,48.37079270280866,high,commercial,10.5
628.2180775231274,408.3417503900328,78651.26642087277,44.854817239823745,49.03386648326281,high,commercial,10.5
1637.5982668449046,1064.4388734491881,205023.036082938,116.92463747809954,55.08571677503945,high,commercial,10.5
526.7723301399341,342.40201459095715,65950.52317553633,37.61158336700837,47.92220337002055,high,commercial,10.5
925.8847447131515,601.8250840635485,115918.35755279574,66.10823931235942,51.483084770409334,high,commercial,10.5
902.9931264733243,586.9455322076608,113052.38659556986,64.47377607545349,51.3249628082761,high,commercial,10.5
1701.52923642502,1105.994003676263,213027.02689583405,121.48931343869417,55.3277214171088,high,commercial,10.5
543.1639890125111,353.05659285813226,68002.71615627663,38.78194902392456,48.11559613362049,high,commercial,10.5
706.4884546836711,459.2174955443862,88450.51370007811,50.44332796315455,49.775195306898404,high,commercial,10.5
652.2585682076444,423.9680693349689,81661.07321467176,46.57131005432731,49.27094771919148,high,commercial,10.5
2089.083958022972,1357.9045727149319,261547.86822731505,149.16074925003778,61.905026936837714,high,commercial,21.0
1933.5840003242702,1256.8296002107757,242079.67869412742,138.05804075926088,61.416184492559765,high,commercial,21.0
1406.4820354857866,914.2133230657613,176087.88611322883,100.4229214503744,56.54232090218774,high,residential,30.0
1695.589061157912,1102.1328897526428,212283.3324301128,121.06518448489332,60.58614977895349,high,commercial,21.0
1850.7218585140754,1202.969208034149,231705.55444508768,132.1416777000335,49.746513586978665,high,residential,9.0
724.3492976533822,470.8270434746985,90686.64470167349,51.71859347336439,49.109075134412315,high,residential,18.0
691.1576049308214,449.25244320503396,86531.13125708344,49.34870415591469,48.83983278656307,high,residential,18.0
762.990955146189,495.94412084502284,95524.47953507013,54.477610678850496,49.407420336013594,high,residential,18.0
1040.561955386277,676.3652710010801,130275.64552613092,74.29620064355247,51.18889840672674,high,residential,18.0
867.057574057813,563.5874231375784,108553.34906682321,61.90797497280928,50.14147393757013,high,residential,18.0
2821.140367523184,1833.7412388900698,353199.4232505611,201.429631079795,60.68612205406455,high,commercial,14.0
3589.768493180955,2333.349520567621,449429.6618454698,256.30973615047145,60.04626049644073,high,commercial,10.5
1314.929679482847,854.7042916638505,164625.7696904796,93.88607645448052,47.783095816790315,high,residential,9.0
1064.0986196615747,691.6641027800237,133222.3745662658,75.97672021514138,46.56749536719844,high,residential,9.0
972.0559954517016,631.8363970436061,121698.8778414513,69.40487003297969,46.04796956737756,high,residential,9.0
977.0497731987218,635.0823525791692,122324.08580359093,69.76142613378792,46.077394068180496,high,residential,9.0
2881.2250813161772,1872.7963028555153,360721.87286071357,205.71968409246497,52.28977309580374,high,residential,9.0
1130.690852672785,734.9490542373103,141559.54862654695,80.73141058171973,59.22771797926936,high,commercial,24.5
1409.9007035110733,916.4354572821977,176515.89444231335,100.66701460045131,45.544188390321025,high,residential,6.0
1495.9379221142071,972.3596493742347,187287.53003284888,106.81007837773372,59.79452312254945,high,commercial,21.0
372.8349960158938,242.342747410331,46677.97004232429,26.620446315137546,45.741717438573524,high,commercial,10.5
1177.4816481674961,765.3630713088725,147417.63430438805,84.07227684379251,47.148977442956955,high,residential,9.0
1371.5838422491784,891.529497461966,171718.7232507378,97.93118786989578,48.025390372426344,high,residential,9.0
1302.5070431219065,846.6295780292393,163070.48798651114,92.9990992987073,47.7285741812459,high,residential,9.0
1183.1584347848675,769.0529826101639,148128.35319744775,84.47759982850447,47.17660010923915,high,residential,9.0
889.1026970829033,577.9167531038872,111313.341028792,63.48199838872008,45.53577993487735,high,residential,9.0
1342.4294183669124,872.5791219384931,168068.66534544496,95.84955984650728,47.90198075170431,high,residential,9.0
2837.5680601907934,1844.4192391240158,355256.1275685497,202.6025695523439,58.559937378599734,high,commercial,10.5
2601.978354726946,1691.2859305725149,325760.91029701254,185.78144714238627,51.703998242133764,high,residential,9.0
1317.6752798488997,856.4889319017848,164969.51170237307,94.08211252386337,47.79507650413758,high,residential,9.0
1481.9826796517846,963.28874177366,185540.37003833335,105.8136730328615,54.45477237191948,high,commercial,10.5
590.4295249099753,383.77919119148396,73920.2380955588,42.15671178589718,48.642249789033706,high,commercial,10.5
648.3726906014244,421.4422488909259,81174.5714634157,46.293858105585976,49.23322340495407,high,commercial,10.5
2439.8314075912804,1585.8904149343323,305460.53500571265,174.2041431137579,51.33428967467594,high,residential,9.0
4146.782756657434,2695.408791827332,519166.39627636,296.08059579640815,60.95808406212766,high,commercial,10.5
1121.3448924191653,728.8741800724574,140389.4587546278,80.06410832776423,46.86842801382101,high,residential,9.0
1523.7742840192077,990.453284612485,190772.5700129304,108.79759667837422,48.6298187675917,high,residential,9.0
970.01036898644,630.506739841186,121442.77073808486,69.2588121519298,46.035872637415714,high,residential,9.0
2122.2738413852717,1379.4779969004267,265703.1551447149,151.53050937903095,50.53311197725778,high,residential,9.0
1871.3934710543303,1216.4057561853147,234293.586473174,133.61763236565113,55.929054216478356,high,commercial,10.5
1223.3841581066638,795.1997027693315,153164.50894519195,87.34971945144297,47.368621528059016,high,residential,9.0
1708.173001876441,1110.3124512196866,213858.8090193567,121.96367878373913,49.286048720806235,high,residential,9.0
923.5619890854671,600.3152929055536,115627.55460038174,65.9423943885977,45.75411421600566,high,residential,9.0
1236.2315483461389,803.5505064249903,154772.96872801424,88.26702406558653,47.42862251078227,high,residential,9.0
1026.0621481500036,666.9403962975024,128460.30744084723,73.26091333351519,46.35846336382846,high,residential,9.0
1215.9192014171836,790.3474809211693,152229.91581836017,86.81672099121081,47.3334681831205,high,residential,9.0
1054.7801376571006,685.6070894771154,132055.7248995423,75.31137991020898,46.51698367922852,high,residential,9.0
1023.4307976017199,665.230018441118,128130.8692084491,73.07303470957852,46.34371755234726,high,residential,9.0
977.0087195361311,635.0556676984853,122318.94599200401,69.75849489923989,46.07715278345507,high,residential,9.0
4291.481762529909,2789.4631456444413,537282.3347838642,306.41211552723775,61.17490663175107,high,commercial,10.5
1021.145356977579,663.7444820354264,127844.73799725075,72.9098540798321,59.34530326357377,high,commercial,27.0
1618.6147999015375,1052.0996199359995,202646.3554849499,115.56921653306692,48.97667470728499,high,residential,9.0
1336.0665245051907,868.443240928374,167272.04761311365,95.39524875375872,47.874690967661046,high,residential,9.0
949.0865818399066,616.9062781959393,118823.16710635867,67.76485220075637,45.91065429714847,high,residential,9.0
1119.4439321970299,727.6385559280694,140151.4634879584,79.92837962718268,46.85868385153562,high,residential,9.0
960.358078473227,624.2327510075976,120234.32911583874,68.56963789476283,45.978447265346446,high,residential,9.0
1010.2713627701885,656.6763858006225,126483.34225576474,72.13345008846264,46.26940044313348,high,residential,9.0
1071.9399389715695,696.7609603315202,134204.08731253553,76.53659099433901,46.60965873683332,high,residential,9.0
949.6980432585954,617.303728118087,118899.72048275462,67.80851059131496,45.91435254422539,high,residential,9.0
898.8001798019212,584.2201168712488,112527.44059745205,64.17439937272691,45.59806638159365,high,residential,9.0
2546.8851329363797,1655.4753364086469,318863.3824797324,181.8477870281914,51.581029579172935,high,residential,9.0
2112.2850566669817,1372.985286833538,264452.58532476245,150.81730941071203,66.34293779845368,high,residential,84.0
2619.441719210134,1702.6371174865872,327947.2780277652,187.02833265923454,51.74243390198245,high,residential,9.0
472.1174288485012,306.8763287515258,59107.87194265975,33.70921936889886,46.65282539578262,high,residential,18.0
1087.3534808795368,706.7797625716989,136133.82259788824,77.63711902757566,46.69164778370689,high,residential,9.0
1015.4860104110494,660.0659067671821,127136.20255311468,72.5057763160413,46.29896488568831,high,residential,9.0
1158.4964316684204,753.0226805844733,145040.73466658388,82.71673098035279,47.05562097257234,high,residential,9.0
984.4931381669525,639.9205398085192,123255.97570318166,70.2928829435245,46.120974422427565,high,residential,9.0
1001.1342388519156,650.7372552537452,125339.39814888708,71.4810587643103,46.21722802307839,high,residential,9.0
904.7166293287956,588.0658090637172,113268.16466231584,64.59683430691874,45.63573857793217,high,residential,9.0
1209.8984619968505,786.4340002979528,151476.1349305731,86.38683975090585,47.30495836719929,high,residential,9.0
1365.8132193003244,887.7785925452108,170996.2562934764,97.5191649641696,48.001172939037964,high,residential,9.0
1422.077865576683,924.350612624844,178040.44340411416,101.53646487336631,48.23305491450739,high,residential,9.0
1246.86416861614,810.461709600491,156104.14508146298,89.02619393995833,47.47781055917512,high,residential,9.0
1536.1650188750261,998.507262268767,192323.8577315801,109.68229606432014,48.676341221635916,high,residential,9.0
1101.0355336418243,715.6730968671858,137846.77995376996,78.614018607635,46.76345951797583,high,residential,9.0
937.1305180082275,609.1348367053479,117326.29906735235,66.91118835811105,45.837859245014776,high,residential,9.0
998.2282587812981,648.8483682078438,124975.57701586746,71.27357157214922,46.20053530964913,high,residential,9.0
1097.2908817103753,713.239073111744,137377.95928901763,78.34665018252676,46.74389430764288,high,residential,9.0
977.549122489321,635.4069296180587,122386.60303366944,69.79707971010168,46.080328083661975,high,residential,9.0
1158.714199772307,753.1642298519996,145067.99866577392,82.73227963909088,47.056700450673176,high,residential,9.0
1173.6194895805522,762.852668227359,146934.1021125431,83.79651843478332,47.13010840937746,high,residential,9.0
1225.220298882151,796.3931942733981,153394.38898603452,87.48082003873549,47.3772352846631,high,residential,9.0
901.2183599437644,585.7919339634469,112830.19045040064,64.34705761386348,45.613493663472035,high,residential,9.0
1798.90468710975,1169.2880466213376,225218.17960008798,128.44192782593018,49.58336765188211,high,residential,9.0
2961.283932820731,1924.8345563334751,370745.0324677401,211.4358920163522,58.829681470231584,high,commercial,10.5
1164.9571552478762,757.2221509111196,145849.60042467038,83.17802712218952,47.08756093200413,high,residential,9.0
1007.488932927308,654.8678064027503,126134.98928933532,71.93478439170795,46.253563023455044,high,residential,9.0
1237.5791480403377,804.4264462262196,154941.68469842218,88.36324278351017,47.434880045534854,high,residential,9.0
1045.7538474563844,679.7400008466499,130925.65688531441,74.66690212169482,46.467628959000464,high,residential,9.0
905.7608657535162,588.7445627397856,113398.90034182843,64.67139286494475,45.64236205476836,high,residential,9.0
1989.0116487870612,1292.8575717115898,249019.075859388,142.01557896260897,50.16052310669076,high,residential,9.0
3134.73099569034,2037.5751471987212,392460.1528053482,223.8200251448901,52.774342428424845,high,residential,9.0
1172.0905487154753,761.858856665059,146742.68270004375,83.68735194383494,47.12262144009173,high,residential,9.0
1202.9065310813667,781.8892452028883,150600.7633981297,85.88761536595338,47.271671261463574,high,residential,9.0
2638.8775453994663,1715.2704045096532,330380.59282468096,188.41605208791557,51.78491078474228,high,residential,9.0
2768.830035823208,1799.7395232850854,346650.30602152436,197.69466952407535,52.06113015710538,high,residential,9.0
1319.1283140257526,857.4334041167392,165151.4277952892,94.18585927165343,47.80140686641801,high,residential,9.0
1136.156624170379,738.5018057107463,142243.8489764315,81.1216670712589,46.94379118773152,high,residential,9.0
3127.860270765491,2033.109175997569,391599.95594711794,223.32945487664136,52.76173374462918,high,residential,9.0
975.1595809914342,633.8537276444322,122087.4386643233,69.62646627026358,46.06627432455097,high,residential,9.0
903.5429637779916,587.3029264556945,113121.22479345812,64.51303449970918,45.62828502535726,high,residential,9.0
1005.6751714214241,653.6888614239257,125907.91107473565,71.80528168592174,46.24321566158294,high,residential,9.0
974.4541568985117,633.3952019840326,121999.12140594244,69.57609893780898,46.06211889236535,high,residential,9.0
944.5590165720704,613.9633607718458,118256.32773184965,67.44158370547386,45.88319634415598,high,residential,9.0
963.7406738774007,626.4314380203105,120657.82124675071,68.81115545702193,45.99863705105983,high,residential,9.0
968.9783693413453,629.8359400718745,121313.56707149728,69.1851273008749,46.02976017317026,high,residential,9.0
1808.1840253805806,1175.3196164973774,226379.92857335217,129.10447326538275,49.612926000368866,high,residential,9.0
10197.882053001786,6628.623334451161,1276748.2614343464,728.1295334960078,59.55382738644026,high,residential,9.0
2535.979463316331,1648.3866511556153,317498.021059115,181.06912141001328,51.55637296901738,high,residential,9.0
1782.293319239491,1158.490657505669,223138.47962531165,127.25587493031524,49.530071303028286,high,residential,9.0
1370.616499841386,890.9007248969009,171597.61450178956,97.8621195503706,48.021337861543614,high,residential,9.0
1556.2867965058765,1011.5864177288198,194843.0518616588,111.11899247670402,48.75109764250285,high,residential,9.0
1542.3558745469718,1002.5313184555317,193098.93673081417,110.12432361758333,48.69944520503558,high,residential,9.0
1821.6789657161746,1184.0913277155134,228069.459940952,130.0680130043249,49.655643248675034,high,residential,9.0
2985.114681666839,1940.3245430834452,373728.5801298737,213.13740924806697,52.49331880913146,high,residential,9.0
1566.6024219509047,1018.2915742680881,196134.54128898264,111.85552889710681,54.80564736957111,high,commercial,10.5
1218.963376666677,792.3261948333401,152611.03862769375,87.03407532937375,47.34782952536438,high,residential,9.0
945.684250822626,614.694763034707,118397.20412810886,67.52192551426049,45.890032717687,high,residential,9.0
945.0887022432017,614.3076564580812,118322.64299772632,67.47940330160333,45.88641546836059,high,residential,9.0
961.656437831635,625.0766845905628,120396.88032450627,68.66234084906594,45.98620520492194,high,residential,9.0
1342.3253150534001,872.51145478471,168055.6318818448,95.8421268622161,47.9015353044473,high,residential,9.0
9220.876332380056,5993.569616047036,1154429.6908986112,658.371252719478,58.97498882361097,high,residential,9.0
11055.201248444773,7185.880811489103,1384082.3908729127,789.3421875148222,60.01778165868959,high,residential,9.0
1105.9017942297721,718.8361662493519,138456.0230998524,78.96146997384582,46.78878585772163,high,residential,9.0
915.828729948237,595.288674466354,114659.37070618052,65.39023911373475,45.70583291933083,high,residential,9.0
1027.5716060918298,667.9215439596894,128649.28764212027,73.36868874230119,46.366905164881196,high,residential,9.0
961.9934167625456,625.2957208956547,120439.06920862399,68.68640116967826,45.9882170067103,high,residential,9.0
3014.4961747448383,1959.422513584145,377407.0665068209,215.23525002883997,52.549600774839945,high,residential,9.0
1296.1695229557433,842.5101899212332,162277.04697475006,92.54659988969996,47.700558987643504,high,residential,9.0
7693.567022302277,5000.818564496481,963214.5448340118,549.321254918837,57.934201643884094,high,residential,9.0
970.3402178299846,630.72114158949,121484.06695384251,69.28236338377639,46.03782493990181,high,residential,9.0
966.095192220731,627.9618749434751,120952.60080840267,68.97926824103205,46.0126487832182,high,residential,9.0
1189.2301381733487,772.9995898126766,148888.51464125523,84.91111989990786,47.2059982225245,high,residential,9.0
1046.8318323206258,680.4406910084068,131060.61778152006,74.7438703208009,46.47354558789162,high,residential,9.0
923.1095631977755,600.0212160785541,115570.91205808363,65.9100911467251,45.7513007125294,high,residential,9.0
1064.8867710467541,692.1764011803903,133321.049066083,76.03299428238714,46.571747325033186,high,residential,9.0
1144.7023797913157,744.0565468643553,143313.75531335195,81.73183465520462,46.98682731344549,high,residential,9.0
1509.43363570381,981.1318632074766,188977.15820983588,107.7736733270694,48.57550082285555,high,residential,9.0
986.415053155664,641.1697845511817,123496.59445202665,70.43010781599081,46.132173627408996,high,residential,9.0
1052.3479650263525,684.0261772671291,131751.22322344166,75.13772260432879,46.50372649200371,high,residential,9.0
939.5694831416344,610.7201640420624,117631.65114708734,67.08533064918392,45.852784032595494,high,residential,9.0
1742.9467070108474,1132.9153595570508,218212.38629581832,124.44652390450518,49.40182344967758,high,residential,9.0
2099.510461240861,1364.6817998065596,262853.239262898,149.90520235163072,50.471153750111775,high,residential,9.0
1153.1319377684595,749.5357595494987,144369.11400803408,82.33370571878184,47.0289649288761,high,residential,9.0
4239.257880765748,2755.5176224977363,530744.0408615376,302.6833265033349,61.09750706642614,high,commercial,10.5
16605.6080723199,10793.645247007937,2078978.8630820585,1185.641645615698,69.72950415117445,high,commercial,10.5
550.2462609093801,357.6600695910971,68889.39814419697,39.28762376163553,48.19735865780619,high,commercial,10.5
550.2462609093801,357.6600695910971,68889.39814419697,39.28762376163553,48.19735865780619,high,commercial,10.5
993.9998776745573,646.0999204884623,124446.19471877332,70.97166484811643,51.931469364270875,high,commercial,10.5
479.1510009444243,311.44815061387584,59988.456842393876,34.21141693721723,47.32427394426596,high,commercial,10.5
740.5146076892529,481.3344949980144,92710.49939783267,52.87279780658397,50.07220856583822,high,commercial,10.5
407.53361294900145,264.89684841685096,51022.14647163308,29.097930132772348,46.30294395840536,high,commercial,10.5
3195.359155528142,2076.9834510932924,400050.64044430776,228.1488802453887,59.31055636887721,high,commercial,10.5
3276.710232450634,2129.8616510929123,410235.58330663777,233.95735315977552,59.46947003970162,high,commercial,10.5
1849.360205027303,1202.084133267747,231535.0789764681,132.04445554027978,55.85420761390812,high,commercial,10.5
1198.5510383652506,779.0581749374129,150055.46705874382,85.5766328636016,47.25083781762712,high,residential,9.0
1283.7551243368882,834.4408308189774,160722.79661462645,91.66021090932146,47.64528189049812,high,residential,9.0
1332.1854258646506,865.9205268120229,166786.14417590862,95.11813802352069,47.85798150423282,high,residential,9.0
1847.6579180363497,1200.9776467236272,231321.9570806797,131.92291212311167,49.736994530948856,high,residential,9.0
912.3824815757131,593.0486130242135,114227.90938948528,65.14417672482347,45.684185524700425,high,residential,9.0
1149.9554034617995,747.4710122501697,143971.42018961805,82.10690093413918,47.7184373480583,high,residential,10.0
1145.2957596302026,744.4422437596318,143388.0449230701,81.77420201962687,47.69511863405979,high,residential,10.0
783.8957266051785,509.5322222933661,98141.70245226311,55.97021290852565,45.51805554378126,high,residential,10.0
1163.1579115001753,756.052642475114,145624.33979556776,83.0495609854123,47.78399881378918,high,residential,10.0
3101.2362382432766,2015.80355485813,388266.6964469159,221.42849698367615,53.41792723867642,high,residential,10.0
3225.2126056026427,2096.388193641718,403788.2146074858,230.28041879064915,53.643173171994476,high,residential,10.0
3716.686282334873,2415.8460835176675,465319.4383505488,265.371675691318,54.45822159159063,high,residential,10.0
3204.0182912846926,2082.6118893350504,401134.7416787838,228.7671431794104,52.89997147794851,high,residential,9.0
8290.420834406908,5388.773542364491,1037939.086947219,591.936661285999,58.3636294609241,high,residential,9.0
2887.663435450853,1876.9812330430543,361527.9380225994,206.17938305428842,52.30259912177546,high,residential,9.0
1763.120735895063,1146.0284783317911,220738.12214667245,125.8869510602473,49.46793681286414,high,residential,9.0
1625.7482420666959,1056.7363573433524,203539.44385713083,116.07854483172173,49.001936403981276,high,residential,9.0
1893.8750709329292,1231.0187961064041,237108.22419991798,135.22282026121323,49.87893405633434,high,residential,9.0
1084.7510333765322,705.0881716947459,135808.00295144925,77.45130408321151,46.67788641833564,high,residential,9.0
941.0416018575327,611.6770412073962,117815.95657456527,67.19044003447458,45.86177366782182,high,residential,9.0
1009.3026975256547,656.0467533916756,126362.06789110329,72.06428731829621,46.26389180996113,high,residential,9.0
1142.0080313862372,742.3052204010543,142976.42991343033,81.53945797962932,46.973293416431765,high,residential,9.0
1275.1645534011122,828.856959710723,159647.27951705892,91.0468435085787,47.60671741237515,high,residential,9.0
952.8306729187589,619.3399373971932,119291.91755382724,68.03218058094768,45.93326211541317,high,residential,9.0
15176.554982859518,9864.760738858688,1900065.1398223483,1083.6071492406852,61.83895330553077,high,residential,9.0
1232.899377157789,801.384595152563,154355.7895775381,88.02910679606997,47.41312037377491,high,residential,9.0
885.5263128746442,575.5921033685188,110865.58704454463,63.2266442915038,45.51263756852181,high,residential,9.0
989.4760117518138,643.159407638679,123879.81849263087,70.6486604863474,46.1499652350236,high,residential,9.0
1656.6757927604249,1076.8392652942762,207411.49261915957,118.2867742407067,49.11019413016391,high,residential,9.0
1011.6622969405156,657.5804930113352,126657.48358967165,72.23276289118975,46.277301226065774,high,residential,9.0
966.5087755229731,628.2307040899325,121004.38036021072,69.00879811942818,46.01510649350635,high,residential,9.0
1001.7853798086771,651.1604968756402,125420.91930006078,71.52755027682467,46.22096170933818,high,residential,9.0
1350.778656080242,878.0061264521573,169113.96815238002,96.44569603730233,47.93759433516204,high,residential,9.0
1575.165499096327,1023.8575744126126,197206.6162356357,112.46693323918305,48.820362679563786,high,residential,9.0
2110.542936037966,1371.8529084246777,264234.47636127914,150.6929218688375,50.501265765761985,high,residential,9.0
1785.7605301760445,1160.7443446144289,223572.56540040334,127.50343404785004,49.541236474365526,high,residential,9.0
1892.0544768366121,1229.835409943798,236880.29056279897,135.09282970796426,49.87340856338418,high,residential,9.0
1420.1834993985149,923.1192746090347,177803.27369456805,101.40120698801218,48.225397991998506,high,residential,9.0
6396.125849128481,4157.4818019335125,800778.2905653734,456.68385910943243,56.872711447720945,high,residential,9.0
1384.1141706996777,899.6742109547905,173287.48772371648,98.82585424883551,48.07762740477911,high,residential,9.0
897.2278918370911,583.1981296941092,112330.59424100882,64.06213789564734,45.58801338601741,high,residential,9.0
1470.873081445318,956.0675029394566,184149.4772900528,105.02044689851712,48.42684739681559,high,residential,9.0
980.767715127233,637.4990148327015,122789.56244557105,70.02688746270917,46.099203645704115,high,residential,9.0
1365.6936743839801,887.7008883495871,170981.28958143634,97.51062944829316,48.00067016748431,high,residential,9.0
1479.3887157689749,961.6026652498336,185215.61251903785,105.62846381960729,48.46000805179605,high,residential,9.0
1030.5861210577668,669.8809786875485,129026.69706123539,73.58392533402254,46.38372714212857,high,residential,9.0
2146.12326389549,1394.9801215320683,268689.04070093896,153.2333599117455,50.59731772072986,high,residential,9.0
2094.52671865616,1361.442367126504,262229.2876769331,149.54936276215494,50.45749923641245,high,residential,9.0
3687.6540461014933,2396.9751299659706,461684.67802052444,263.2987718751051,53.70784164079285,high,residential,9.0
7408.994664220467,4815.846531743304,927586.8270839055,529.0027674859513,57.71758304802093,high,residential,9.0
2644.564627977688,1718.9670081854972,331092.6007452119,188.82211020499435,51.797280740171544,high,residential,9.0
1895.2376227952316,1231.9044548169006,237278.81214281303,135.32010656504627,49.883065921344595,high,residential,9.0
2965.790892117553,1927.7640798764096,371309.29202836915,211.75768924377894,52.45600027389384,high,residential,9.0
4106.36687566229,2669.1384691804888,514106.4332833875,293.19489890151596,54.32588812902317,high,residential,9.0
1873.4911424283823,1217.7692425784485,234556.20946351276,133.76740625704133,49.81676367287836,high,residential,9.0
1790.230331289871,1163.6497153384162,224132.17285334063,127.82257817826017,49.555598277087086,high,residential,9.0
2308.7225475969576,1500.6696559380225,289046.04735166905,164.84296080465688,51.01692553946771,high,residential,9.0
1203.565424370307,782.3175258406995,150683.25512109272,85.93466039555919,47.274816352781734,high,residential,9.0
1290.6309765078206,838.9101347300834,161583.63539070674,92.15114726332006,47.67596337529115,high,residential,9.0
1073.4350830628339,697.7328039908421,134391.2754570144,76.64334439313531,46.617663251051745,high,residential,9.0
1381.786077304979,898.1609502482364,172996.0164967804,98.65962820811386,48.06795777548078,high,residential,9.0
1386.3859126635766,901.1508432313249,173571.90389834577,98.9880567932266,48.08704732637899,high,residential,9.0
1332.9060819461226,866.3889532649797,166876.36843956742,95.16959292108531,47.861087850808424,high,residential,9.0
1141.2208526096772,741.7935541962902,142877.87718167802,81.48325335671097,46.969333341100835,high,residential,9.0
1224.280353077149,795.7822295001469,153276.71022037108,87.41370783867762,47.37282739636208,high,residential,9.0
1585.6148725433964,1030.6496671532077,198514.85056432136,113.21301927683248,48.85834509279415,high,residential,9.0
1136.506818449408,738.7294319921152,142287.6923876997,81.14667096870515,46.94556109967933,high,residential,9.0
1702.1895971908084,1106.4232381740255,213109.7023430748,121.53646324625558,49.26589044385832,high,residential,9.0
1870.6031521829843,1215.89204891894,234194.64060973632,133.56120353973265,49.807900752218515,high,residential,9.0
1362.9651920693866,885.9273748451013,170639.69070498276,97.31581560905167,47.989182982948954,high,residential,9.0
1149.0702193286343,746.8956425636123,143860.59744258152,82.04369872150424,47.00869979654205,high,residential,9.0
5461.678166189961,3550.090808023475,683787.8754583533,389.9642253738989,55.96501973288544,high,residential,9.0
994.4884967210667,646.4175228686934,124507.36855025048,71.00655228420786,46.17898155161895,high,residential,9.0
3061.5166233932755,1989.985805205629,383293.9041611242,218.59251354308915,52.63854004905071,high,residential,9.0
1472.0032825152916,956.8021336349395,184290.97551916158,105.10114333857786,48.43125952811091,high,residential,9.0
3301.565518858833,2146.0175872582417,413347.40040201,235.7320224492663,53.07231201818866,high,residential,9.0
5220.785721967066,3393.510719278593,653628.7691109995,372.7644870240031,55.70577866314284,high,residential,9.0
3005.9818353292494,1953.8881929640122,376341.0933969519,214.6273255642817,52.533347690693624,high,residential,9.0
2116.2926359613584,1375.590213374883,264954.3238102698,151.10345086899687,50.5168966809482,high,residential,9.0
1799.029064320111,1169.3688918080722,225233.7513027479,128.45080836795714,49.58376484897562,high,residential,9.0
899.696109525562,584.8024711916153,112639.60866441739,64.23836882131724,45.60378698063249,high,residential,9.0
1886.8843966875384,1226.4748578469,236233.0099992958,134.7236856025984,49.857688378523534,high,residential,9.0
1283.6841043479544,834.3946678261703,160713.90509706162,91.65514007685425,47.644964128462824,high,residential,9.0
946.0166323600624,614.9108110340406,118438.81743054255,67.54565758063842,45.892050550934584,high,residential,9.0
994.821319864856,646.6338579121565,124549.03714064893,71.03031588131208,46.180903025327474,high,residential,9.0
1759.4433549111723,1143.638180692262,220277.72362927324,125.62438578577454,49.4559420095812,high,residential,9.0
1670.3985457285648,1085.7590547235673,209129.54553476558,119.26657981847683,49.157583394913964,high,residential,9.0
2055.9171281579256,1336.3461333026517,257395.46754770319,146.79263514245514,50.350602683294234,high,residential,9.0
2794.877927551538,1816.6706529084997,349911.43419552455,199.55449092170764,52.11493422257447,high,residential,9.0
1400.3088305724166,910.2007398720708,175315.0169429776,99.98215416258013,48.1444447833931,high,residential,9.0
1249.3542309802385,812.0802501371551,156415.89440134165,89.20398457708515,47.48926937459724,high,residential,9.0
1032.9012839081252,671.3858345402814,129316.54941771191,73.7492281329211,46.39661316608365,high,residential,9.0
1324.6266377305683,861.0073145248695,165839.8035966999,94.57843999119795,47.82529823732949,high,residential,9.0
3120.339139675058,2028.2204407887878,390658.32993165497,222.79244556002283,52.74789969743638,high,residential,9.0
14702.689228630776,9556.747998610004,1840738.382097519,1049.773099310215,61.65662553745756,high,residential,9.0
1378.543948618795,896.0535666022167,172590.1104329606,98.42813997991742,48.05446458526861,high,residential,9.0
1714.0087658216037,1114.1056977840424,214589.43145962455,122.38035276142388,49.305641727415285,high,residential,9.0
1113.1884058725632,723.5724638171661,139368.28789153456,79.48173458454217,46.826501433659914,high,residential,9.0
1084.3488244902142,704.8267359186392,135757.64744687773,77.42258633895436,46.67575665362764,high,residential,9.0
951.5167746405525,618.4859035163591,119127.42091288918,67.9383681466207,45.92533857069107,high,residential,9.0
902.2744906361802,586.4784189135171,112962.41526123695,64.42246542348344,45.62021849949286,high,residential,9.0
1259.9894810394235,818.9931626756253,157747.39999754404,89.96334221859937,47.53795535326069,high,residential,9.0
1376.489482688154,894.7181637473002,172332.89665156082,98.28145096038513,48.04589782230795,high,residential,9.0
964.1614683157167,626.7049544052159,120710.5036140059,68.84120021106757,46.0011437055041,high,residential,9.0
1040.229903627144,676.1494373576437,130234.07351108154,74.27249212336982,46.43721430285549,high,residential,9.0
1830.626857867242,1189.9074576137073,229189.71272363784,130.70689316629066,49.683793124105655,high,residential,9.0
2012.2686933125397,1307.9746506531508,251930.79723542268,143.67613366336158,50.22731183352471,high,residential,9.0
1883.0904568999322,1224.008796984956,235758.01862337702,134.45279802091193,49.8461250849925,high,residential,9.0
1019.8548544095304,662.9056553661948,127683.17043826457,72.81771210094229,46.32361751611705,high,residential,9.0
933.4225765121214,606.724674732879,116862.07445345224,66.64644106080381,45.81509469559087,high,residential,9.0
2243.181353629318,1458.0678798590568,280840.4606410556,160.163314703594,50.851455170771565,high,residential,9.0
3141.5523492867833,2042.0090270364092,393314.168501904,224.30707029663586,52.78683320902206,high,residential,9.0
963.7488478336454,626.4367510918695,120658.84460477448,68.81173907810289,45.99868575337903,high,residential,9.0
983.0072596799396,638.9547187919608,123069.94758821263,70.18679110955767,46.11230106861538,high,residential,9.0
2777.038654404343,1805.075125362823,347678.00367950584,198.2807654984222,52.078140143974494,high,residential,9.0
9908.525905082577,6440.541838303675,1240521.6256612402,707.4694831146053,59.38838577034882,high,residential,9.0
1470.6540249423185,955.9251162125071,184122.0519866509,105.00480624798703,48.42599184194085,high,residential,9.0
2058.276003134767,1337.8794020375985,257690.79254851906,146.9610589904204,50.357190916836416,high,residential,9.0
1757.5643131164427,1142.4168035256878,220042.4724926044,125.4902220625323,49.44980331499724,high,residential,9.0
2626.147424739678,1706.995826080791,328786.81488767784,187.50712053044268,51.75712467498197,high,residential,9.0
1602.5413272944093,1041.6518627413661,200633.99859557766,114.42156939905794,48.919343415128395,high,residential,9.0
3653.6046848916117,2374.8430451795475,457421.7867160628,260.86764496417067,53.65453479210722,high,residential,9.0
2718.2854528596467,1766.8855443587704,340322.2559334518,194.08578255884757,51.955267136188766,high,residential,9.0
1489.8501412823998,968.4025918335599,186525.35573502834,106.37541037568667,48.50048566110622,high,residential,9.0
2781.648657805362,1808.0716275734853,348255.1640934886,198.60992008251657,52.08767101580369,high,residential,9.0
2029.6739622294078,1319.2880754491152,254109.89155264592,144.91887115247397,50.276792801776494,high,residential,9.0
894.3610437111918,581.3346784122747,111971.67232550571,63.85744472723591,45.569637770361446,high,residential,9.0
1317.179799321639,856.1668695590654,164907.4788313841,94.04673517753835,47.792916273640515,high,residential,9.0
888.1310317279435,577.2851706231634,111191.69105812228,63.41262141044714,45.5295016138741,high,residential,9.0
1780.3281751390828,1157.2133138404038,222892.44870432,127.1155634960737,49.52373347015392,high,residential,9.0
2942.0310037015306,1912.320152405995,368334.6159074484,210.06123145201784,52.40978004387793,high,residential,9.0
2164.5358968091773,1406.9483329259654,270994.2543657763,154.54802326480223,50.64640095316254,high,residential,9.0
2283.8442932231437,1484.4987905950434,285931.3547268472,163.06665160072097,50.95467554272379,high,residential,9.0
989.1475297193087,642.9458943175507,123838.69339805402,70.62520684491021,46.14805859175271,high,residential,9.0
1046.0925425015607,679.9601526260145,130968.06062246668,74.69108497299275,46.46948857720103,high,residential,9.0
7224.929010458217,4696.203856797842,904542.2868343393,515.8604661816237,57.57299403998844,high,residential,9.0
10194.99042459864,6626.743775989116,1276386.2370926994,727.9230710139665,59.55219741029243,high,residential,9.0
2677.0488686941144,1740.0817646511744,335159.5430419709,191.141487396836,51.86743133393434,high,residential,9.0
1467.7845759641864,954.0599743767211,183762.80445122498,104.79992737853361,48.41477304498634,high,residential,9.0
1398.524358870695,909.0408332659518,175091.60573554155,99.85474275097936,48.137120211629465,high,residential,9.0
1068.6641642199297,694.6317067429543,133793.96884898888,76.30270043457837,46.592082245035435,high,residential,9.0
1326.3492614982358,862.1270199738533,166055.47160394338,94.70143545572891,47.832763016247576,high,residential,9.0
3045.1027092564636,1979.3167610167013,381238.92487929,217.4205588586591,52.60764919620233,high,residential,9.0
1271.686293239556,826.5960906057115,159211.81040778678,90.7984954755608,47.59102904797039,high,residential,9.0
1054.9726007825316,685.7321905086455,132079.82078136434,75.32512179161208,46.5180314450506,high,residential,9.0
1012.1335121412937,657.886782891841,126716.47850501077,72.26640769140764,46.279975361444635,high,residential,9.0
1086.6056952167758,706.2937018909042,136040.20178134085,77.58372707589868,46.6876969735041,high,residential,9.0
1418.1690363442717,921.8098736237766,177551.0681690617,101.2573741768159,48.217244439133495,high,residential,9.0
1366.0242676478006,887.9157739710704,171022.67899667285,97.53423383180252,48.002060440385144,high,residential,9.0
4662.521075993308,3030.6386993956503,583735.4900494466,332.90434997519935,71.39752706037959,high,residential,90.0
1479.8675768614344,961.9139249599324,185275.56468009332,105.66265453705722,48.46186711141543,high,residential,9.0
3406.9047585603093,2214.488093064201,426535.5987407118,243.25325196182794,59.71576680835514,high,commercial,10.5
1406.54190937362,914.2522410928531,176095.38216797818,100.42719645039797,48.16995619131443,high,residential,9.0
2263.5187320277682,1471.2871758180495,283386.6474254684,161.61540502674464,50.90331204386119,high,residential,9.0
4871.630157719886,3166.5596025179257,609915.4022269907,347.8347538900528,61.976464397647014,high,commercial,10.5
4401.882887020998,2861.223876563649,551104.2679089785,314.29476398849044,61.33547554917575,high,commercial,10.5
937.1237025283131,609.1304066434035,117325.44578702548,66.91070173234063,51.55929318710616,high,commercial,10.5
1305.4014058205157,848.5109137833352,163432.85465482558,93.20575700964703,47.741323518683345,high,residential,9.0
2544.522931125352,1653.9399052314789,318567.64096794475,181.6791256440189,63.77611208325561,high,residential,51.0
3068.6852557348284,1994.6454162276384,384191.3982516981,219.10435442294346,69.69158456160022,high,residential,99.0
1076.518167776609,699.7368090547959,134777.2696298935,76.86347686992828,46.63413397472531,high,residential,9.0
2556.0269238396354,1661.417500495763,320007.9108809696,182.500511575417,57.89947272177951,high,commercial,10.5
3977.132833681926,2585.136341893252,497926.6679596657,283.9675787373974,69.27513363612498,high,commercial,32.0
2073.795560224421,1347.9671141458737,259633.8006583858,148.06915651547743,56.578077961546924,high,commercial,10.5
1234.3491864460902,802.3269711899587,154537.3019228103,88.13262328657872,53.29955140113197,high,commercial,10.5
1117.0606777165299,726.0894405157444,139853.08623680766,79.75821508085141,46.84644410716266,high,residential,9.0
1194.2978817796438,776.2936231567685,149522.98293625066,85.27295716854375,53.09115677389943,high,commercial,10.5
1532.153218338065,995.8995919197423,191821.59075750003,109.39585320900228,48.661319630203344,high,residential,9.0
3680.64348596882,2392.418265879733,460806.97415862925,262.79821736266626,60.20429101513793,high,commercial,10.5
2132.7455938571056,1386.2846360071187,267014.1912689903,152.27819328070515,56.75522476830456,high,commercial,10.5
617.3204807463708,401.258312485141,77286.91569920098,44.07672802325432,48.92339752785361,high,commercial,10.5
6288.718130239084,4087.6667846554046,787331.1240219732,449.01494002973135,56.775380258684116,high,residential,9.0
1342.4496883992201,872.5922974594931,168071.20310067426,95.85100712831454,70.66812950404419,high,commercial,90.0
1366.8297230503163,888.4393199827056,171123.51991437323,97.59174340716706,53.94368486838682,high,commercial,10.5
1452.1720968085233,943.9118629255402,181808.1627408117,103.68519521108492,48.353345665128295,high,residential,9.0
1152.6041104963454,749.1926718226246,144303.03140887214,82.29601881247979,52.86666297717715,high,commercial,10.5
1220.4212535772795,793.2738148252316,152793.56101825705,87.138167848712,53.22785800008152,high,commercial,10.5
1270.286254163008,825.6860652059552,159036.52916334476,90.69853258185553,53.48086637176329,high,commercial,10.5
2738.4936966328974,1780.0209028113834,342852.27539926284,195.5286526601996,51.997826466994454,high,residential,9.0
978.5739318462528,636.0730557000643,122514.90649491403,69.87025117404949,46.086344846585945,high,residential,9.0
1056.8039790869275,686.9225864065029,132309.1045732354,75.45588233811617,46.527991892543945,high,residential,9.0
5498.309750424067,3573.9013377756437,688374.0543572076,392.5797231999155,56.003437114125276,high,residential,9.0
5895.391906085182,3832.0047389553683,738087.7056087144,420.9314185086498,56.40418839577617,high,residential,9.0
4654.62361737038,3025.505351290747,582746.7488074742,332.3404708449025,55.04609792996724,high,residential,9.0
2306.3015455581153,1499.096004612775,288742.9442045689,164.67010107986565,51.01089726784424,high,residential,9.0
886.9901686620943,576.5436096303613,111048.85797491074,63.331163703091605,45.52212127521076,high,residential,9.0
1292.9424918040015,840.4126196726011,161873.03108290437,92.31618962658037,47.68624116584703,high,residential,9.0
2731.21042403231,1775.2867756210017,341940.42864696437,195.00862645736382,51.982523911080435,high,residential,9.0
1286.3918063178694,836.1546741066152,161052.90232850672,91.84847019794739,47.65706668159428,high,residential,9.0
1077.3822771223076,700.2984801295,134885.45386845167,76.92517434117799,46.638741840097644,high,residential,9.0
2495.1068245521524,1621.819435958899,312380.87318358745,178.15081197659995,51.46301151506771,high,residential,9.0
913.9452297103945,594.0643993117565,114423.56138405086,65.25575705732422,45.69401193313698,high,residential,9.0
1173.218462928569,762.5920009035698,146883.8946206298,83.76788510214519,47.12814559177698,high,residential,9.0
922.1791853084071,599.4164704504647,115454.43117052734,65.84366209655175,45.74551063484081,high,residential,9.0
1849.5699737502393,1202.2204829376556,231561.3414740064,132.05943304262584,49.7429367581483,high,residential,9.0
2861.141159912657,1859.741753943227,358207.4182316584,204.2856906175148,52.249578476470184,high,residential,9.0
1976.3190832836094,1284.607404134346,247429.9997301045,141.1093288460786,50.12374306246225,high,residential,9.0
1344.7875432254732,874.1119030965576,168363.89643340663,96.01793013597181,47.91206168693666,high,residential,9.0
1156.886490004758,751.9762185030927,144839.17416515734,82.60178102638923,47.047634184402796,high,residential,9.0
936.788148589595,608.9122965832368,117283.43530821733,66.88674315627635,45.83576107477009,high,residential,9.0
890.2662812578681,578.6730828176143,111459.01873566264,63.56507838494841,45.54328930899314,high,residential,9.0
980.6117223287888,637.3976195137127,122770.03255366064,70.01574956535268,46.0982902476747,high,residential,9.0
1123.1822377773456,730.0684545552747,140619.4896060849,80.19529492235024,46.877830419471174,high,residential,9.0
1079.4965701568444,701.6727706019489,135150.15784737372,77.07613502035724,46.650000761963554,high,residential,9.0
1368.4878429687071,889.5170979296597,171331.1122077585,97.71013329208468,48.01241015432245,high,residential,9.0
1350.1238221283747,877.5804843834436,169031.98464784157,96.39894084466405,47.934809108273605,high,residential,9.0
1018.9225529633612,662.2996594261848,127566.44872640882,72.75114570867096,46.31836556701142,high,residential,9.0
1525.2938080660317,991.4409752429207,190962.8104643209,108.90609080780222,48.635544294651936,high,residential,9.0
1141.668398574938,742.0844590737097,142933.9087704029,81.51520817176078,46.971585153756585,high,residential,9.0
928.498910565905,603.5242918678383,116245.64430608995,66.2948909477631,45.784726308000316,high,residential,9.0
1113.4328461668297,723.7313500084393,139398.8911794631,79.4991876396478,46.827762379085556,high,residential,9.0
1919.7939120366266,1247.8660428238072,240353.19557196845,137.07342743469363,49.95702691587695,high,residential,9.0
962.8854861685095,625.8755660095312,120550.75397387464,68.7500949913007,45.99353936384877,high,residential,9.0
1081.361438775798,702.8849352042687,135383.63453936504,77.20928677779989,46.65991319115518,high,residential,9.0
1213.8700976815717,789.0155634930217,151973.37336980627,86.67041483280053,47.32378099210715,high,residential,9.0
3348.234962681113,2176.3527257427236,419190.2931666566,239.06422419294427,53.15297240414423,high,residential,9.0
6084.4577430303,3954.897532969695,761758.2557642984,434.43073326237936,56.58560832909099,high,residential,9.0
3690.5614633510245,2398.864951178166,462048.6790845993,263.506361681947,53.712370596776935,high,residential,9.0
2619.7255241204753,1702.821590678309,327982.80966305785,187.0485963508419,51.7430564195992,high,residential,9.0
9701.016560900287,6305.660764585186,1214541.9964559646,692.6533005788367,59.26673863901453,high,residential,9.0
1387.8714751273023,902.1164588327465,173757.89244802267,99.09412606310734,48.09319896748237,high,residential,9.0
1670.8662957823578,1086.0630922585326,209188.1066227309,119.29997720694344,49.15919182736344,high,residential,9.0
2075.3536783232125,1348.9798909100882,259828.872984522,148.18040626307288,50.40466420708951,high,residential,9.0
917.5815661685892,596.4280180095831,114878.82123377857,65.51539174962392,45.716812052827024,high,residential,9.0
1893.5289635906174,1230.7938263339013,237064.89246247776,135.19810817135107,49.87788403128658,high,residential,9.0
1095.2383048305826,711.9048981398787,137120.98201186187,78.20009604136483,46.73314159705881,high,residential,9.0
3836.107100063368,2493.469615041189,480270.6135672737,273.8983309174162,53.9346477789509,high,residential,9.0
1404.8168671744004,913.1309636633603,175879.41137940582,100.30402830967515,48.16290707921688,high,residential,9.0
1215.0694369715084,789.7951340314804,152123.52752390786,86.75604774688465,47.329452880784494,high,residential,9.0
1076.8722642369876,699.966971754042,134821.60158409917,76.88875938341175,46.6360226417476,high,residential,9.0
1210.3718078483853,786.7416751014505,151535.39659783532,86.42063667974548,47.30720491539716,high,residential,9.0
971.34190647519,631.3722392088735,121609.47576222227,69.35388402719536,46.04374965276163,high,residential,9.0
1319.033321498886,857.3716589742759,165139.53497843802,94.17907679820321,47.80099323008146,high,residential,9.0
1079.6996911401723,701.804799241112,135175.58806523433,77.09063787360314,46.6510812509453,high,residential,9.0
1111.3704968336533,722.3908229418747,139140.69041660684,79.35193574459089,46.81711506051049,high,residential,9.0
1141.6540399419268,742.0751259622525,142932.11110696278,81.51418296430089,46.971512922466715,high,residential,9.0
1536.2489333513533,998.5618066783798,192334.3636053687,109.68828756414177,48.67665500817195,high,residential,9.0
2745.269150238308,1784.4249476549003,343700.54453653836,196.01242054918785,52.01202558362,high,residential,9.0
3181.8127827867233,2068.1783088113702,398354.66987351095,227.18166822886332,52.86000749104727,high,residential,9.0
1014.9936693729335,659.7458850924068,127074.56273798633,72.47062312947361,46.29618004989855,high,residential,9.0
1963.323457056811,1276.1602470869273,245802.98118791307,140.18144017146682,50.08583938850772,high,residential,9.0
1373.0183884932994,892.4619525206447,171898.32470264804,98.03361457792018,48.031394896388505,high,residential,9.0
5443.172586004858,3538.062180903158,681471.0250373182,388.64292557878264,55.94551394440259,high,residential,9.0
1460.4755437352633,949.3091034279212,182847.73266057821,104.27806193632776,48.386097322973214,high,residential,9.0
1107.76945592362,720.050146350353,138689.84947754286,79.09482115704269,46.7984765041957,high,residential,9.0
1381.0534335724158,897.6847318220703,172904.29141043994,98.6073173913739,48.06491140526734,high,residential,9.0
7141.698287208718,4642.103886685667,894122.0171494745,509.9177863803453,57.506400361575615,high,residential,9.0
1512.1828550743191,982.9188557983075,189321.35331165759,107.96996779363832,48.58595386179151,high,residential,9.0
891.9690638306262,579.7798914899071,111672.2026770017,63.68665718669407,45.5542608327724,high,residential,9.0
5345.932756962202,3474.8562920254312,669296.8518092762,381.6999945868302,55.84191632677313,high,residential,9.0
1038.786059100865,675.2109384155623,130053.30793847272,74.169401517311,46.42923794100993,high,residential,9.0
1217.6056038438176,791.4436424984815,152441.0490080846,86.93713024931066,47.34142846577981,high,residential,9.0
1988.8100180222893,1292.7265117144882,248993.83221300767,142.00118251107827,50.159940664342464,high,residential,9.0
1787.8404631746153,1162.0963010635,223832.96759235102,127.6519414179178,49.54792391751967,high,residential,9.0
1254.593778553092,815.4859560595099,157071.87210529772,89.5780886616513,47.513306477504315,high,residential,9.0
5438.995075680693,3535.3467991924504,680948.0116296536,388.3446510323915,55.94110147112179,high,residential,9.0
4839.97889669415,3145.9862828511973,605952.7468170943,345.5748515097889,55.27051279248023,high,residential,9.0
2913.4584943884847,1893.748021352515,364757.41218998533,208.02115217194864,52.35370106883184,high,residential,9.0
960.4232578492781,624.2751176020308,120242.48940388899,68.57429170703789,45.978836974008935,high,residential,9.0
1188.0116606264467,772.2075794071903,148735.9644272482,84.82412051285965,47.2001106164289,high,residential,9.0
1630.7913029662147,1060.0143469280397,204170.82194155108,116.43861975326658,49.019728672409116,high,residential,9.0
1283.0248582360819,833.9661578534532,160631.36920158681,91.60806985566497,47.6420136500323,high,residential,9.0
1371.2976413195802,891.3434668577271,171682.89164007723,97.91075310233605,48.02419168154229,high,residential,9.0
15083.770641724566,9804.450917120968,1888448.7820711315,1076.9823404151664,61.80370538444405,high,residential,9.0
3396.304743667745,2207.598083384034,425208.50449556153,242.49641011381874,53.23488641109711,high,residential,9.0
4506.684536961929,2929.3449490252538,564225.161410404,321.77760955235345,58.530084959013266,high,commercial,7.0
969.3475273826427,630.0758927987177,121359.78469638953,69.21148521235095,46.03194741809105,high,residential,9.0
895.563660298031,582.1163791937201,112122.2367886402,63.94331164056152,45.577353326869655,high,residential,9.0
968.8855904311736,629.7756337802629,121301.95139368852,69.17850287982056,46.02921033137217,high,residential,9.0
5395.363561262493,3506.9863148206205,675485.4597107689,385.22935767305154,62.62198752872127,high,commercial,10.5
1088.1908658498069,707.3240628023744,136238.66101427574,77.69690837644146,46.69606875742646,high,residential,9.0
1152.2099589672769,748.93647332873,144253.684664434,82.26787636412672,47.0243711639759,high,residential,9.0
1115.8838311450827,725.3244902443038,139705.74811245393,79.67418814853248,46.84039051859884,high,residential,9.0
1173.373845678599,762.6929996910894,146903.3481360683,83.77897944199975,47.12890618933786,high,residential,9.0
5977.5218782885895,3885.389220887583,748370.1641307254,426.79550460375276,56.483701350830074,high,residential,9.0
2603.269974167184,1692.1254832086697,325922.6176854868,185.87366886603314,51.70684982535807,high,residential,9.0
4852.154957381074,3153.9007222976984,607477.1578891537,346.4442231441844,55.28495247946121,high,residential,9.0
25583.54579504952,16629.30476678219,3202993.2730532764,1826.6670636222834,64.84048092467056,high,residential,9.0
1758.8362991226536,1143.243594429725,220201.72182629525,125.58104195753619,49.45395951868409,high,residential,9.0
1808.4586316208408,1175.4981105535467,226414.30855911874,129.12408017126543,49.613798418058565,high,residential,9.0
1308.2343866766155,850.3523513398001,163787.53647639434,93.40803205248768,47.75377515124415,high,residential,9.0
1107.3519031381597,719.7787370398039,138637.57295677878,79.06500785725093,46.79631138563547,high,residential,9.0
1246.9756946887874,810.5342015477119,156118.1078551661,89.03415690980124,47.47832427086768,high,residential,9.0
1176.2549205654911,764.5656983675693,147264.0512049785,83.98468840219923,47.14299082958598,high,residential,9.0
937.4958782584345,609.3723208679825,117372.04121869561,66.93727510702212,45.84009746742224,high,residential,9.0
2129.948649945949,1384.466622464867,266664.0211790306,152.07849127840115,50.553851921364725,high,residential,9.0
15365.139829389229,9987.340889103,1923675.4712311921,1097.0721212431488,61.909935675945185,high,residential,9.0
1419.6893335115637,922.7980667825165,177741.4054131204,101.36592350710258,48.22339892253794,high,residential,9.0
3202.774300063051,2081.8032950409834,400978.9972191778,228.6783221140971,52.89773995754034,high,residential,9.0
2199.5988726225914,1429.7392672046844,275384.04757752595,157.05152233346308,50.738726253704684,high,residential,9.0
1637.47983299673,1064.3618914478745,205008.20847373776,116.91618129257266,49.043241631279564,high,residential,9.0
1010.4243468600273,656.7758254590177,126502.49546519724,72.14437316380199,46.27026995491947,high,residential,9.0
1016.9031751311752,660.9870638352639,127313.62788351002,72.60696198196577,46.30697329242665,high,residential,9.0
910.3980074833123,591.7587048641531,113979.45840386242,65.00248512772274,45.67168308598227,high,residential,9.0
1059.0415564723432,688.3770117070231,132589.24343165784,75.61564552907448,46.54013818412269,high,residential,9.0
972.3977354405642,632.0585280363667,121741.66279761918,69.42927029348222,46.04998798709169,high,residential,9.0
1039.3848670638733,675.6001635915177,130128.27713518732,74.21215645019733,46.43254733379239,high,residential,9.0
1228.7018162756403,798.6561805791663,153830.26589225768,87.72940063835456,47.393532523446495,high,residential,9.0
1014.8272503703915,659.6377127407545,127053.72751248945,72.45874080037274,46.29523842648962,high,residential,9.0
9876.962688488733,6420.025747517677,1236569.9931848084,705.2158671132963,59.37004782370069,high,residential,9.0
1371.7429142744245,891.6328942783759,171738.6386538205,97.94254562427383,48.02605650324458,high,residential,9.0
1847.817817809916,1201.0815815764454,231341.9761156954,131.93432897878108,49.737491697926735,high,residential,9.0
1557.5248351212172,1012.3911428287912,194998.05107046603,111.20738852548678,48.7556656076113,high,residential,9.0
1074.6413149312732,698.5168547053277,134542.29254398524,76.7294694378348,46.62411290941085,high,residential,9.0
1866.2035587776143,1213.0323132054493,233643.82297896454,133.24707224490348,49.79437256864719,high,residential,9.0
7066.544442990897,4593.253887944083,884712.9516742597,504.55179633983033,57.44559897106437,high,residential,9.0
6984.4401104976205,4539.886071823454,874433.7031771502,498.68954092192877,57.37843100371279,high,residential,9.0
2376.7911788366896,1544.9142662438483,297568.062623258,169.70306611404405,51.183878741394274,high,residential,9.0
1804.743447783312,1173.083241059153,225949.17722294314,128.85881577024446,49.60198412765333,high,residential,9.0
925.3906078417232,601.5038950971201,115856.49290401596,66.0729579031603,45.76547184749084,high,residential,9.0
1483.6566319781712,964.3768107858112,185749.94450794676,105.93319335288204,48.47655601715153,high,residential,9.0
964.8613726022809,627.1598921914826,120798.12980701315,68.8911734289396,46.005310585757975,high,residential,9.0
1028.1873115976477,668.3217525384711,128726.3723671664,73.412650160995,46.37034500546602,high,residential,9.0
903.2294415627671,587.0991370157986,113081.97262902552,64.49064899033326,45.626292315091696,high,residential,9.0
1726.9035248564505,1122.487291156693,216203.82169220323,123.30103951106352,49.34869925227333,high,residential,9.0
1364.686836284162,887.0464435847052,170855.23607475648,97.43874113343362,47.99643395007638,high,residential,9.0
2021.9564950398174,1314.2717217758814,253143.6847691417,144.36784342384152,50.254905565783716,high,residential,9.0
1420.6439793688605,923.4185865897593,177860.92458702868,101.43408529198247,48.22726016489761,high,residential,9.0
1235.5243664899713,803.0908382184814,154684.43140225508,88.21653122870607,47.425336007772344,high,residential,9.0
1520.904340666229,988.5878214330489,190413.26058306184,108.59268251052018,48.61898931346278,high,residential,9.0
1751.2359555726694,1138.3033711222351,219250.17861729237,125.03837686544185,49.42908067347898,high,residential,9.0
1011.1891565000905,657.2729517250589,126598.24763934518,72.19898062871856,46.27461491272998,high,residential,9.0
1173.7451973923892,762.934378305053,146949.84040304078,83.80549398185416,47.130723546007516,high,residential,9.0
1306.3919161873455,849.1547455217745,163556.86397187883,93.27647952316251,47.74568011741328,high,residential,9.0
1534.8286954518999,997.638652043735,192156.553520929,109.58688247298582,48.67134191592742,high,residential,9.0
1027.71725884926,668.0162182520189,128667.52298783767,73.37908835996383,46.36771908764433,high,residential,9.0
1000.8096691736829,650.5262849628939,125298.7628708711,71.45788446525779,46.215366012490584,high,residential,9.0
1583.4786474387715,1029.2611208352016,198247.40074737044,113.06049264622537,48.85060051425185,high,residential,9.0
1478.9231365402416,961.300038751157,185157.32321271367,105.59522142821062,48.45819997907186,high,residential,9.0
1081.0744094113813,702.6983661173979,135347.69921082378,77.1887928599328,46.65838864220901,high,residential,9.0
1113.8772513124986,724.0202133531242,139454.52954575882,79.53091819994626,46.83005413499574,high,residential,9.0
1187.2684046171617,771.7244630011551,148642.91071151357,84.77105197877619,47.196516287210756,high,residential,9.0
1180.7994278623496,767.5196281105273,147833.01167737696,84.30916655960809,47.165137536302815,high,residential,9.0
961.0933149556136,624.7106547211488,120326.37880770136,68.6221338340321,45.982841726323585,high,residential,9.0
1006.7074207747678,654.359823503599,126037.14600414534,71.87898436616409,46.249106843805514,high,residential,9.0
1181.6054178465843,768.0435216002797,147933.9195233156,84.36671430414688,47.16905646696533,high,residential,9.0
1431.7422509257592,930.6324631017435,179250.39926829605,102.22650270270924,48.271959859554336,high,residential,9.0
920.9940218184379,598.6461141819847,115306.05178964518,65.75904133563465,51.449633079254994,high,commercial,10.5
2116.9761406122843,1376.0344913979848,265039.896811626,151.1522531516703,50.518752007072656,high,residential,9.0
2660.9703832791993,1729.6307491314797,333146.5585621251,189.99348234797995,51.83281640979456,high,residential,9.0
1716.605376958719,1115.7934950231675,214914.52040826145,122.56575098883151,55.38346594399649,high,commercial,10.5
808.5609658271356,525.5646277876382,101229.72613510484,57.73131281485029,50.6273494603394,high,commercial,10.5
4444.594028120873,2888.9861182785676,556451.5914865336,317.34434262477015,54.78074868637719,high,residential,9.0
1972.5811253697573,1282.1777314903422,246962.01713891333,140.84243837432228,50.11286633529196,high,residential,9.0
1520.9970818507336,988.6481032029768,190424.8715377154,108.59930423795909,48.61933958255233,high,residential,9.0
7553.948859664157,4910.066758781702,945734.7146608038,539.3525077710564,57.828943003580704,high,residential,9.0
1006.9249855310443,654.5012405951788,126064.38454474446,71.89451850586778,46.25034774434287,high,residential,9.0
904.7635679841381,588.0963191896898,113274.04125966135,64.60018573038487,45.636036468540944,high,residential,9.0
8413.151082252612,5468.548203464198,1053304.594191567,600.6996100674506,58.44809077519966,high,residential,9.0
988.40084311581,642.4605480252765,123745.21018086257,70.57189336614593,46.143722164951186,high,residential,9.0
1130.3418432358062,734.7221981032741,141515.85355441622,80.70649128208358,46.91432285415987,high,residential,9.0
1948.2332480641512,1266.3516112416983,243913.72634108053,139.10399813231822,50.041510633452944,high,residential,9.0
982.4453693481144,638.5894900762744,122999.60038272955,70.14667209827066,46.10901779523743,high,residential,9.0
2650.2454223271748,1722.6595245126637,331803.82139588986,189.227719342076,51.80961049933883,high,residential,9.0
1347.3789462658385,875.7963150727951,168688.3333419006,96.20295650488592,47.92311953011218,high,residential,9.0
973.8916339653413,633.0295620774718,121928.69500041926,69.5359347587391,46.05880309191803,high,residential,9.0
1713.4375884321241,1113.7344324808807,214517.92153872154,122.33957065353289,49.30372700087999,high,residential,9.0
961.1308290538752,624.7350388850189,120331.07547505699,68.624812343425,45.98306585561112,high,residential,9.0
2813.64690701501,1828.8704895597566,352261.26151989837,200.89459744479805,52.153393272252536,high,residential,9.0
1216.8204161213823,790.9332704788985,152342.7455511208,86.8810677878042,47.33772353545725,high,residential,9.0
2703.649520165682,1757.3721881076935,338489.8752955537,193.0407758810543,51.924245354156554,high,residential,9.0
2256.461035188317,1466.6996728724062,282503.042170704,161.11148494995248,50.885369067053595,high,residential,9.0
2036.0936193930606,1323.4608526054894,254913.61590247654,145.37723514918238,50.29493608264559,high,residential,9.0
1300.3340174654816,845.217111352563,162798.43083636241,92.84394510597748,47.71898363190324,high,residential,9.0
1484.1832353904733,964.7191030038077,185815.87388304915,105.97079287550294,48.47859451566474,high,residential,9.0
2303.305297118271,1497.1484431268761,288367.8217069254,164.45616871945955,51.003427873893536,high,residential,9.0
1301.8535758509872,846.2048243031418,162988.6755868664,92.9524416871899,47.72569181539829,high,residential,9.0
1579.3684491336742,1026.5894919368882,197732.81462910495,112.76702418297855,48.8356701622899,high,residential,9.0
1308.1183296649979,850.2769142822486,163773.00644093798,93.39974557326693,47.753265582252084,high,residential,9.0
944.466316664844,613.9031058321486,118244.72194500378,67.43496492523566,45.882632782143375,high,residential,9.0
2940.35545869444,1911.2310481513862,368124.8420383607,209.94159741447712,52.40650652627561,high,residential,9.0
1072.5479361260504,697.1561584819328,134280.20697207915,76.58000203617674,46.612915100326155,high,residential,9.0
1247.4407920926164,810.8365148602007,156176.3368382677,89.06736489886408,47.48046610895293,high,residential,9.0
888.3926637531983,577.4552314395789,111224.44670597576,63.431301956417975,45.53119279844945,high,residential,9.0
1072.256067201083,696.966443680704,134243.6657431669,76.55916257332808,46.61135211383951,high,residential,9.0
1048.2667528861537,681.3733893759999,131240.26609749513,74.84632375540147,46.48141185771218,high,residential,9.0
897.5672336098193,583.4187018463825,112373.07894676547,64.08636692334035,45.59018457950279,high,residential,9.0
7763.5433183289315,5046.303156913806,971975.394766312,554.3175676352276,57.98624067216696,high,residential,9.0
8105.772398734815,5268.75205917763,1014821.5839210369,578.7527493101674,58.234171802389,high,residential,9.0
2322.057000100681,1509.3370500654426,290715.4860608858,165.7950417005232,51.0500153676382,high,residential,9.0
900.2438386353235,585.1584951129603,112708.18292179656,64.27747672030058,45.607281482533466,high,residential,9.0
9670.476745655391,6285.809884676004,1210718.4911618466,690.4727555096011,59.248616119060785,high,residential,9.0
2127.4570880570054,1382.8471072370535,266352.08412254846,151.90059357508937,50.54712707331599,high,residential,9.0
4600.781664531905,2990.5080819457385,576005.8766026894,328.4961514265138,54.97923334063606,high,residential,9.0
2161.018672143722,1404.6621368934195,270553.9070021419,154.2968931633215,50.63705728488952,high,residential,9.0
3161.7170852641225,2055.1161054216795,395838.7409050308,225.74683393813908,52.8235995262217,high,residential,9.0
2233.447183207419,1451.7406690848225,279621.7678675883,159.46829421488562,50.82646815765426,high,residential,9.0
1081.8555305767827,703.2060948749088,135445.49354544273,77.24456496896599,46.66253660007681,high,residential,9.0
892.5785950307618,580.1760867699952,111748.51439506417,63.730177759505096,45.55818313550044,high,residential,9.0
1240.841045574626,806.5466796235069,155350.0657705148,88.5961425089246,47.449998418845034,high,residential,9.0
1526.315116441342,992.1048256868723,191090.67561178864,108.97901230140307,48.639389355809556,high,residential,9.0
1315.69385369957,855.2010049047204,164721.44231128096,93.94063855012354,47.786432872001136,high,residential,9.0
1109.6900428657946,721.2985278627665,138930.3019584218,79.23195120688796,46.808424752450776,high,residential,9.0
1137.4923860852236,739.3700509553954,142411.08288770882,81.21704057086035,46.95053932000138,high,residential,9.0
761.5288971991679,494.9937831794591,95341.43368964127,54.37321963320242,50.248907942983145,high,commercial,10.5
799.2572468392034,519.5172104454822,100064.9247595859,57.06702659039185,50.55426298352421,high,commercial,10.5
924.0049655432063,600.6032276030841,115683.0140986712,65.9740229404722,51.47024833892565,high,commercial,10.5
1511.4162577875097,982.4205675618814,189225.37732879494,107.91523269061177,54.57903908513099,high,commercial,10.5
1303.7526460024203,847.4392199015732,163226.43422160862,93.08803543658341,53.645164778956925,high,commercial,10.5
1542.1049270891908,1002.3682026079741,193067.51876296868,110.10640595052105,54.70605548694236,high,commercial,10.5
1098.4318233323088,713.9806851660007,137520.8022072462,78.4281134987925,52.56254281760248,high,commercial,10.5
707.6990877833146,460.00440705915446,88602.08180972787,50.52976725608781,49.78600577061167,high,commercial,10.5
883.3082716088062,574.150376545724,110587.89405739003,63.06827598092954,51.18575567620645,high,commercial,10.5
3087.57697488344,2006.9250336742361,386556.59226484096,220.4532245686388,59.09366557343599,high,commercial,10.5
947.7787147929314,616.0561646154055,118659.42555985575,67.67147039678574,51.63070360472241,high,commercial,10.5
1253.772810714004,814.9523269641027,156969.0890709577,89.51947149716717,53.39819545136467,high,commercial,10.5
967.9032939388231,629.1371410602351,121178.97043231799,69.10836683755096,51.763418173520606,high,commercial,10.5
471.3894338617327,306.4031320101263,59016.72886718008,33.6572404729528,47.2212286768471,high,commercial,10.5
2474.1732566083997,1608.2126167954598,309760.0450215342,176.65615367578096,57.69375534259231,high,commercial,10.5
1424.4084861467322,925.865515995376,178332.23102681938,101.7028713545951,54.20440125332963,high,commercial,10.5
2081.8932442899886,1353.2306087884926,260647.60960406926,148.6473317572007,56.6027078157669,high,commercial,10.5
1587.3916155442096,1031.8045501037363,198737.2941585416,113.33987885861629,54.88895028379177,high,commercial,10.5
1539.4942260198216,1000.671246912884,192740.66579152635,109.92000170090748,48.68877720728936,high,residential,9.0
1525.4754844767212,991.5590649098689,190985.55587756317,108.91906251697428,54.63754526563325,high,commercial,10.5
1839.060889008576,1195.3895778555743,230245.6314468213,131.3090836141222,55.81891482072009,high,commercial,10.5
1239.1684575354966,805.4594973980728,155140.66210611124,88.47671959911524,53.32417028290812,high,commercial,10.5
2304.574343556065,1497.9733233114423,288526.7030143098,164.5467787290609,51.00659268429525,high,residential,9.0
1442.533033530096,937.6464717945624,180601.37713389588,102.99696537946082,54.28429332734235,high,commercial,10.5
1537.0308939330444,999.0700810564789,192432.26303271993,109.74411960756018,54.68522999381077,high,commercial,10.5
1113.271523664762,723.6264903820954,139378.69402254614,79.48766920105807,46.82693022788546,high,residential,9.0
1839.1529028878451,1195.4493868770994,230257.15134475447,131.3156534119135,49.71048822317833,high,residential,9.0
1104.0059223303078,717.6038495147001,138218.66487792332,78.82610457987967,46.77893210066345,high,residential,9.0
1033.03105750026,671.470187375169,129332.79673330912,73.7584939770062,46.3973346219344,high,residential,9.0
1164.7985370752479,757.1190490989111,145829.74184275285,83.16670177292195,47.08677889076392,high,residential,9.0
1087.3464448088764,706.7751891257697,136132.94170017474,77.63661665160966,46.69161062236496,high,residential,9.0
1053.2996580682,684.64477774433,131870.37271254958,75.20567355796703,46.50891758344434,high,residential,9.0
908.2580381110353,590.3677247721729,113711.53981435751,64.84969115612809,45.65817046458729,high,residential,9.0
1067.518828917965,693.8872387966773,133650.5758534686,76.22092340923315,46.58592413313841,high,residential,9.0
2581.7883323548294,1678.1624160306392,323233.17210314586,184.3398780504241,51.659238685131584,high,residential,9.0
3154.72314317947,2050.5700430666557,394963.1175794478,225.2474659555591,52.810874107363524,high,residential,9.0
2121.441958798179,1378.9372732188162,265599.00561236416,151.4711129007313,50.53085944573259,high,residential,9.0
1289.20660289028,837.984291878682,161405.30752513857,92.04944688158653,53.57427700792361,high,commercial,10.5
2345.4963396028365,1524.5726207418438,293650.0302930127,167.46861227610515,51.107723023732234,high,residential,9.0
1154.814264393175,750.6292718555638,144579.73691797824,82.45382396432299,47.037337682040175,high,residential,9.0
1090.5134585820856,708.8337480783557,136529.44357260945,77.86274166945918,46.70831312054804,high,residential,9.0
955.612426046091,621.1480769299592,119640.18579723331,68.23079796016216,45.95000169487554,high,residential,9.0
945.6693811320486,614.6850977358316,118395.342481593,67.52086381725249,45.889942429703645,high,residential,9.0
913.2042977902933,593.5827935636906,114330.7986382264,65.20285446338052,45.689355119285295,high,residential,9.0
1055.528557153662,686.0935621498803,132149.42507042998,75.36481711766622,46.521056989407114,high,residential,9.0
1082.2804413891208,703.4822869029285,135498.69127199982,77.2749036324215,46.66479173137216,high,residential,9.0
1294.2375479222314,841.2544061494505,162035.1687345085,92.4086567292902,47.69199140797821,high,residential,9.0
1136.4126326740834,738.6682112381542,142275.90057403955,81.13994609737476,46.94508513025851,high,residential,9.0
1132.6283978070946,736.2084585746115,141802.1242288949,80.86975144773878,46.9259287582301,high,residential,9.0
1260.8160954570396,819.5304620470758,157850.88996880307,90.0223625492084,47.54172220882162,high,residential,9.0
1003.3409997401781,652.1716498311158,125615.67886216138,71.63862165509065,46.229871933406564,high,residential,9.0
1634.012517974567,1062.1081366834685,204574.10966739897,116.66861474331763,49.031064586821536,high,residential,9.0
1224.0210350357554,795.6136727732411,153244.2442772677,87.39519251132576,47.371610725837535,high,residential,9.0
1481.9691713438178,963.2799613734816,185538.67883337312,105.8127085386727,48.47001892936756,high,residential,9.0
1703.0137119868068,1106.9589127914244,213212.87936822022,121.59530510369599,49.26867111371843,high,residential,9.0
1927.5868628990684,1252.9314608843945,241328.8527146334,137.6298447031554,49.980300936601076,high,residential,9.0
1806.390060576662,1174.1535393748304,226155.32885425628,128.97638404558236,49.60722335524393,high,residential,9.0
2345.377887130845,1524.4956266350493,293635.2003521591,167.46015476083633,51.107432845405434,high,residential,9.0
1183.968160028718,769.5793040186668,148229.72868815775,84.53541427085636,47.18052935493784,high,residential,9.0
1006.0914496667158,653.9594422833653,125960.02802639158,71.83500398345113,46.24559214255823,high,residential,9.0
1124.407683334733,730.8649941675765,140772.91219684886,80.2827918258629,46.884092958790525,high,residential,9.0
1261.7740760362994,820.1531494235946,157970.8266412122,90.0907624334833,47.54608460995105,high,residential,9.0
1097.2163559269816,713.190631352538,137368.6288551211,78.34132903607556,46.74350424561888,high,residential,9.0
1730.0023073909786,1124.501499804136,216591.78119133838,123.52229281342028,49.35899865963258,high,residential,9.0
1352.5288457933225,879.1437497656597,169333.0873441634,96.57065971237638,47.945031857946326,high,residential,9.0
1129.8740322109236,734.4181209371004,141457.28483302932,80.67308954027662,46.911945487480196,high,residential,9.0
1262.601708947769,820.6911108160499,158074.4441252479,90.14985548462887,47.549850776974864,high,residential,9.0
914.7361901095921,594.5785235712349,114522.587565104,65.31223168837882,45.69897901996815,high,residential,9.0
912.3938139665094,593.0559790782311,114229.3281752853,65.14498585836522,45.684256842171344,high,residential,9.0
1374.1810253849362,893.2176665002086,172043.88381211428,98.11662693804878,48.03625670256681,high,residential,9.0
1106.8711414972336,719.4662419732018,138577.38285200737,79.03068144049982,46.79381750244635,high,residential,9.0
947.1927321909335,615.6752759241068,118586.06206492189,67.62963119562495,45.89918477603446,high,residential,9.0
1558.2234603599563,1012.8452492339717,195085.5171300182,111.2572704192494,48.758241709205286,high,residential,9.0
1134.6416021702462,737.51704141066,142054.1721695562,81.0134943882979,46.93612785150616,high,residential,9.0
1182.2276543380917,768.4479753197596,148011.82191075294,84.4111420357024,47.17208011437995,high,residential,9.0
2197.3717157627734,1428.2916152458029,275105.21334175667,156.89250316880384,50.73290576376365,high,residential,9.0
1504.4603884784296,977.8992525109793,188354.5206155112,107.41858310702605,48.556543189292945,high,residential,9.0
1116.4800871902235,725.7120566736453,139780.39781570082,79.71676087429418,46.84345840062085,high,residential,9.0
3112.9437544864195,2023.4134404161728,389732.44697545306,222.26441451010086,52.734264400527955,high,residential,9.0
15014.040504837536,9759.126328144399,1879718.7506217202,1072.003603479567,61.77707255655923,high,residential,9.0
1068.2739984355794,694.3780989831266,133745.12110940422,76.27484256869323,46.589985185716735,high,residential,9.0
2005.8024380513427,1303.7715847333727,251121.23892519553,143.21444255903901,50.20882003128491,high,residential,9.0
1914.045064892789,1244.1292921803129,239633.45488875613,136.6629593230576,49.93979710631915,high,residential,9.0
1936.3123782520488,1258.6030458638318,242421.26450162372,138.25284714527604,50.00624876710549,high,residential,9.0
1324.09842524646,860.663976410199,165773.67276999998,94.54072558073098,47.82300734994204,high,residential,9.0
1235.5415411530184,803.102001749462,154686.58162531827,88.21775750091902,47.42541584625846,high,residential,9.0
1486.4857763513926,966.2157546284052,186104.14601185548,106.13519447056119,48.48749924358312,high,residential,9.0
913.061882899887,593.4902238849265,114312.96866502376,65.19268602966305,45.688459598369626,high,residential,9.0
2417.4038896586076,1571.312528278095,302652.66819768277,172.6028166731385,51.281228589745595,high,residential,9.0
1279.9270699852705,831.9525954904258,160243.53418418232,91.38688754523918,47.62812907896157,high,residential,9.0
1377.321544528386,895.259003943451,172437.06862593757,98.3408602373722,48.04936891285681,high,residential,9.0
1373.8706407566315,893.0159164918105,172005.0244653887,98.09446545261119,48.03495916747539,high,residential,9.0
1491.7354246250668,969.6280260062935,186761.38829723594,106.51001974591367,48.507750030988994,high,residential,9.0
2184.2528179791016,1419.764331686416,273462.76152184093,155.9558128959059,50.69850048710385,high,residential,9.0
1138.7289132178864,740.1737935916262,142565.89286282312,81.30532869966802,46.95677907508747,high,residential,9.0
1346.9528883576168,875.5193774324509,168634.99200192775,96.1725359386994,47.92130294791532,high,residential,9.0
2239.4634434767268,1455.6512382598723,280374.98797733785,159.89785564347576,50.84192434133321,high,residential,9.0
3873.2761254586344,2517.6294815481124,484924.07869914855,276.55220208212444,53.99006082310227,high,residential,9.0
1997.0419411427736,1298.0772617428029,250024.44753859343,142.58894243125985,50.18367202576288,high,residential,9.0
901.9281334702682,586.2532867556744,112919.05224653301,64.39773549619778,45.61801396208657,high,residential,9.0
832.586222679877,541.18104474192,104237.62569285877,59.446717932637355,50.8122656631724,high,commercial,10.5
3758.3476047899244,2442.925943113451,470535.3273691795,268.3462971986431,60.33635411477227,high,commercial,10.5
891.0048912489277,579.153179311803,111551.49078202111,63.61781519298664,45.548050960115845,high,residential,9.0
907.68329082667,589.9941390373356,113639.58295191653,64.808654157478,45.65453586278221,high,residential,9.0
889.7624781006151,578.3456107653999,111395.94389308407,63.52910680222585,45.540039139974056,high,residential,9.0
928.4139599580742,603.4690739727482,116235.00871133682,66.28882546807539,45.78420093564707,high,residential,9.0
996.0976652071631,647.463482384656,124708.83225186035,71.12144703323597,46.18826574679465,high,residential,9.0
1139.8179886107525,740.8816925969892,142702.2422643151,81.3830887633389,46.962269155791404,high,residential,9.0
1183.5881331871956,769.3322865716772,148182.15031779706,84.50828032623966,47.17868558383621,high,residential,9.0
1045.804004495586,679.7726029221309,130931.93641593325,74.67048333800673,46.467904386109794,high,residential,9.0
1015.2558588957659,659.9163082822479,127107.38818308395,72.48934348081278,46.29766324424938,high,residential,9.0
918.6026105799314,597.0916968769554,115006.6533336453,65.58829439617793,45.72319785429539,high,residential,9.0
1487.0732943806393,966.5976413474156,186177.70173828022,106.17714330134122,48.48976917317342,high,residential,9.0
1210.0873412372548,786.5567718042156,151499.78211932798,86.40032574265275,47.30585491282047,high,residential,9.0
891.0173130967091,579.161253512861,111553.04596499699,63.618702113837784,45.54813100723493,high,residential,9.0
1062.8146531794969,690.829524566673,133061.62530821268,75.8850449132737,46.560561819171056,high,residential,9.0
1070.3242530420807,695.7107644773525,134001.80764399478,76.42123089937023,46.60099633172154,high,residential,9.0
1114.953849659919,724.7200022789473,139589.31685367116,79.60778740164866,46.83560226731946,high,residential,9.0
963.7865238699071,626.4612405154396,120663.56154634578,68.81442914988101,45.99891023057068,high,residential,9.0
1038.9038723814904,675.2875170479688,130068.05785423271,74.17781339426891,46.42988920253102,high,residential,9.0
2124.059273592274,1380.6385278349783,265926.6866049094,151.65798937077986,50.53794350620584,high,residential,9.0
1485.702948061776,965.7069162401544,186006.13794973292,106.0793004727327,48.484473321384684,high,residential,9.0
1523.8710017007247,990.5161511054711,190784.6788146487,108.80450232799417,48.6301833672924,high,residential,9.0
1068.7701996545059,694.7006297754289,133807.24420911193,76.31027137245654,46.59265203108544,high,residential,9.0
1521.3423077352522,988.8725000279139,190468.09291893654,108.62395339166952,48.62064325967507,high,residential,9.0
1102.0399194688152,716.3259476547299,137972.52644228152,78.68573183003315,46.76869596735457,high,residential,9.0
1265.9502843645514,822.8676848369585,158493.6770423809,90.38894401726984,47.565063425511475,high,residential,9.0
2703.610745992824,1757.3469848953357,338485.0208701418,193.03800740224187,51.9241629470961,high,residential,9.0
980.1893446739881,637.1230740380923,122717.15197182685,69.98559176953286,46.0958163347228,high,residential,9.0
1257.8620091479138,817.610305946144,157481.04606006778,89.81144056805665,47.5282491641971,high,residential,9.0
1601.75839640835,1041.1429576654275,200535.97768864775,114.36566807583581,54.945883749984304,high,commercial,10.5
3391.4332882567483,2204.4316373668867,424598.6109711691,242.14858783685773,59.68699585327983,high,commercial,10.5
3794.646142820477,2466.51999283331,475079.809751134,270.93801550107173,60.39711314168652,high,commercial,10.5
896.9476044565398,583.0159428967509,112295.50299128062,64.04212535592734,51.28253531452823,high,commercial,10.5
1306.0091725625816,848.905962165678,163508.9454673352,93.24915160002128,47.7439970732525,high,residential,9.0
1427.6013777440949,927.9408955336617,178731.97273541085,101.93084405100481,54.218548806311716,high,commercial,10.5
3872.841317439804,2517.3468563358724,484869.6418681267,276.5211567573927,53.98941567249732,high,residential,9.0
6603.247537765403,4292.1108995475115,826709.386306444,471.472363010565,57.05587238171259,high,residential,9.0
4956.660262787396,3221.8291708118077,620560.9498270013,353.9059096863389,55.407416757862826,high,residential,9.0
3242.7358944573016,2107.778331397246,405982.08471340756,231.53158291205634,59.4035885418172,high,commercial,10.5
10208.031816926657,6635.220681002327,1278018.9854315154,728.8542273915933,73.60079455578277,high,commercial,26.0
4417.2293656407855,2871.199087666511,553025.6070453913,315.39050369798673,54.74525671360328,high,residential,9.0
9294.131652257083,6041.185573967105,1163601.0660731539,663.6016879815197,59.02046986282038,high,residential,9.0
2853.649876572308,1854.8724197720003,357269.52907673456,203.75081243246174,74.48621359488675,high,commercial,80.0
1951.3163019223225,1268.3555962495097,244299.7166509185,139.32412840601884,50.050595192113214,high,residential,9.0
1639.6082905635578,1065.7453888663126,205274.68581519555,117.06815332040603,49.050703914494235,high,residential,9.0
1007.0468124685982,654.5804281045888,126079.63695989392,71.9032169582275,46.251042478471305,high,residential,9.0
1175.7362287436663,764.2285486833831,147199.1123403894,83.94765376772409,47.140457659560475,high,residential,9.0
1107.1677071920356,719.6590096748231,138614.51210426498,79.05185625306233,46.795356023005716,high,residential,9.0
1410.6486531778837,916.9216245656245,176609.53579174035,100.72041826202951,48.18670304567165,high,residential,9.0
2025.9876897543204,1316.8919983403082,253648.37984371648,144.65567102487154,50.26634869072845,high,residential,9.0
2296.7223348074676,1492.869517624854,287543.6519781794,163.98614472315572,50.986982937372936,high,residential,9.0
3329.6734522868737,2164.287743986468,416866.4404291693,237.73893097675526,53.121027346139286,high,residential,9.0
1295.0453057476097,841.7794487359464,162136.29790955212,92.46633069781758,47.69557506241698,high,residential,9.0
5134.717855546971,3337.5666061055313,642853.2964936364,366.6192349903209,55.61024516068578,high,residential,9.0
937.3382949711947,609.2698917312766,117352.31220173222,66.92602364864788,45.83913220808172,high,residential,9.0
1043.3548873872498,678.1806768017125,130625.31333538912,74.49561619517242,46.454440126519685,high,residential,9.0
991.3302612463135,644.3646698101038,124111.96569790976,70.78105403751795,46.160716207998995,high,residential,9.0
1251.969451421853,813.7801434242044,156743.31318641335,89.39071151021153,47.501279601454534,high,residential,9.0
1037.218477314584,674.1920102544797,129857.05078332145,74.05747606172822,46.42056545599026,high,residential,9.0
1040.0462001653987,676.0300301075091,130211.07431632874,74.25937568260228,46.436200067408684,high,residential,9.0
1032.3975555594502,671.0584111136427,129253.48394097242,73.71326189153658,46.393811909444125,high,residential,9.0
1022.9274061064162,664.9028139691706,128067.84590487395,73.0370925195496,46.340892283793615,high,residential,9.0
1043.9883184846913,678.5924070150494,130704.61725832074,74.5408432224203,46.45792550036011,high,residential,9.0
1039.316803371243,675.5559221913079,130119.75573821674,74.207296697505,46.432171266598246,high,residential,9.0
1054.5080147076994,685.4302095600046,132021.65581532085,75.29195031147748,46.515501920754225,high,residential,9.0
1122.7057281890843,729.7587233229049,140559.831847228,80.16127210247413,46.87539341264005,high,residential,9.0
963.9842434103701,626.5897582167406,120688.31551763372,68.82854633970652,46.00008811757205,high,residential,9.0
1051.6275053938505,683.5578785060028,131661.023554682,75.08628173323515,46.49979356288606,high,residential,9.0
1048.5151340412613,681.5348371268199,131271.36277093267,74.8640581882629,46.482772397025876,high,residential,9.0
1158.9426733800472,753.3127376970307,145096.60296615216,82.74859267159658,47.057832778163785,high,residential,9.0
993.8018696208245,645.971215253536,124421.40462637575,70.9575270584221,46.175015446001495,high,residential,9.0
930.5602693245307,604.864175060945,116503.72105159349,66.44207211572378,45.79745997051859,high,residential,9.0
927.3268870091364,602.7624765559386,116098.91001060708,66.21120837904922,45.77747375071677,high,residential,9.0
1080.8185571946485,702.5320621765215,135315.6671799374,77.17052499271828,46.6570293489307,high,residential,9.0
1071.3034418247366,696.3472371860788,134124.399528209,76.4911450509376,46.606247752993575,high,residential,9.0
1524.363282109287,990.8361333710366,190846.31103911487,108.83965118560722,48.63203877397524,high,residential,9.0
1356.7926595925683,881.9152287351694,169866.9057220357,96.87509633327697,47.96311097965867,high,residential,9.0
3033.140695392202,1971.5414520049312,379741.31191170774,216.56647018324693,52.585031745367836,high,residential,9.0
1695.2665590255635,1101.9232633666163,212242.9560034544,121.04215780877004,49.24247795194556,high,residential,9.0
1243.3004014990727,808.1452609743973,155657.97072415776,88.77174070398718,47.46137090591781,high,residential,9.0
1729.6659730383033,1124.2828824748972,216549.6730067362,123.49827851574166,49.35788167926724,high,residential,9.0
1168.0295407491885,759.2192014869726,146234.25508402704,83.39739567442062,47.102687879715496,high,residential,9.0
970.566009235835,630.8679060032928,121512.3354495329,69.29848490686862,46.0391609671877,high,residential,9.0
3428.5745985711615,2228.573489071255,429248.60624713544,244.80048014274135,53.289228681420376,high,residential,9.0
3505.1318399523475,2278.335695969026,438833.3733905117,250.26667284460885,53.41613199750612,high,residential,9.0
952.3226596633932,619.0097287812056,119228.3156179348,67.99590839690822,45.93019980506512,high,residential,9.0
934.1126148751994,607.1731996688796,116948.46545854566,66.69570985100859,45.81933795291906,high,residential,9.0
1241.7828414892808,807.1588469680325,155467.97616508618,88.66338680694865,47.454356104765445,high,residential,9.0
2243.683929112811,1458.394553923327,280903.38178207824,160.19919863031924,50.85274230692082,high,residential,9.0
3666.839092453169,2383.44541009456,459078.7000591975,261.8125826437603,53.67531302886188,high,residential,9.0
1291.2777424172575,839.3305325712174,161664.608797355,92.19732639713156,47.678840970625615,high,residential,9.0
1075.5786759860362,699.1261393909235,134659.64770565357,76.79639708653423,46.62911993753186,high,residential,9.0
2031.5237962903234,1320.4904675887103,254341.4859571449,145.05094944135976,50.28202669188746,high,residential,9.0
988.8401031513926,642.7460670484052,123800.20439278158,70.60325656520334,46.14627358985968,high,residential,9.0
10234.691071026858,6652.549196167458,1281356.6545815081,730.7577001078341,59.574535898255746,high,residential,9.0
20963.984027076072,13626.589617599448,2624636.176433143,1496.8300114198216,63.69581941634984,high,residential,9.0
995.059092068716,646.7884098446655,124578.80560103295,71.04729283426909,46.18227535224833,high,residential,9.0
3014.2159066515437,1959.2403393235036,377371.97767180693,215.2152388662315,52.54906649987693,high,residential,9.0
3699.211470245918,2404.487455659847,463131.63740938215,264.12397281457066,53.725823864752,high,residential,9.0
1079.7039581047518,701.8075727680887,135176.1222780817,77.09094253518998,46.65110394661049,high,residential,9.0
7017.660775970344,4561.4795043807235,878592.8439345692,501.0614988958848,57.405702795361215,high,residential,9.0
2430.758565446316,1579.9930675401054,304324.6388093606,173.55634151297838,51.31288326917187,high,residential,9.0
2087.314511910673,1356.7544327419375,261326.338184524,149.03441066663405,50.43768154046562,high,residential,9.0
1644.5012935528193,1068.9258408093326,205887.2770402425,117.41751409605031,49.06782193406215,high,residential,9.0
1262.6022857558805,820.6914857413224,158074.5163401205,90.14989666877071,47.54985340089625,high,residential,9.0
1132.289463247565,735.9881511109172,141759.69050516968,80.84555149509828,46.92420990089635,high,residential,9.0
2256.719116572183,1466.867425771919,282535.35328750714,161.12991197986534,50.88602618201401,high,residential,9.0
1005.6458305039087,653.6697898275406,125904.23766831339,71.80318674223913,46.243048120844556,high,residential,9.0
3063.3387476417497,1991.1701859671373,383522.0293693062,218.72261334931537,52.64195905715603,high,residential,9.0
1155.264053997938,750.9216350986596,144636.04940452272,82.48593897539932,47.03957417037324,high,residential,9.0
1185.9543570505543,770.8703320828604,148478.39538005667,84.67722888524632,47.19015614915521,high,residential,9.0
1610.2898461249772,1046.6883999812353,201604.0929636241,114.97481421715484,48.94705243227254,high,residential,9.0
3965.5099924726615,2577.5814951072302,496471.51852474094,283.1377070146598,54.12530251703921,high,residential,9.0
3607.8659476763014,2345.112865989596,451695.41599355964,257.60189574112707,53.58214030689958,high,residential,9.0
4246.0875705722165,2759.956920871941,531599.1002298676,303.1709668610935,54.518172017060884,high,residential,9.0
4211.65038043183,2737.57274728069,527287.6537538338,300.71214893581146,54.47137340691124,high,residential,9.0
1275.396660245006,829.0078291592539,159676.3386891368,91.06341595441472,47.6077627860039,high,residential,9.0
4715.060694780557,3064.7894516073625,590313.3134243794,336.6556826459236,55.12023775948581,high,residential,9.0
1420.8310971288556,923.5402131337562,177884.35124302606,101.44744551389776,48.22801669348399,high,residential,9.0
5503.245923859451,3577.1098505086434,688992.0504096241,392.9321663486087,56.00859435187514,high,residential,9.0
1036.6241787812846,673.8057162078351,129782.64615545662,74.01504310245691,46.417274136838664,high,residential,9.0
1092.9548561783376,710.4206565159195,136835.10019035463,78.03705763855925,46.721155749566584,high,residential,9.0
4171.970613369875,2711.780898690419,522319.85030727816,297.8790106302407,54.41697365936457,high,residential,9.0
1532.730186758314,996.2746213929041,191893.8257003663,109.4370487969189,48.66348242114134,high,residential,9.0
1498.9675736371987,974.3289228641792,187666.83450946742,107.02639572074928,48.53553208498151,high,residential,9.0
1586.2662331714992,1031.0730515614746,198596.39921777457,113.25952647389684,48.860704433248955,high,residential,9.0
4396.174375233646,2857.51334390187,550389.5771073004,313.8871758242935,54.71779842757596,high,residential,9.0
7648.493250229747,4971.520612649336,957571.4260147517,546.102984256213,57.9004305898123,high,residential,9.0
4284.734231509273,2785.0772504810275,536437.5614814473,305.9303413128694,54.570241351813166,high,residential,9.0
4117.493642621694,2676.370867704101,515499.47551480087,293.98935088609096,54.34143874778885,high,residential,9.0
906.39198651021,589.1547912316365,113477.91501611826,64.71645493369225,45.646361487198476,high,residential,9.0
950.9393137275811,618.1105539229277,119055.1243112173,67.89713739468723,45.92185269896735,high,residential,9.0
2773.770277583576,1802.9506804293244,347268.8114176285,198.04740315147353,52.071373408482046,high,residential,9.0
3404.3632867561346,2212.8361363914873,426217.4130928881,243.07179068687407,53.24850516010955,high,residential,9.0
3869.0688459747685,2514.8947498835996,484397.33827025595,276.251802015527,53.983815189923945,high,residential,9.0
3984.3229147986876,2589.809894619147,498826.8473810089,284.4809510613894,54.15250130714584,high,residential,9.0
7610.425314371012,4946.776454341158,952805.4196350515,543.38493081787,57.87175322023451,high,residential,9.0
3620.6713479631394,2353.4363761760405,453298.61874372076,258.51620226954395,53.60250054257154,high,residential,9.0
2919.6231091760174,1897.7550209644114,365529.2058988642,208.46130612412227,52.365846667592784,high,residential,9.0
2123.291928185141,1380.1397533203417,265830.61695933156,151.6032008519068,50.53586750292762,high,residential,9.0
967.5821855426184,628.928420602702,121138.76849779318,69.08543967429145,46.0214803119778,high,residential,9.0
1585.041183139423,1030.2767690406251,198443.02614574903,113.17205781092066,48.85626628853218,high,residential,9.0
6310.466477760694,4101.803210544451,790053.9604641844,450.5677736527244,56.79522178510925,high,residential,9.0
5858.669533970881,3808.135197081073,733490.1603038167,418.3094384212667,56.36827718475066,high,residential,9.0
7807.167241263122,5074.65870682103,977436.9962511794,557.4323189620476,58.01844553103423,high,residential,9.0
3280.504071540679,2132.3276465014414,410710.56207548425,234.22823355164869,53.03553681851738,high,residential,9.0
3104.2817854921127,2017.7831605698734,388647.99102699227,221.6459492826937,52.718252593132455,high,residential,9.0
2315.5128656728657,1505.0833626873628,289896.17748192,165.32779001793898,51.0337997110113,high,residential,9.0
2731.1093807899438,1775.2210975134635,341927.7782962984,195.001411962379,51.982311326909645,high,residential,9.0
1418.4380141092768,921.98470917103,177584.74348439192,101.27657920914871,48.21833379772592,high,residential,9.0
8527.056903937631,5542.586987559461,1067565.3062735226,608.83249416779,58.52538414013615,high,residential,9.0
1884.2232311594178,1224.7451002536216,235899.839009108,134.53367818689432,49.84958002779389,high,residential,9.0
1202.2610182388173,781.4696618552313,150519.94687219078,85.8415257012104,47.268588369285716,high,residential,9.0
2886.170495533082,1876.0108220965033,361341.0258348987,206.07278703364273,52.29962754195362,high,residential,9.0
2384.66926846385,1550.0350245015027,298554.37891742814,170.2655622966093,51.20289208550815,high,residential,9.0
3618.4720941781015,2352.006861215766,453023.27790020977,258.35917538648965,53.599008914557245,high,residential,9.0
2726.509265361438,1772.2310224849348,341351.8558307102,194.67296338025406,51.972624840303205,high,residential,9.0
2337.480259956082,1519.3621689714535,292646.4380079362,166.896263595926,51.08805255178499,high,residential,9.0
4696.6580916553075,3052.82775957595,588009.3554629209,335.34173542050377,55.09776386429011,high,residential,9.0
2536.31006375128,1648.6015414383319,317539.41137215815,181.09272630554182,51.55712197956983,high,residential,9.0
2020.762626840963,1313.495707446626,252994.2155813881,144.28260114606562,50.251512222576956,high,residential,9.0
1535.1358907482895,997.8383289863882,192195.01357160893,109.60881623988858,48.67249154600292,high,residential,9.0
1755.163278503135,1140.8561310270377,219741.869215154,125.31878801340233,49.44194975481313,high,residential,9.0
1788.2991738982096,1162.3944630338362,223890.39697972836,127.68469339753909,49.54939772707871,high,residential,9.0
1370.481988364384,890.8132924368497,171580.774015352,97.85251542095526,48.020774123038464,high,residential,9.0
1021.1993641363273,663.7795866886128,127851.49955280498,72.91371019496468,46.33118312485404,high,residential,9.0
908.5921218598515,590.5848792089035,113753.3662292207,64.87354476052457,45.660282096375056,high,residential,9.0
1637.9036346464695,1064.6373625202052,205061.26733602755,116.94644076173653,49.04472823476004,high,residential,9.0
10259.279450171787,6668.5316426116615,1284435.0555829722,732.5133121989691,59.588327711898536,high,residential,9.0
4643.656950621895,3018.3770179042317,581373.7507053107,331.55745002723876,55.03254171160334,high,residential,9.0
1352.623613188046,879.2053485722299,169344.95197505687,96.57742611137493,47.945434302436134,high,residential,9.0
1031.6563699277349,670.5766404530277,129160.68943111492,73.66034118256485,46.38968765818086,high,residential,9.0
1613.079143317635,1048.5014431564628,201953.30570435207,115.17397024319199,48.95699446641908,high,residential,9.0
1210.5873447117112,786.8817740626123,151562.38125152086,86.43602602774236,47.30822758471246,high,residential,9.0
1014.9619191594744,659.7252474536584,127070.58769398966,72.4683561618823,46.296000414386434,high,residential,9.0
2947.2443254583313,1915.7088115479155,368987.3102075687,210.43346301137643,52.41995341953872,high,residential,9.0
974.8277407000584,633.638031455038,122045.89312448615,69.60277284889446,46.06431993160631,high,residential,9.0
1020.5008553818769,663.32555599822,127764.0480767822,72.8638366181889,46.32725383164767,high,residential,9.0
938.7906535176926,610.2139247865002,117534.14370748831,67.0297221563806,45.8480223415895,high,residential,9.0
1385.611662795599,900.6475808171393,173474.9698322604,98.93277529533812,48.08383858413002,high,residential,9.0
1189.6536122056245,773.274847933656,148941.53248669227,84.94135597716061,47.208043010847376,high,residential,9.0
1017.1907939341754,661.1740160572141,127349.63700822611,72.62749798579135,46.30859726697455,high,residential,9.0
929.0931527008531,603.9105492555545,116320.04187302814,66.33731988018795,45.78840002359401,high,residential,9.0
2278.3091826910904,1480.900968749209,285238.37331051816,162.67144429898852,50.940733512190526,high,residential,9.0
1263.7648146922006,821.4471295499304,158220.0619338624,90.23290132088174,47.55513935551372,high,residential,9.0
1009.2793904014587,656.0316037609482,126359.14989988299,72.06262318790327,46.263759201281715,high,residential,9.0
1647.8687574361697,1071.1146923335104,206308.87474417407,117.65795126660248,49.0795733574925,high,residential,9.0
900.6574700435551,585.4273555283108,112759.96849634916,64.30701003346793,45.60991903629536,high,residential,9.0
1205.740952801085,783.7316193207054,150955.62561206924,86.0899932865631,47.285188585321144,high,residential,9.0
921.6873821657106,599.0967984077118,115392.858698504,65.80854731575684,45.74244760826782,high,residential,9.0
919.2401019781641,597.5060662858067,115086.46559565642,65.63381132920286,45.72718124960905,high,residential,9.0
966.7670501930144,628.3985826254593,121036.71567593941,69.02723894998826,46.01664075259543,high,residential,9.0
1219.6267462359021,792.7573850533364,152694.09076928496,87.08143996572322,47.35095431269484,high,residential,9.0
1649.6307454734422,1072.2599845577374,206529.47105540455,117.78375734289722,49.08571259857444,high,residential,9.0
1078.6395523573929,701.1157090323054,135042.86145192798,77.01494388603453,46.64543967341366,high,residential,9.0
1925.172520608919,1251.3621383957975,241026.58335071697,137.4574604849139,49.973100457691935,high,residential,9.0
1085.9117136088887,705.8426138457777,135953.3170922719,77.53417673772266,46.68402799772169,high,residential,9.0
1462.2212146978056,950.4437895535737,183066.28611656826,104.40270297227889,48.39295917509184,high,residential,9.0
3309.4933156644574,2151.1706551818975,414339.9399054068,236.29806772805352,53.08609394979635,high,residential,9.0
1881.1591632377217,1222.753456104519,235516.22568904702,134.31490351046352,49.84022987864687,high,residential,9.0
1429.1614176795028,928.9549214916768,178927.28567048386,102.04223101787696,48.26159620124709,high,residential,9.0
2258.080458878838,1467.7522982712446,282705.7897971868,161.22711192133562,50.88949112659681,high,residential,9.0
934.4510515321425,607.3931834958927,116990.83684616438,66.71987425336755,45.82141795929053,high,residential,9.0
904.4134468952824,587.8687404819336,113230.20701161213,64.5751870587224,45.63381409459838,high,residential,9.0
1827.6328503137258,1187.9613527039219,228814.87077912374,130.49312080533426,49.674389379063726,high,residential,9.0
1318.2916574491385,856.88957734194,165046.6805718895,94.12612193014859,47.79776269746519,high,residential,9.0
1879.4141061457055,1221.6191689947086,235297.74908804736,134.19030630491343,49.834897948342736,high,residential,9.0
1268.0618461390486,824.2401999903816,158758.0390746626,90.5397096842801,47.57463563784467,high,residential,9.0
961.7546750982816,625.140538813883,120409.17937432342,68.66935499717665,45.986791765072724,high,residential,9.0
1292.873730863907,840.3679250615396,161864.42239236805,92.3112800903675,47.68593569615066,high,residential,9.0
2306.801532773635,1499.4209963028627,288805.54130118527,164.70580020406598,51.01214274926813,high,residential,9.0
1026.5098077808887,667.2313750575777,128516.35326021211,73.29287626429897,46.36096824046357,high,residential,9.0
1008.4613228160615,655.49985983044,126256.72996974816,72.00421310174738,46.25910276840271,high,residential,9.0
1007.8732329764662,655.117601434703,126183.10265415773,71.96222344366615,46.2557530346358,high,residential,9.0
973.5155521637876,632.7851089064619,121881.61053878348,69.50908249026823,46.0565852043845,high,residential,9.0
1340.9716849927959,871.6315952453174,167886.16092527565,95.7454775756847,47.895740117386346,high,residential,9.0
1039.2559959250561,675.5163973512865,130112.14280439407,74.20295504134593,46.431835270985694,high,residential,9.0
1548.6588432113895,1006.6282480874032,193888.0519845841,110.57435604680832,48.722872574199116,high,residential,9.0
932.1186132381458,605.8770986047948,116698.82164915721,66.55333798651436,45.8070676634939,high,residential,9.0
1155.8305625212358,751.2898656388033,144706.97479554501,82.52638772589933,47.0423897824395,high,residential,9.0
930.2481675306228,604.6613088949049,116464.64672020868,66.41978802453501,45.79553383060301,high,residential,9.0
906.0853090636477,588.955450891371,113439.51979888738,64.69455814130548,45.644418409966434,high,residential,9.0
2676.1810784373138,1739.517700984254,335050.89796293376,191.07952710826112,51.86556840448385,high,residential,9.0
2624.585051421991,1705.9802834242942,328591.20981922327,187.39556695990305,51.753705201011456,high,residential,9.0
2383.2716858200165,1549.1265957830108,298379.40521196154,170.16577479238168,51.19952368079394,high,residential,9.0
1548.0372529212445,1006.224214398809,193810.2304998736,110.52997445407792,48.72056643774428,high,residential,9.0
1274.1963673303635,828.2276387647363,159526.0651437068,90.97771495145598,47.60235479916206,high,residential,9.0
2355.297631564816,1530.9434605171305,294877.12650840613,168.168425247744,51.131683075979275,high,residential,9.0
1306.1344690698443,848.9874048953988,163524.6322635719,93.25809777991506,47.74454809568069,high,residential,9.0
909.013997558196,590.8590984128274,113806.18396741411,64.90366671661627,45.66294752395175,high,residential,9.0
914.6431352022423,594.5180378814575,114510.93733316765,65.30558756110551,45.69839487487511,high,residential,9.0
1209.5443674064006,786.2038388141605,151431.80321047766,86.36155737093542,47.303277223513085,high,residential,9.0
936.6492487222786,608.8220116694811,117266.0454067468,66.8768256954677,45.834909625027876,high,residential,9.0
887.6996723630886,577.0047870360075,111137.68598959237,63.381822319864526,45.52671222801019,high,residential,9.0
1227.1453671923696,797.6444886750403,153635.40252251594,87.61827005859085,47.38625238132832,high,residential,9.0
1232.800223540674,801.3201453014382,154343.37580302995,88.02202722046798,47.41265844392233,high,residential,9.0
1009.6365795447316,656.2637767040756,126403.86904992873,72.08812651917435,46.26579113602982,high,residential,9.0
1038.8092050112998,675.2259832573449,130056.20574615017,74.17105413702944,46.429365895404736,high,residential,9.0
1040.568766090888,676.3696979590771,130276.49820860225,74.29668692836586,46.43908470906156,high,residential,9.0
916.669326728064,595.8350623732416,114764.6112327559,65.4502577860407,45.71110073117992,high,residential,9.0
1395.9282227954593,907.3533448170485,174766.57626341417,99.66937844302511,48.126447374653694,high,residential,9.0
1004.9138520703268,653.1940038457125,125812.59587567198,71.75092342789573,46.238866840422624,high,residential,9.0
1279.4034456821669,831.6122396934085,160177.97778578923,91.34950073123561,47.625778829638854,high,residential,9.0
914.4218564440648,594.3742066886422,114483.23380920778,65.28978824139121,45.697005575863535,high,residential,9.0
1344.3113704194643,873.8023907726518,168304.28083881017,95.98393136237345,47.91002748205802,high,residential,9.0
1014.8043042656689,659.6227977726847,127050.85471996653,72.45710244679691,46.29510858192326,high,residential,9.0
1717.8235781527842,1116.5853257993097,215067.03602361336,122.6527306442667,49.31841358384565,high,residential,9.0
3274.9148868552984,2128.694676455944,410010.81071605417,233.8291653513657,53.02573796214245,high,residential,9.0
2197.6552858057767,1428.4759357737548,275140.7155722705,156.91275009086587,50.73364717809332,high,residential,9.0
1042.6919922624156,677.7497949705702,130542.3205929994,74.44828543418757,46.45079036613291,high,residential,9.0
1042.4377467248523,677.5845353711541,130510.48971415866,74.43013228398469,46.449389928884635,high,residential,9.0
1042.8380886255804,677.8447576066274,130560.61147699897,74.45871672533252,46.451594940925425,high,residential,9.0
1261.2520039409446,819.813802561614,157905.4645751848,90.0534864472279,47.54370763624594,high,residential,9.0
3301.873770791538,2146.2179510144997,413385.9927408034,235.7540316600802,53.072848510943984,high,residential,9.0
1034.1109267628988,672.1721023958843,129467.99355128415,73.83559672229735,46.403334475964705,high,residential,9.0
1004.9581277006921,653.2227830054499,125818.13906922912,71.75408471118136,46.239119842548035,high,residential,9.0
942.4841715397408,612.6147115008315,117996.56254001819,67.29343961657237,45.87056924149425,high,residential,9.0
1251.917177492657,813.746165370227,156736.76862668298,89.3869791477973,47.50103978251122,high,residential,9.0
2050.450805222006,1332.7930233943039,256711.09815917705,146.4023392801787,50.335306398213596,high,residential,9.0
1901.8347936566047,1236.192615876793,238104.76074506855,135.79114505291258,49.90302959009431,high,residential,9.0
2847.5564438243314,1850.9116884858154,356506.64717373624,203.3157408831818,52.22223070259261,high,residential,9.0
1184.4148760095204,769.8696694061883,148285.65636499107,84.5673098249544,47.18269592492365,high,residential,9.0
5937.600004032936,3859.440002621409,743372.0494943531,423.9450798266296,56.44518892061585,high,residential,9.0
3364.2055987300537,2186.733639174535,421189.7751868947,240.20452878908605,53.180317091145255,high,residential,9.0
1467.394379176952,953.8063464650188,183713.95283016004,104.77206729904027,48.41324578475771,high,residential,9.0
945.9723921095008,614.8820548711756,118433.27866644465,67.5424988234734,45.891782016565074,high,residential,9.0
1017.2296279779229,661.1992581856499,127354.4989293173,72.63027073938966,46.308816499471575,high,residential,9.0
901.4706509963971,585.9559231476582,112861.77663282068,64.36507121369763,45.61510082392118,high,residential,9.0
2080.408498010357,1352.2655237067322,260461.72323851433,148.54132076292473,50.418640950639436,high,residential,9.0
956.4520179608725,621.6938116745671,119745.30051732322,68.29074488502943,45.95504449178793,high,residential,9.0
2130.376008589295,1384.7444055830417,266717.5253676517,152.10900471717179,50.55500459331621,high,residential,9.0
912.1429917192968,592.892944617543,114197.92588347674,65.12707713134678,45.68267815024521,high,residential,9.0
927.6923006915479,602.9999954495062,116144.65885152313,66.23729894302365,45.779735936026725,high,residential,9.0
917.4702263299814,596.355647114488,114864.88177609195,65.50744207690525,45.716115283625506,high,residential,9.0
1032.190008923666,670.9235058003829,129227.49964295575,73.69844304637766,46.39265733578177,high,residential,9.0
1143.4157689895553,743.220249843211,143152.67499336466,81.63997054871588,46.98036855401117,high,residential,9.0
1034.185931029984,672.2208551694896,129477.3838900921,73.84095203251954,46.40375097414412,high,residential,9.0
1112.199953795237,722.9299699669041,139244.53626696405,79.4111590330496,46.82139968029306,high,residential,9.0
1041.5181566075462,676.9868017949051,130395.35942755593,74.36447348153516,46.44432178473557,high,residential,9.0
904.9240164477808,588.2006106910575,113294.12898924488,64.61164176256636,45.63705461912434,high,residential,9.0
949.2673936279987,617.0238058581991,118845.80427110459,67.77776217581095,45.91174813260569,high,residential,9.0
1110.6262873169446,721.907086756014,139047.51732422723,79.2987991300068,46.81326807244392,high,residential,9.0
1459.618066960068,948.7517435240443,182740.37880256528,104.21683803110298,48.382723766285075,high,residential,9.0
1031.893794944672,670.7309667140369,129190.41442460084,73.67729334634986,46.391009107438066,high,residential,9.0
1364.4084833255758,886.8655141616243,170820.387009618,97.41886671158514,49.93681197255549,high,residential,12.0
2161.9355756689183,1405.258124184797,270668.70093441266,154.36236014289554,50.63949454505183,high,residential,9.0
913.9660197117527,594.0779128126393,114426.16423805049,65.2572414649602,45.694142545488724,high,residential,9.0
1426.8582946082192,927.4578914953426,178638.94066297662,101.87778786009558,48.25233191898694,high,residential,9.0
1475.1539871520022,958.8500916488015,184685.43553020176,105.32610388287407,48.44354154479569,high,residential,9.0
1130.068222226039,734.5443444469255,141481.59691694027,80.68695472173103,46.912932460183534,high,residential,9.0
916.0396656215349,595.4257826539978,114685.77930286346,65.40529993642303,45.70715525474116,high,residential,9.0
4005.00964813265,2603.2562712862227,501416.7724930686,285.95798535279704,54.18226134232951,high,residential,9.0
1533.7861813789277,996.961017896303,192026.03347536756,109.51244689100213,48.66743875595158,high,residential,9.0
2941.7402727700755,1912.131177300549,368298.21715235873,210.0404732419902,52.40921217558904,high,residential,9.0
3437.2810243910426,2234.232665854178,430338.62807432143,245.42211959078554,53.303802680524115,high,residential,9.0
3385.35998445491,2200.4839898956916,423838.2491597792,241.7149534958221,53.21633820250498,high,residential,9.0
10880.193781070622,7072.125957695905,1362171.911957126,776.846641389149,67.05636724937563,high,commercial,10.5
4237.143131284978,2754.1430353352357,530479.2797367363,302.53233323386075,54.50605350260651,high,residential,9.0
2903.6226780505167,1887.3547407328358,363525.99361267476,207.31887415730841,52.334269128538246,high,residential,9.0
3458.7186018537413,2248.167091204932,433022.55691489944,246.95276420856715,53.339531091132145,high,residential,9.0
1669.2965219833422,1085.0427392891725,208991.57503329677,119.18789524148916,49.15379213194513,high,residential,9.0
1360.48826197382,884.317370282983,170329.58551090688,97.13896261687019,47.97873494217859,high,residential,9.0
1036.0667852588663,673.443410418263,129712.86193879438,73.97524516369444,46.41418548987385,high,residential,9.0
1478.9604798587366,961.3243119081787,185161.99849888752,105.59788774391556,48.45834502249216,high,residential,9.0
7569.329996699732,4920.064497854826,947660.3929405671,540.4507220940054,57.84063382319161,high,residential,9.0
1408.7935778753297,915.7158256189643,176377.28519744475,100.58796574810275,48.17914429183494,high,residential,9.0
1507.5276693419805,979.8929850722874,188738.53618752072,107.63758718774308,48.56824281387572,high,residential,9.0
1585.61456282262,1030.649465834703,198514.81178808716,113.2129971627461,48.85834397070174,high,residential,9.0
1078.3260660749154,700.911942948695,135003.61378618164,76.9925609422594,46.64377038039509,high,residential,9.0
1015.5558079222825,660.1112751494836,127144.94101965666,72.5107598635102,46.29935957319906,high,residential,9.0
1147.7584421690021,746.0429874098514,143696.36636016215,81.95003773520047,47.002139654133444,high,residential,9.0
1772.879531542825,1152.3716955028362,221959.89793425426,126.58372979190521,49.49964703047119,high,residential,9.0
10956.778390324882,7121.905953711173,1371760.1054869015,782.31478815918,59.96638202022676,high,residential,9.0
2241.8438351602963,1457.1984928541926,280673.0068137722,160.06781578589428,50.848028273770275,high,residential,9.0
1624.096498389814,1055.662723953379,203332.64985256852,115.96061021091982,48.996096944533846,high,residential,9.0
1298.880645087892,844.2724193071298,162616.47240159524,92.74017421062977,47.71256029779741,high,residential,9.0
1019.6320583855666,662.7608379506182,127655.27695658158,72.80180444833849,46.3223628718798,high,residential,9.0
983.3017905771135,639.1461638751238,123106.82208910909,70.20782063741892,46.114021341455455,high,residential,9.0
1945.3744897754068,1264.4934183540145,243555.81725211037,138.89988257887856,50.03307413845257,high,residential,9.0
1196.5002196182006,777.7251427518304,149798.7098952265,85.43020425324768,47.24100201461496,high,residential,9.0
1092.534756762437,710.147591895584,136782.5048380949,78.00706250916552,46.71894791848984,high,residential,9.0
1023.6068173969552,665.344431308021,128152.9064281754,73.08560253598844,46.3447051301956,high,residential,9.0
887.8534098519953,577.1047164037969,111156.93352262508,63.39279918795309,45.52770652692183,high,residential,9.0
1138.1143561083675,739.7743314704389,142488.95191400134,81.26144927655497,46.95367874768239,high,residential,9.0
1138.0624150187987,739.7405697622191,142482.449024925,81.25774067891473,46.95341663780045,high,residential,9.0
1137.7268755215173,739.5224690889862,142440.4403541471,81.2337831339701,46.951723119615465,high,residential,9.0
1218.4302622179468,791.9796704416655,152544.29408779572,86.99601091826989,47.34531707013515,high,residential,9.0
1163.5318889556845,756.295727821195,145671.16079856185,83.07626300341983,47.08053006697119,high,residential,9.0
1013.3951820462839,658.7068683300846,126874.43628970842,72.35649101602073,46.28712919035097,high,residential,9.0
1007.4217374327662,654.8241293312981,126126.57658850327,71.92998662842342,46.25318001068888,high,residential,9.0
1249.2590116527037,812.0183575742575,156403.97318963776,89.19718591005042,47.48883161231287,high,residential,9.0
1609.1359594241833,1045.9383736257191,201459.62935525188,114.89242662130016,48.942934541605126,high,residential,9.0
1133.9385370952282,737.0600491118984,141966.15025407032,80.96329548989631,46.932568110000524,high,residential,9.0
1145.266724836874,744.4233711439681,143384.40984259837,81.77212893323384,46.98965802569883,high,residential,9.0
895.0561423829835,581.7864925489392,112058.69686806493,63.90707482385743,45.57409853698508,high,residential,9.0
916.968521725749,596.0295391217369,114802.06966688356,65.4716203310237,45.712974547800684,high,residential,9.0
1179.4293293995765,766.6290641097248,147661.47891976632,84.21134142794274,47.15846962776552,high,residential,9.0
2646.541567365849,1720.252018787802,331340.1084054964,188.96326382365461,51.80157454723098,high,residential,9.0
905.5969220330045,588.637999321453,113378.37501519211,64.65968727116407,45.641322682692916,high,residential,9.0
1165.4278389396623,757.5280953107805,145908.5287964686,83.21163397262605,47.08988093570091,high,residential,9.0
1048.458559033601,681.4980633718407,131264.27972738544,74.86001872852792,46.4824625285582,high,residential,9.0
1019.4721114388703,662.6568724352658,127635.25201561302,72.79038422450411,46.32146198441618,high,residential,9.0
1639.7695758362681,1065.8502242935742,205294.87831109395,117.07966910081689,49.05126897925918,high,residential,9.0
906.4958272723056,589.2222877269987,113490.91560896515,64.72386917179283,45.64701926292237,high,residential,9.0
1013.6285685851171,658.8585695803262,126903.65567625836,72.37315483217016,46.28845154648193,high,residential,9.0
959.1316333192262,623.435561657497,120080.78137818334,68.48206961997796,45.971109397506304,high,residential,9.0
887.135347368885,576.6379757897753,111067.0339707233,63.341529473503506,45.523060974783824,high,residential,9.0
1028.912500441252,668.7931252868138,128817.16412083361,73.46442869811142,46.374393872286454,high,residential,9.0
1147.0203020403585,745.5631963262331,143603.9531393539,81.89733447537353,46.998444952017024,high,residential,9.0
965.0309733767239,627.2701326948705,120819.3633820616,68.90328293678974,46.0063198494939,high,residential,9.0
994.7224813993665,646.5696129095883,124536.66282230316,71.0232588075595,46.18033247246252,high,residential,9.0
965.3895575222297,627.5032123894493,120864.25718275209,68.92888587132353,46.008453136088015,high,residential,9.0
1206.6928801277493,784.3503720830371,151074.80443302574,86.15796096815458,47.28972119442776,high,residential,9.0
2602.6408933032894,1691.7165806471382,325843.8584004603,185.8287524457825,51.70546114372213,high,residential,9.0
914.4349739489053,594.3827330667884,114484.87608663482,65.29072483220784,45.697087943500556,high,residential,9.0
3482.2662877043313,2263.4730870078156,435970.6658275431,248.63407072144784,53.37852200702986,high,residential,9.0
891.9492973679482,579.7670432891664,111669.7279673779,63.68524585979562,45.554133591760866,high,residential,9.0
2237.0745241817995,1454.0984407181697,280075.9015061811,159.7272866289751,50.835792018394244,high,residential,9.0
1256.998070102598,817.0487455666887,157372.8831426738,89.74975525626687,47.52430292137079,high,residential,9.0
1171.2746660537182,761.3285329349169,146640.53631665566,83.62909786138873,47.11862220439282,high,residential,9.0
2031.1535383369328,1320.2497999190064,254295.13062612448,145.02451299607878,50.28097947152026,high,residential,9.0
1307.163010709983,849.655956961489,163653.40299694918,93.33153572916012,47.74906936694397,high,residential,9.0
1452.2463125645809,943.9601031669775,181817.45436009348,103.69049422156132,48.353639225709586,high,residential,9.0
2051.49121615739,1333.4692905023037,256841.35489739245,146.4766246979829,50.33822089418558,high,residential,9.0
1509.773500738174,981.3527754798132,189019.7084265859,107.79793971568193,48.57679408255621,high,residential,9.0
1468.881279318629,954.7728315571088,183900.10885363095,104.87823207922574,48.41906345446688,high,residential,9.0
1399.3646619188846,909.587030247275,175196.80948768125,99.91474045082462,48.14057049601647,high,residential,9.0
1255.0391348877808,815.7754376770575,157127.6295579803,89.60988713691619,47.51534497992499,high,residential,9.0
1216.5256659300428,790.7416828545279,152305.84359516622,86.8600226023233,47.336332131706676,high,residential,9.0
1217.9569526704304,791.6720192357798,152485.036965702,86.96221658153985,47.34308554205305,high,residential,9.0
1180.8858093294093,767.5757760641161,147843.82641197726,84.31533420275065,47.16555767307212,high,residential,9.0
1307.7680727466877,850.0492472853471,163729.15518739496,93.37473720337135,47.751727442890655,high,residential,9.0
2015.55859084024,1310.113084046156,252342.68383373378,143.9110325903784,50.236697298492274,high,residential,9.0
1412.9931408890925,918.4455415779101,176903.0595443865,100.88781485816362,48.1962417791264,high,residential,9.0
1243.1970751889646,808.078098872827,155645.03453935924,88.76436319779658,47.46089355971237,high,residential,9.0
923.8284117098486,600.4884676114017,115660.9100187635,65.96141698370083,45.75577037590322,high,residential,9.0
1094.1368993423553,711.1889845725309,136983.08891455794,78.1214556079724,46.72736342741861,high,residential,9.0
1217.5178690142163,791.3866148592407,152430.0648360204,86.93086597598244,47.34101460500827,high,residential,9.0
1067.0553457333813,693.5859747266978,133592.54896641048,76.18783067554389,46.58343025187144,high,residential,9.0
977.6812690566279,635.4928248868082,122403.14743957517,69.80651498478973,46.08110428376237,high,residential,9.0
1156.8320178634303,751.9408116112297,144832.35439499575,82.59789171146609,47.04736375840559,high,residential,9.0
1959.056796840992,1273.3869179466449,245268.80644610236,139.87680031621218,50.07334034136479,high,residential,9.0
2905.3436505410673,1888.4733728516937,363741.4548843258,207.441751720531,52.33767387941599,high,residential,9.0
1573.0121248664302,1022.4578811631796,196937.0193928845,112.31318215976205,48.81250409564455,high,residential,9.0
1603.93830440473,1042.5598978630744,200808.89648982623,114.52131366814791,48.92434894191176,high,residential,9.0
903.5758585665817,587.3243080682781,113125.34313527896,64.51538319004959,45.62849406072174,high,residential,9.0
1459.3348136497475,948.567628872336,182704.91622615795,104.19661372377789,48.381608932291606,high,residential,9.0
1444.2499136922872,938.7624438999867,180816.32605669927,103.1195507501356,48.3219229218275,high,residential,9.0
1010.7621153688767,656.9953749897699,126544.78320241557,72.1684898603376,46.2721892555623,high,residential,9.0
984.2553512138531,639.7659782890046,123226.2053962313,70.27590493747071,46.11958729429337,high,residential,9.0
1491.6985492338488,969.6040570020017,186756.77159433797,106.50738684025096,48.507608030799375,high,residential,9.0
1411.066661861804,917.1933302101727,176661.86938980373,100.75026411300507,48.188404906947525,high,residential,9.0
1063.728180861226,691.4233175597969,133175.99659367744,75.95027085737424,46.56549581869059,high,residential,9.0
1041.4254371705795,676.9265341608767,130383.75119563747,74.35785330687206,46.44381053130582,high,residential,9.0
1485.872037905496,965.8168246385724,186027.30755758614,106.0913735000914,48.48512705134183,high,residential,9.0
1119.6959947565383,727.8023965917499,140183.02106363466,79.94637691259085,46.8599768533354,high,residential,9.0
952.0637074562094,618.8414098465361,119195.89547632128,67.97741919014602,45.92863820990388,high,residential,9.0
913.4421627352563,593.7374057779166,114360.57870955486,65.21983803805914,45.69085052988409,high,residential,9.0
921.6171224848979,599.0511296151836,115384.06236953486,65.80353076934573,45.74200988675727,high,residential,9.0
939.7892560347308,610.863016422575,117659.16614066277,67.10102245001998,45.85412699010074,high,residential,9.0
1089.4274774676537,708.1278603539749,136393.48156671494,77.78520253749754,46.70259123618214,high,residential,9.0
1054.6131813052766,685.4985678484298,132034.82239931542,75.29945921432959,46.516074617105616,high,residential,9.0
1375.6694217373145,894.1851241292544,172230.22715726652,98.2228985477891,48.04247474340407,high,residential,9.0
2753.61809969777,1789.8517648035506,344745.8112548403,196.60853615863542,52.029474127123535,high,residential,9.0
1085.6680840162644,705.6842546105719,135922.8153020766,77.5167815667743,46.68273940934245,high,residential,9.0
902.2821620804425,586.4834053522876,112963.37570606987,64.42301316517165,45.62026731809132,high,residential,9.0
886.7669838147802,576.3985394796072,111020.91581355745,63.31522828847182,45.520676364887635,high,residential,9.0
1164.8897679897536,757.1783491933398,145841.16371553767,83.17321566697115,47.08722870302832,high,residential,9.0
1896.2731492007888,1232.5775469805128,237408.4573506212,135.39404322705929,49.88620411417159,high,residential,9.0
1516.1537896644286,985.4999632818786,189818.50397567212,108.25349281732582,48.60101860949776,high,residential,9.0
1520.033070368886,988.0214957397759,190304.1798120164,108.53047374679296,48.61569761791994,high,residential,9.0
1932.8572109643703,1256.3571871268407,241988.68655999028,138.00614794516247,49.9959878363767,high,residential,9.0
1266.584059205826,823.2796384837869,158573.02400114477,90.43419558785287,47.567938152341696,high,residential,9.0
2650.494340694162,1722.8213214512054,331834.985326855,189.2454921319054,51.81015015456564,high,residential,9.0
9446.901186322728,6140.485771109773,1182727.4136818745,674.5094440227731,59.114175617810524,high,residential,9.0
2899.703038739423,1884.806975180625,363035.264983938,207.03901162033986,52.326507026676964,high,residential,9.0
1840.8531730633335,1196.5545624911667,230470.02074050164,131.43705282830808,49.71579698480873,high,residential,9.0
6766.003704087218,4397.902407656691,847086.0342524681,483.09316533418263,57.195813909420814,high,residential,9.0
893.4741851111548,580.7582203222506,111860.63993957987,63.7941229575424,45.56394136188601,high,residential,9.0
1364.5472974031288,886.9557433120337,170837.7661704336,97.4287780469983,47.99584660130652,high,residential,9.0
3381.255411432026,2197.816017430817,423324.3673121896,241.42188667814173,53.20936667474994,high,residential,9.0
1259.7325362190938,818.826148542411,157715.2311755342,89.94499633940715,47.53678396082021,high,residential,9.0
2244.077731440748,1458.650525436486,280952.6848074446,160.22731614568565,50.85375066492889,high,residential,9.0
3837.456153803637,2494.346499972364,480439.511580461,273.9946534543369,53.93666837155163,high,residential,9.0
893.2358587201447,580.6033081680941,111830.80209640866,63.77710643558186,45.562409597555984,high,residential,9.0
2197.374308998862,1428.2933008492603,275105.538008158,156.8926883260525,50.73291254439973,high,residential,9.0
2110.5024527133382,1371.82659426367,264229.40795451915,150.69003135646227,50.50115555850822,high,residential,9.0
7232.647982478748,4701.221188611186,905508.6820187562,516.4116013552966,57.579131146750115,high,residential,9.0
7232.647982478748,4701.221188611186,905508.6820187562,516.4116013552966,57.579131146750115,high,residential,9.0
2737.62487802959,1779.4561707192336,342743.5015739225,195.46661894760803,51.996003169877326,high,residential,9.0
2737.62487802959,1779.4561707192336,342743.5015739225,195.46661894760803,51.996003169877326,high,residential,9.0
4544.479557537596,2953.9117123994374,568956.9995077718,324.4761768192823,54.90847155082656,high,residential,9.0
1665.72020748192,1082.718134863248,208543.82977616377,118.93254612134619,49.14147137913204,high,residential,9.0
1756.926285245328,1142.0020854094632,219962.59306558623,125.44466682530384,49.44771743195618,high,residential,9.0
1547.788051275569,1006.0622333291199,193779.03110315485,110.51218143812922,48.71964162513493,high,residential,9.0
923.7383974965003,600.4299583727252,115649.64047379332,65.95498996220434,45.75521087495618,high,residential,9.0
1037.2464334311398,674.210181730241,129860.55081627176,74.0594721305198,46.420720234978866,high,residential,9.0
979.1271581870427,636.4326528215778,122584.1689912944,69.9097515757352,46.089590280617564,high,residential,9.0
2034.1913148794715,1322.2243546716566,254675.4523340198,145.2414104660915,50.28956574402081,high,residential,9.0
987.4475424187133,641.8409025721636,123625.85941750638,70.5038276258039,46.13818105579466,high,residential,9.0
1024.0546621450444,665.6355303942789,128208.9754237319,73.1175786841543,46.34721704619273,high,residential,9.0
1473.2393298664065,957.6055644131642,184445.7254268762,105.1893972109475,48.43608099295511,high,residential,9.0
915.2644428886061,594.921887877594,114588.72343662109,65.34994897590501,45.70229396202494,high,residential,9.0
1316.08624848616,855.4560615160041,164770.56911613818,93.9686555669336,47.78814565947454,high,residential,9.0
1316.08624848616,855.4560615160041,164770.56911613818,93.9686555669336,47.78814565947454,high,residential,9.0
1386.5817598818671,901.2781439232136,173596.4234597762,99.00204029911038,48.08785869692586,high,residential,9.0
897.8708311620976,583.6160402553635,112411.08856925694,64.10804381104724,45.59212637770117,high,residential,9.0
3212.2021700834725,2087.931410554257,402159.3419804764,229.35147273146572,52.91463048494436,high,residential,9.0
1074.1982946419353,698.2288915172579,134486.82755809376,76.69783775638088,46.62174494399485,high,residential,9.0
3038.375540583764,1974.9441013794467,380396.70088977873,216.94023851744083,52.594940601256155,high,residential,9.0
3337.5493198878007,2169.4070579270706,417852.47853144474,238.30126850648296,53.13460369979934,high,residential,9.0
2977.5321386882497,1935.3958901473623,372779.2655060283,212.59601511808796,52.47870410122633,high,residential,9.0
9518.223624703434,6186.8453560572325,1191656.7971293936,679.6018714028933,59.15740574227569,high,residential,9.0
9518.223624703434,6186.8453560572325,1191656.7971293936,679.6018714028933,59.15740574227569,high,residential,9.0
3479.798062930695,2261.8687409049517,435661.6505170902,248.45783928989655,53.37444743773414,high,residential,9.0
983.6416590082349,639.3670783553528,123149.37273112431,70.23208726856019,46.11600577859626,high,residential,9.0
1103.5348228182158,717.2976348318404,138159.6844465063,78.79246803984255,46.77648094775182,high,residential,9.0
915.7907747496412,595.2640035872668,114654.61881421239,65.38752910974533,45.70559494955214,high,residential,9.0
1715.7846903107852,1115.2600487020104,214811.77257832128,122.50715390141663,49.3115909901854,high,residential,9.0
2170.3447251465514,1410.7240713452584,271721.50453813234,154.96277403809688,50.66179919346156,high,residential,9.0
1115.0571007273722,724.787115472792,139602.24361828537,79.61515953550816,46.836134079142454,high,residential,9.0
907.8979664756787,590.1336782091912,113666.45978381352,64.82398201470886,45.65589370312984,high,residential,9.0
1834.6632217321503,1192.5310941258977,229695.05496237465,130.99508984504226,49.696446458334314,high,residential,9.0
1720.4130473356504,1118.2684807681728,215391.23081818732,122.83761893561224,49.327066894043014,high,residential,9.0
1048.4382936271968,681.4848908576779,131261.74255130716,74.85857177701048,46.48235152830236,high,residential,9.0
3744.270482396267,2433.7758135575737,468772.9083248437,267.34118961765836,53.79539897634591,high,residential,9.0
979.1125811156613,636.4231777251799,122582.34397993945,69.90871077175947,46.08950478952847,high,residential,9.0
2316.252452098627,1505.5640938641077,289988.77177535894,165.38059654348723,51.03563462055325,high,residential,9.0
2315.3201803525267,1504.9581172291423,289872.0537818744,165.31403227180297,51.03332156367762,high,residential,9.0
1650.377427309708,1072.7453277513102,206622.95367575088,117.83707048128072,49.08831226250716,high,residential,9.0
7721.59655067862,5019.037757941103,966723.7687529909,551.3225653198307,57.95510285958492,high,residential,9.0
932.0903748312176,605.8587436402914,116695.28627418779,66.55132176216931,45.80689370738924,high,residential,9.0
1044.4371456748113,678.8841446886273,130760.80925305959,74.57288951701989,46.46039383613038,high,residential,9.0
1219.6257029504245,792.756706917776,152693.96015266154,87.08136547506288,47.35094939965565,high,residential,9.0
1221.8105284522558,794.1768434939663,152967.4946127095,87.23736217762824,47.36122898558539,high,residential,9.0
2698.825639972911,1754.2366659823924,337885.938064521,192.69635047819634,51.91398404288877,high,residential,9.0
3011.851630299388,1957.7035596946023,377075.9764328755,215.0464293596689,52.54455750325702,high,residential,9.0
1073.4764524208852,697.7596940735754,134396.4547928504,76.64629816836258,46.61788457071622,high,residential,9.0
1384.923182745942,900.2000687848624,173388.773923947,98.88361776882698,48.08098379447468,high,residential,9.0
1984.608183728583,1289.995319423579,248467.7735077351,141.70117123146133,50.147789552460445,high,residential,9.0
2309.26704739502,1501.0235808067632,289114.21730763785,164.8818381305459,51.01828046830506,high,residential,9.0
1692.0512819825908,1099.8333332886841,211840.41169540002,120.81258678988664,49.23157193945488,high,residential,9.0
2292.575707533767,1490.1742098969485,287024.50504796405,163.6900752288539,50.97660002017261,high,residential,9.0
1898.1755613216094,1233.8141148590462,237646.6343912229,135.52987559331444,49.891964968082924,high,residential,9.0
2715.305996226952,1764.948897547519,339949.23572631064,193.87304913471496,51.9489655473436,high,residential,9.0
1043.1077622098367,678.0200454363938,130594.37390708632,74.47797143921134,46.45307977845859,high,residential,9.0
2403.6088246273566,1562.3457360077819,300925.5620001916,171.6178480087093,51.24834597924885,high,residential,9.0
1013.7329317894221,658.9264056631243,126916.72167750855,72.38060637268313,46.28904276461656,high,residential,9.0
1088.0719395770475,707.2467607250809,136223.77175480057,77.68841703176277,46.695441093323964,high,residential,9.0
5642.507706053966,3667.630008935078,706427.2626798777,402.8754679063343,56.152218325651184,high,residential,9.0
3224.849558311729,2096.152212902624,403742.7620326194,230.25449718720284,52.937211281241645,high,residential,9.0
1279.4074701279337,831.6148555831569,160178.48163591314,91.34978807696126,47.62579689673373,high,residential,9.0
3353.381213241824,2179.6977886071854,419834.59032778715,239.431666863937,53.16179795111962,high,residential,9.0
2601.0296676743214,1690.669283988309,325642.13714992296,185.71371081660106,51.701902869181495,high,residential,9.0
1239.0042205405339,805.352743351347,155120.10006227784,88.46499306551706,47.44148992035334,high,residential,9.0
1669.7980438990471,1085.3687285343806,209054.36427037753,119.2237039433963,49.15551781450276,high,residential,9.0
4757.6000639841595,3092.440041589704,595639.1316080901,339.6929967560938,55.17185443785688,high,residential,9.0
1500.9568125557266,975.6219281612223,187915.8820389062,107.16842752678821,48.54315019114645,high,residential,9.0
2092.395097081395,1360.0568131029067,261962.4142099257,149.39716482392063,50.45164907769744,high,residential,9.0
1752.8498531319278,1139.352404535753,219452.23438654002,125.15360927064378,49.434372592783205,high,residential,9.0
951.7532399401346,618.6396059610875,119157.02575226285,67.9552517865155,45.926765395482924,high,residential,9.0
1319.958039506943,857.9727256795129,165255.3072636015,94.24510173243195,47.8050185658362,high,residential,9.0
2584.800841133777,1680.120546736955,323610.3303528772,184.55497140024588,51.665939322505025,high,residential,9.0
1558.2681933129156,1012.8743256533952,195091.11757917257,111.26046435540212,48.75840661759113,high,residential,9.0
1738.6639179688414,1130.1315466797469,217676.19226699427,124.14073244986685,49.387689711117886,high,residential,9.0
1611.5512924560487,1047.5083400964318,201762.0227574497,115.06488157857358,48.95155079969907,high,residential,9.0
2128.2692591572777,1383.3750184522305,266453.7658281095,151.95858265177088,50.549320027460766,high,residential,9.0
1001.6670388952979,651.0835752819437,125406.10332605476,71.51910072684903,46.22028331484556,high,residential,9.0
1025.1103565093554,666.3217317310811,128341.1456074264,73.19295533991527,46.353133989371486,high,residential,9.0
1025.1103565093554,666.3217317310811,128341.1456074264,73.19295533991527,46.353133989371486,high,residential,9.0
1275.1060555817453,828.8189361281345,159639.9557424961,91.04266675994552,47.60645391717021,high,residential,9.0
1660.6545848808323,1079.425480172541,207909.62702549386,118.57086029263915,49.123974495618555,high,residential,9.0
2864.3175823568577,1861.8064285319576,358605.098045186,204.5124874151696,52.25595429708558,high,residential,9.0
949.7004208073905,617.3052735248039,118900.01814566884,67.80868034847494,45.91436691949698,high,residential,9.0
913.8864339512904,594.0261820683388,114416.20030820927,65.25155903577175,45.69364253506694,high,residential,9.0
922.275287661137,599.478936979739,115466.46293468482,65.85052381165076,45.746108984674876,high,residential,9.0
2004.383496257596,1302.8492725674375,250943.5911098132,143.11313000992646,50.204754256611494,high,residential,9.0
1062.2648469321712,690.4721505059113,132992.79099862266,75.8457887065145,46.55759025087322,high,residential,9.0
1042.0146179397752,677.3095016608539,130457.51509277134,74.39992085740751,46.44705849093379,high,residential,9.0
965.3112148208479,627.4522896335511,120854.44888066883,68.92329219664545,46.007987127756614,high,residential,9.0
1304.4085788206623,847.8655762334306,163308.55530135398,93.13486908836218,47.736953414598666,high,residential,9.0
1564.1465916886793,1016.6952845976416,195827.07773906336,111.68018243458783,48.78003632284137,high,residential,9.0
5493.493861722395,3570.771010119557,687771.1176400379,392.23586839011364,55.99840108476799,high,residential,9.0
2316.1843052993654,1505.5197984445877,289980.2399736547,165.37573085697528,51.03546557324453,high,residential,9.0
2109.593133488389,1371.235536767453,264115.5635568777,150.62510589648736,50.49867957312226,high,residential,9.0
4353.308125689771,2829.6502816983516,545022.8343567072,310.82652243363015,54.661486928244884,high,residential,9.0
1102.029488809751,716.3191677263382,137971.22055094477,78.68498708020381,46.76864161074798,high,residential,9.0
1150.3590161124691,747.733360473105,144021.95144182877,82.13571890727495,47.01513773205011,high,residential,9.0
1076.244120460592,699.5586782993848,134742.95961998586,76.84390987127794,46.632671844861015,high,residential,9.0
1165.3032874262035,757.4471368270323,145892.93527151496,83.20274098534497,47.08926711139175,high,residential,9.0
1124.7218660150352,731.0692129097729,140812.24704978833,80.30522449249429,46.8856974654092,high,residential,9.0
926.637881128336,602.3146227334183,116012.64826960457,66.1620133081555,45.77320586305579,high,residential,9.0
1028.056173806719,668.2365129743674,128709.95425743476,73.40328691301505,46.36961253372672,high,residential,9.0
1129.0727092135553,733.897260988811,141356.961281686,80.61587501894553,46.90787096187591,high,residential,9.0
924.2776818906912,600.7804932289492,115717.15747478661,65.9934949078708,45.75856208863916,high,residential,9.0
1018.311189191271,661.9022729743261,127489.90757511256,72.7074942900867,46.314918954478735,high,residential,9.0
1117.3573671024496,726.2822886165923,139890.23097487094,79.7793987249689,46.84796924390186,high,residential,9.0
1819.6140949514127,1182.7491617184182,227810.94350143103,129.92058107886612,49.649127586275696,high,residential,9.0
1739.1556008093703,1130.4511405260907,217737.74967749973,124.1758386410781,49.38931409283786,high,residential,9.0
1755.0430154128721,1140.777960018367,219726.81258961066,125.31020121985496,49.44155610314053,high,residential,9.0
4332.683212504239,2816.2440881277557,542440.6489661522,309.3539021053966,54.63419505633732,high,residential,9.0
1491.4530777182192,969.4445005168425,186726.03920018175,106.48986015586365,48.50666267679504,high,residential,9.0
1631.6515297797655,1060.5734943568475,204278.52009720064,116.50004001143354,49.02275812162416,high,residential,9.0
938.9209711924158,610.2986312750703,117550.45914080793,67.03902684800276,45.84881936642466,high,residential,9.0
954.3298657079213,620.3144127101489,119479.61258473367,68.13922305707361,45.9422897689484,high,residential,9.0
956.9041485770928,621.9876965751104,119801.90609240248,68.32302704449714,45.95775826867176,high,residential,9.0
950.7208962837269,617.9685825844225,119027.77901635527,67.88154237302741,45.92053365993187,high,residential,9.0
1605.5067548675997,1043.5793906639399,201005.26240102304,114.63330114730344,48.92996368776614,high,residential,9.0
1189.8535845260164,773.4048299419107,148966.56850015742,84.95563401563977,47.20900834516865,high,residential,9.0
941.9316471903286,612.2555706737136,117927.38793112923,67.253989337123,45.8672020038871,high,residential,9.0
2250.199272174782,1462.6295269136083,281719.0857570591,160.6643946072508,50.869402588244014,high,residential,9.0
1313.5506856124177,853.8079456480716,164453.12325100828,93.78761619005003,47.77706901276535,high,residential,9.0
912.1462792485877,592.895081511582,114198.33747357797,65.12731186118151,45.682698844977935,high,residential,9.0
902.2691308957776,586.4749350822555,112961.74423570391,64.42208273762195,45.62018439158656,high,residential,9.0
1020.342820126645,663.2228330823193,127744.26247460383,72.85255288926658,46.326364469570144,high,residential,9.0
1186.570996986061,771.2711480409396,148555.5970932651,84.7212570222891,47.19314163216986,high,residential,9.0
1716.7778148864893,1115.9055796762182,214936.10918751403,122.57806306963926,49.31491522792103,high,residential,9.0
1656.4554366324896,1076.6960338111182,207383.904606102,118.27104079685998,49.109429970399404,high,residential,9.0
1757.8659900863447,1142.6128935561242,220080.24166318658,125.51176182051532,49.45078931386465,high,residential,9.0
1908.5950530021596,1240.5867844514037,238951.12760060024,136.27382807062233,49.92341510615,high,residential,9.0
4418.347503376625,2871.9258771948066,553165.5949764987,315.47033881509725,54.74671124085051,high,residential,9.0
928.3000183415875,603.3950119220319,116220.74351783899,66.28069002822357,45.78349619459491,high,residential,9.0
888.4786166509442,577.5111008231138,111235.2077848147,63.43743899967983,45.5317482878264,high,residential,9.0
930.1849091559566,604.6201909513718,116456.72693652647,66.41527137190106,45.79514335211614,high,residential,9.0
1523.4370581588485,990.2340878032516,190730.3502138891,108.77351872698095,48.62854733568739,high,residential,9.0
1381.7704070688849,898.1507645947752,172994.05462405173,98.6585093520967,48.06789263472917,high,residential,9.0
1411.0441396999286,917.1786908049536,176659.04967382064,100.74865602897992,48.188313224098124,high,residential,9.0
1492.2952448122153,969.99190912794,186831.47632599948,106.54999094871751,48.50990536238232,high,residential,9.0
904.3015134669769,587.795983753535,113216.19323804202,64.56719500365537,45.63310342215664,high,residential,9.0
1049.4914845732992,682.1694649726445,131393.59931356486,74.93376968852604,46.488117362368556,high,residential,9.0
1316.5400105099854,855.7510068314906,164827.3789391988,94.00105420902509,47.79012567635536,high,residential,9.0
1015.263204731018,659.9210830751617,127108.30786251722,72.48986797399358,46.297704793798445,high,residential,9.0
977.3320835858628,635.2658543308108,122359.43032847304,69.78158311632818,46.079053017018246,high,residential,9.0
921.8741786527531,599.2182161242896,115416.2451319648,65.82188459875952,45.74361119812871,high,residential,9.0
1999.2538426607452,1299.5149977294845,250301.37184531288,142.74687236338193,50.190031931377945,high,residential,9.0
941.652263845278,612.0739714994307,117892.40986429014,67.23404134560467,45.865498612642455,high,residential,9.0
889.9893148917605,578.4930546796444,111424.34326828954,63.54530296590553,45.54150275227691,high,residential,9.0
954.6865707600734,620.5462709940477,119524.27112783243,68.16469182420283,45.94443564484502,high,residential,9.0
1066.776756345825,693.4048916247864,133557.670300981,76.16793937264947,46.581930714755195,high,residential,9.0
1426.227052605768,927.0475841937492,178559.9108090339,101.83271713439204,48.24979014717402,high,residential,9.0
1681.5767341501532,1093.0248771975996,210529.0255992607,120.06470329925838,49.195898757086205,high,residential,9.0
904.8611758887224,588.1597643276696,113286.26151498815,64.60715494199775,45.636655876105195,high,residential,9.0
1864.3576410788683,1211.8324667012644,233412.7188928047,133.11527358456652,49.78868711411767,high,residential,9.0
1047.192703293744,680.6752571409336,131105.79788706903,74.76963653499547,46.47552490487638,high,residential,9.0
1076.031941172328,699.4207617620133,134716.39532594956,76.82876025438904,46.6315395451601,high,residential,9.0
1074.34708388082,698.325604522533,134505.4555831169,76.70846131905158,46.62254033865378,high,residential,9.0
2067.1561355851254,1343.6514881303315,258802.56199323083,147.59510110473957,50.38192523429591,high,residential,9.0
1810.2297426776,1176.64933274044,226636.047048618,129.25053763182686,49.61942201828701,high,residential,9.0
921.6120834187675,599.0478542221989,115383.43149158516,65.80317097965103,45.74197849182891,high,residential,9.0
1118.25369866547,726.8649041325555,140002.44935107962,79.8433968649207,46.85257439485266,high,residential,9.0
907.2236499630244,589.6953724759659,113582.0371134283,64.77583576578816,45.651627519170276,high,residential,9.0
934.6742455407439,607.5382596014836,117018.78015448696,66.73581032210392,45.82278928122442,high,residential,9.0
2169.9130303464435,1410.4434697251884,271667.4574739829,154.93195099741243,50.660656259920536,high,residential,9.0
1271.0443384030048,826.1788199619531,159131.43933492806,90.75265985270947,47.58812888485141,high,residential,9.0
1335.6180263186131,868.1517171070985,167215.896808761,95.36322595003641,47.87276250920554,high,residential,9.0
1967.7904152736612,1279.0637699278798,246362.23271755633,140.50038131882238,50.098896145312956,high,residential,9.0
892.8671916094128,580.3636745461183,111784.64593474402,63.750783576584524,45.56003930683721,high,residential,9.0
983.0480068335935,638.9812044418358,123075.0490256793,70.1897004593449,46.11253909206526,high,residential,9.0
918.6724781441122,597.137110793673,115015.4005706338,65.59328294543246,45.72363455980636,high,residential,9.0
1612.26265281857,1047.9707243320704,201851.08322131677,115.11567276111697,48.954085987362426,high,residential,9.0
1588.8989258466363,1032.7843018003136,198926.00548095768,113.44750092579017,48.870230645015795,high,residential,9.0
5559.248676155773,3613.5116395012524,696003.4490763522,396.93076700824366,56.06678340058622,high,residential,9.0
1272.785411441991,827.3105174372943,159349.41714286926,90.87697259657834,47.595991145898076,high,residential,9.0
1093.157815753653,710.5525802398745,136860.5102003526,78.0515489672611,46.722222099199946,high,residential,9.0
1401.8069629287947,911.1745259037166,175502.5792104625,100.08912092372678,48.150586843190176,high,residential,9.0
1373.4356236359513,892.7331553633684,171950.56145536015,98.0634051979919,48.03314012437218,high,residential,9.0
1042.6889508897768,677.747818078355,130541.93982106962,74.44806827995602,46.45077361563663,high,residential,9.0
1361.2596720689294,884.8187868448041,170426.16404482842,97.19404135476564,47.98199089553157,high,residential,9.0
1014.0261746388423,659.1170135152475,126953.43491818242,72.40154393383943,46.29070366159059,high,residential,9.0
2226.384581507824,1447.1499779800856,278737.548537114,158.96402393071614,50.80827066114182,high,residential,9.0
971.434761909805,631.4325952413733,121621.10102069197,69.36051391210063,46.044298557968276,high,residential,9.0
1437.2832771606004,934.2341301543903,179944.12131520023,102.6221323860587,48.29414761906699,high,residential,9.0
1144.5199613963898,743.9379749076534,143290.91700561656,81.71880996830313,46.9859120183101,high,residential,9.0
1129.970476130184,734.4808094846196,141469.35936042643,80.6799756432512,46.91243568585124,high,residential,9.0
1222.0601048804792,794.3390681723115,152998.74093122673,87.2551819530786,47.36240207156007,high,residential,9.0
916.568188724066,595.7693226706429,114751.94901818052,65.44303652506835,45.71046717977407,high,residential,9.0
1581.2593481565425,1027.8185763017527,197969.5502598416,112.90203451318767,48.84254369595216,high,residential,9.0
2421.8276048984944,1574.1879431840214,303206.5058192842,172.91867026873777,51.291733472088396,high,residential,9.0
2310.0557473528947,1501.5362357793817,289212.9604873272,164.9381513659227,51.02024249664322,high,residential,9.0
1188.8631236387298,772.7610303651744,148842.56537781403,84.88491503496735,47.204225466170094,high,residential,9.0
2346.533026723254,1525.2464673701152,293779.820819297,167.54263181324507,51.11026201768376,high,residential,9.0
963.5955169401371,626.3370860110891,120639.64797642623,68.80079124095587,45.997772103765264,high,residential,9.0
1181.4137414317433,767.9189319306332,147909.9221356096,84.35302859393816,47.168124729039086,high,residential,9.0
1822.6728053743457,1184.7373234933248,228193.8860766064,130.13897322948864,49.65877666086379,high,residential,9.0
1147.508537214072,745.8805491891468,143665.07891095724,81.93219450291892,47.00088904050468,high,residential,9.0
1555.2992129270174,1010.9444884025613,194719.40897083338,111.04847893606629,48.74745117148638,high,residential,9.0
1691.648757274533,1099.5716922284464,211790.01665076954,120.78384649593387,49.230205143056644,high,residential,9.0
1049.9475744853714,682.4659234154915,131450.7005821684,74.96633454201064,46.4906124938263,high,residential,9.0
2429.1465167753736,1578.9452359039929,304122.8145161127,173.44124111853907,51.309071457387766,high,residential,9.0
1012.8062996387249,658.3240947651713,126800.70974667404,72.3144447685282,46.283791260116416,high,residential,9.0
3337.8361166211507,2169.593475803748,417888.3847351826,238.32174581447467,53.13509747299825,high,residential,9.0
1758.1425575996159,1142.7926624397503,220114.8671952238,125.53150876143614,49.451693096585366,high,residential,9.0
1919.2147038588914,1247.4895575082794,240280.68021730083,137.03207192792667,49.95529331481078,high,residential,9.0
1277.4917660225412,830.3696479146519,159938.64047347664,91.21300666202373,47.61719022805141,high,residential,9.0
913.7143586278337,593.9143331080919,114394.65692607193,65.23927284493882,45.69256129528907,high,residential,9.0
964.957345634772,627.2222746626018,120810.14538061366,68.89802591056397,46.00588172579664,high,residential,9.0
978.8687697226096,636.2647003196963,122551.81942880433,69.8913026202471,46.08807470463995,high,residential,9.0
1418.448971935196,921.9918317578773,177586.11537564525,101.2773615987305,48.21837817248941,high,residential,9.0
923.413051380147,600.2184833970955,115608.90798774772,65.93176022541252,45.7531881682805,high,residential,9.0
961.7056636475322,625.108681370896,120403.04326839384,68.66585557596501,45.986499132450334,high,residential,9.0
929.8123397682225,604.3780208493447,116410.08221994898,66.38866989003691,45.792843034012236,high,residential,9.0
934.3776036025527,607.3454423416592,116981.64135675563,66.71463006575773,45.82096661775357,high,residential,9.0
970.6208010487662,630.9035206816981,121519.19524174632,69.30239704636793,46.03948512827106,high,residential,9.0
1180.6945887684706,767.4514826995058,147819.88609599203,84.30168104054425,47.16462758522938,high,residential,9.0
920.4734704291577,598.3077557789526,115240.880112056,65.72187392790553,45.73488018313707,high,residential,9.0
1193.85440706176,776.005364590144,149467.46105708933,85.24129304085804,47.22828768542259,high,residential,9.0
1837.2045425146753,1194.1829526345389,230013.22170268136,131.1765403370392,49.70439881399916,high,residential,9.0
891.3954907067715,579.4070689594015,111600.3928163972,63.64570402319133,45.55056747262797,high,residential,9.0
941.9016371881833,612.2360641723192,117923.63075705469,67.2518466207483,45.867019058068216,high,residential,9.0
2860.6969811792733,1859.4530377665276,358151.80821159086,204.25397622307028,52.24868634229472,high,residential,9.0
1303.9806189633548,847.5874023261806,163254.97584231125,93.1043127228701,47.73506864819048,high,residential,9.0
1373.9861576714459,893.0910024864398,172019.4868821326,98.10271336888023,48.035442109793145,high,residential,9.0
1055.547732872253,686.1060263669644,132151.8258204333,75.36618626539311,46.52116131628943,high,residential,9.0
1139.7368048169267,740.8289231310024,142692.0782648606,81.37729223445001,46.961860085257015,high,residential,9.0
1724.2341696156027,1120.7522102501418,215869.6253713211,123.11044734926443,49.33981231074399,high,residential,9.0
4956.15229165599,3221.4989895763933,620497.3531649188,353.86964050995323,55.40682775923587,high,residential,9.0
936.533539594018,608.7468007361117,117251.55892538029,66.86856405514438,45.834200237134155,high,residential,9.0
2309.030478617611,1500.8698111014473,289084.59951310983,164.86494710232654,51.01769183173309,high,residential,9.0
1216.1994448597893,790.5296391588631,152265.00156717212,86.83673039375826,47.33479177311818,high,residential,9.0
4465.011133424015,2902.25723672561,559007.7598716774,318.8021254548176,54.80708765413817,high,residential,9.0
1640.5218107937862,1066.339177015961,205389.0561677518,117.13337873246886,49.053903709431516,high,residential,9.0
1177.4064606757986,765.3141994392691,147408.22102633605,84.06690845131945,47.148610696108854,high,residential,9.0
1948.5440962473212,1266.5536625607588,243952.64372366742,139.12619271560752,50.04242723304383,high,residential,9.0
1212.489901150675,788.1184357479387,151800.57636037807,86.57186869832361,47.31724686367704,high,residential,9.0
1282.3175734248093,833.5064227261261,160542.81898611682,91.55756966778243,47.63884648785276,high,residential,9.0
1337.397823787147,869.3085854616455,167438.72281438115,95.49030362104158,47.88041149840424,high,residential,9.0
1120.4215480442742,728.2740062287783,140273.85844475756,79.99818147104524,46.863697091222726,high,residential,9.0
1080.1265708871074,702.0822710766198,135229.03229727273,77.12111711913464,46.65335134852788,high,residential,9.0
1507.5759051868708,979.9243383714661,188744.5751896177,107.64103123063899,48.56842661130346,high,residential,9.0
1811.8469022872855,1177.7004864867356,226838.51121807957,129.36600294767078,49.62455199388432,high,residential,9.0
1820.5369754210046,1183.349034023653,227926.48573156662,129.98647481271246,49.652040631771705,high,residential,9.0
1139.0059276865236,740.3538529962403,142600.57435250757,81.32510755323507,46.958176015486615,high,residential,9.0
1388.833291896474,902.7416397327082,173878.3094014132,99.16279985162595,48.09717829526824,high,residential,9.0
887.9639746040782,577.1765834926508,111170.77594149837,63.40069351943653,45.52842149937082,high,residential,9.0
1103.9192030635095,717.5474819912812,138207.80785167587,78.81991281781075,46.77848097472713,high,residential,9.0
1546.462046171744,1005.2003300116337,193613.01871919486,110.41750457555685,48.714718181759366,high,residential,9.0
1019.2030005356313,662.4819503481604,127601.56003172284,72.77116968609154,46.319945921631664,high,residential,9.0
940.0022232516092,611.001445113546,117685.82908130856,67.11622832507028,45.85542806116432,high,residential,9.0
2691.9774625073223,1749.7853506297595,337028.5640894405,192.20739010020793,51.89938513278823,high,residential,9.0
1254.039183473743,815.1254692579329,157002.43824641613,89.53849053193112,47.510766952161426,high,residential,9.0
1671.1785722438617,1086.26607195851,209227.20282204368,119.32227376941152,49.160265388826474,high,residential,9.0
896.6429531657982,582.8179195577688,112257.36144347918,64.02037323121618,45.5842688759018,high,residential,9.0
1277.856111630575,830.6064725598737,159984.25559426352,91.23902096540849,47.61882811337267,high,residential,9.0
1031.6749435310765,670.5887132951997,129163.0147978579,73.66166733921837,46.38979104524319,high,residential,9.0
4736.371827809848,3078.641688076401,592981.4117513584,338.1772991217997,55.14615432844441,high,residential,9.0
2373.2176678155793,1542.5914840801265,297120.66835455527,169.4479171626029,51.17523348802645,high,residential,9.0
1025.3688239024355,666.4897355365831,128373.50505157735,73.21140993091457,46.354581716667475,high,residential,9.0
897.2544281166289,583.2153782758088,112333.91651406405,64.06403258797073,45.588183201328306,high,residential,9.0
982.6214883388631,638.703967420261,123021.65002147565,70.15924700724757,46.11004710674115,high,residential,9.0
992.1147770906875,644.8746051089469,124210.1850374909,70.83706852688107,46.165258798945274,high,residential,9.0
1261.2950868209123,819.841806433593,157910.8584395,90.05656256804687,47.54390382811718,high,residential,9.0
1142.613859123798,742.6990084304687,143052.27796762818,81.58271412493836,46.97633930888806,high,residential,9.0
1279.1575717458575,831.4524216348074,160147.19500961242,91.33194531398196,47.62467491085159,high,residential,9.0
1440.104653859922,936.0680250089493,180297.35032657615,102.82357889124638,48.305412349225826,high,residential,9.0
970.3934568518008,630.7557469536705,121490.73234065427,69.28616465387513,46.03813998777914,high,residential,9.0
2337.939565119701,1519.6607173278057,292703.9418176557,166.92905801860903,51.08918144986843,high,residential,9.0
1236.8651691417658,803.9623599421478,154852.29640066437,88.3122646372989,47.4315655565524,high,residential,9.0
1892.8220736776611,1230.3343478904799,236976.39168724802,135.14763617923754,49.8757388631717,high,residential,9.0
1659.7370863833069,1078.8291061491495,207794.75860423775,118.5053508319968,49.120799710748905,high,residential,9.0
1610.859313001648,1047.0585534510712,201675.38873278035,115.01547419430464,48.949083609539244,high,residential,9.0
1315.3191623784003,854.9574555459602,164674.53193416624,93.91388556205501,47.784796882963526,high,residential,9.0
1325.7534154040834,861.7397200126543,165980.87322549208,94.65889200049813,47.830182086741715,high,residential,9.0
885.552141990857,575.608892294057,110868.8207825941,63.228488492313424,45.512805040192255,high,residential,9.0
1360.6187362915666,884.4021785895184,170345.92055552488,97.14827849281583,47.97928577535174,high,residential,9.0
1168.514885445378,759.5346755394958,146295.0189753758,83.43204932165683,47.1050738466897,high,residential,9.0
921.6727776330229,599.0873054614649,115391.03024906508,65.80750455104182,45.74235662400443,high,residential,9.0
1042.7796254993523,677.806756574579,130553.2920459267,74.454542453792,46.45127298915311,high,residential,9.0
1591.9860492150365,1034.7909319897738,199312.50528287273,113.66792176282233,48.88138110891029,high,residential,9.0
1098.0263611764228,713.7171347646748,137470.03940180148,78.39916347084738,46.74774232979131,high,residential,9.0
990.1340377386739,643.587124530138,123962.20163163324,70.69564359052045,46.15378278405393,high,residential,9.0
1803.4838660654398,1172.264512942536,225791.48087383166,128.7688815423462,49.59797313767416,high,residential,9.0
1059.9007854087374,688.9355105156793,132696.8166556875,75.67699453873858,46.54479554418118,high,residential,9.0
1011.1998358332617,657.27989329162,126599.58466403213,72.19974313389753,46.27467555981438,high,residential,9.0
903.5124977681099,587.2831235492715,113117.4105284032,64.51085922434834,45.62809141728729,high,residential,9.0
968.5091295174423,629.5309341863375,121254.8194681959,69.15162354271213,46.026978746302774,high,residential,9.0
1185.5056752833593,770.5786889341836,148422.22159188907,84.64519297385434,47.18798286625676,high,residential,9.0
993.343694322527,645.6734013096426,124364.04227285048,70.92481330820664,46.17236740398439,high,residential,9.0
2492.2393385028545,1619.9555700268554,312021.871401737,177.9460732604106,51.4564043146058,high,residential,9.0
994.7909141369154,646.6140941889951,124545.23042273594,71.02814491008631,46.18072751188743,high,residential,9.0
924.8596252115515,601.1587563875084,115790.01526224679,66.03504570405934,45.76217620247219,high,residential,9.0
1366.501730677206,888.2261249401839,171082.45612387673,97.5683247274469,48.00406776428454,high,residential,9.0
1904.8775857108908,1238.170430712079,238485.7103819662,136.00840063083533,49.91221405685819,high,residential,9.0
2428.102460101327,1578.2665990658625,303992.10134091607,173.36669539472445,51.30660135652596,high,residential,9.0
1587.652613111769,1031.9741985226499,198769.9703739448,113.35851410426072,48.86572291853927,high,residential,9.0
893.6296913218994,580.8592993592346,111880.10891197808,63.8052261125011,45.56494060678942,high,residential,9.0
4353.078593676452,2829.501085889694,544994.0975467081,310.8101338308876,54.66118391241448,high,residential,9.0
1270.8699030373227,826.0654369742598,159109.60048165347,90.74020515468698,47.587340584295916,high,residential,9.0
1277.7653860208552,830.547500913556,159972.8969843213,91.23254315015843,47.61842030758924,high,residential,9.0
3161.7804670868745,2055.1573036064683,395846.67614409165,225.7513594049755,52.8237147202037,high,residential,9.0
1558.7486379063957,1013.1866146391573,195151.26799042983,111.29476813494213,48.760177482182,high,residential,9.0
1622.3760892556177,1054.5444580161516,203117.2591116652,115.83777287138267,48.990008416185084,high,residential,9.0
2344.911574248047,1524.1925232612307,293576.81919425767,167.42685998648517,51.10629035548179,high,residential,9.0
1150.4225586276361,747.7746631079635,144029.9067991613,82.14025584756169,47.01545495997767,high,residential,9.0
1780.731816039734,1157.475680425827,222942.98349335484,127.14438348626027,49.525035832382734,high,residential,9.0
948.0093352088336,616.2060678857418,118688.29863502213,67.68793671155312,45.90413308919455,high,residential,9.0
1400.217593774994,910.141435953746,175303.5943336669,99.97563984849025,48.14407051765231,high,residential,9.0
1112.3119310878792,723.0027552071215,139258.5555322348,79.4191542200335,46.82197786247564,high,residential,9.0
1229.3912663129427,799.1043231034128,153916.5832404969,87.7786274220554,47.39675441582483,high,residential,9.0
1224.4679679439407,795.9041791635615,153300.19911284413,87.42710355405501,47.37370748881119,high,residential,9.0
2974.3755558752405,1933.3441113189065,372384.0695626317,212.37063487156888,52.47260908467395,high,residential,9.0
1628.1291003223787,1058.2839152095462,203837.52110717804,116.24853828742364,49.01034309994242,high,residential,9.0
2120.763030093774,1378.4959695609532,265514.0055075893,151.42263734097818,50.52902042095228,high,residential,9.0
1662.1208178587594,1080.3785316081937,208093.1955739137,118.67554943580298,49.1290444080364,high,residential,9.0
4027.697614592505,2618.0034494851284,504257.2467780771,287.5779078375374,54.21472417595774,high,residential,9.0
1174.2606350426233,763.2694127777052,147014.37185382575,83.84229626823684,47.133245092405296,high,residential,9.0
893.9066154393311,581.0393000355652,111914.77908992708,63.82499851498542,45.56671962350328,high,residential,9.0
2051.2549536156926,1333.3157198502001,256811.77544277755,146.45975553501603,50.33755918323093,high,residential,9.0
1123.4116243654366,730.2175558375338,140648.20820922425,80.21167314172058,46.87900320003759,high,residential,9.0
902.8449666508575,586.8492283230573,113033.83737184224,64.46319745316163,45.62384769446412,high,residential,9.0
2267.2718346319402,1473.7266925107613,283856.5260924266,161.8833768305109,50.912830897340775,high,residential,9.0
2875.1300802275546,1868.8345521479105,359958.79460555286,205.2845005635468,52.27760464584112,high,residential,9.0
4353.229813172603,2829.599378562192,545013.0298336088,310.82093091410707,61.26521585468527,high,commercial,10.5
1430.238294483466,929.6548914142529,179062.10784042985,102.11912010139714,48.26592280648974,high,residential,9.0
775.465733035449,504.0527264730419,97086.28922252422,55.36831074360556,50.36343059483094,high,commercial,10.5
2610.1380355152824,1696.5897230849337,326782.48107084807,186.36404895470466,51.721989128518445,high,residential,9.0
2275.4083738576437,1479.0154430074685,284875.19960291806,162.4643263335442,50.933413325867896,high,residential,9.0
1956.2315086287758,1271.5504806087042,244915.08772350382,139.67507452871425,56.209247596558434,high,commercial,10.5
1110.1787775248742,721.6162053911683,138991.49026429153,79.26684689772547,46.81095355248964,high,residential,9.0
1279.1964540937156,831.4776951609151,160152.06297825242,91.33472151649735,47.624849497979085,high,residential,9.0
1622.38893828508,1054.5528098853022,203118.86777667445,115.83869029303744,48.990053912814574,high,residential,9.0
3420.0439472250196,2223.028565696263,428180.59092606365,244.19139100513414,59.74009824080474,high,commercial,10.5
1777.133565021453,1155.1368172639445,222492.49184146887,126.8874680971897,49.51341552039774,high,residential,9.0
1746.8979175884187,1135.4836464324721,218707.06756485594,124.72864063223736,49.41483218893197,high,residential,9.0
1774.9899677108915,1153.7434790120794,222224.11904354376,126.73441509053302,49.50648173340534,high,residential,9.0
1112.7545957542493,723.2904872402621,139313.97599505732,79.4507605099812,46.82426294259356,high,residential,9.0
1037.0894207917418,674.1081235146322,129840.89324293126,74.0482614164437,46.419850880751895,high,residential,9.0
1209.291948906204,786.0397667890326,151400.20107195465,86.34353467133575,47.30207850968245,high,residential,9.0
1072.7806593611876,697.307428584772,134309.34331473467,76.59661849239319,46.61416105142706,high,residential,9.0
1529.1929367428202,993.9754088828331,191450.97121508513,109.18448888396306,48.65021007057413,high,residential,9.0
3514.8679736533927,2284.664182874705,440052.31196141266,250.96183351159365,53.432071903374975,high,residential,9.0
896.1456949220612,582.4947016993398,112195.10600701936,63.98486895580315,45.581083736479265,high,residential,9.0
1009.3453485167229,656.0744765358698,126367.4076840536,72.06733260221577,46.26413446997078,high,residential,9.0
940.7322472174885,611.4759606913675,117777.22617968621,67.16835209027505,45.85988573023367,high,residential,9.0
946.0258236680792,614.9167853842515,118439.96815835738,67.5463138407112,45.89210633977943,high,residential,9.0
994.0861554885976,646.1560010675885,124456.99647628568,70.97782509042572,46.17665787420414,high,residential,9.0
967.3680691697939,628.7892449603661,121111.96168581718,69.07015174942154,46.0202094711148,high,residential,9.0
1779.9756792369935,1156.9841915040458,222848.3171358418,127.09039526257058,49.522595887734695,high,residential,9.0
1498.374842418522,973.9436475720393,187592.62610530955,106.98407466785805,48.53326017292275,high,residential,9.0
1221.8669553188515,794.2135209572535,152974.55910938143,87.24139106008023,47.361494230158954,high,residential,9.0
1027.8715618452532,668.1165151994146,128686.84132088417,73.39010560530023,46.36858122314013,high,residential,9.0
900.1696761132396,585.1102894736057,112698.89796726951,64.2721815107338,45.60680845130342,high,residential,9.0
1252.1535558625767,813.8998113106749,156766.36258268944,89.4038565809078,47.50212414420803,high,residential,9.0
1270.4469307029253,825.7905049569015,159056.64544748364,90.71000489869992,47.58542865750474,high,residential,9.0
5799.716122310331,3769.8154795017153,726109.3467729252,414.10016046459924,56.3101526502989,high,residential,9.0
1013.5892102319674,658.8329866507788,126898.72811299615,72.37034464284172,46.28822856540017,high,residential,9.0
993.0221856348332,645.4644206626416,124323.79022287422,70.90185756410517,46.17050850336147,high,residential,9.0
941.7151753136176,612.1148639538515,117900.28621620413,67.23853322910122,45.86588222587354,high,residential,9.0
999.72521429504,649.8213892917761,125162.99194572066,71.3804543066445,46.20914026936465,high,residential,9.0
2831.5697553520117,1840.5203409788078,354505.15543191734,202.17429014282246,52.189879905910765,high,residential,9.0
923.1857458926709,600.0707348302361,115580.44993298291,65.91553059678016,45.75177456672339,high,residential,9.0
1050.7846745910338,683.010038484172,131555.50333424934,75.02610355152241,46.495189201805445,high,residential,9.0
1184.9756449832205,770.2341692390934,148355.86317935862,84.60734877118823,47.18541449582445,high,residential,9.0
1276.265151298763,829.5723483441959,159785.0715061269,91.12542627994418,47.61167265082555,high,residential,9.0
945.7854281703004,614.7605283106952,118409.87126840996,67.5291495843742,45.89064702359813,high,residential,9.0
1003.8562750495145,652.5065787821844,125680.18998828894,71.67541235032118,46.23282026631737,high,residential,9.0
2764.0495934669475,1796.632235753516,346051.8070944411,197.35334558595977,52.05120083105748,high,residential,9.0
991.3690305474486,644.3898698558415,124116.81951339456,70.78382216848891,46.16094077865943,high,residential,9.0
1252.4968990521904,814.1229843839238,156809.34825541408,89.42837131006264,47.50369883185837,high,residential,9.0
1008.0751296085324,655.248834245546,126208.37958643053,71.97663887814134,46.256903248996146,high,residential,9.0
1109.4670016861546,721.1535510960006,138902.37778388697,79.21602605015075,46.80727032791815,high,residential,9.0
1762.1930521885445,1145.425483922554,220621.97856378902,125.82071437492888,49.464913273679386,high,residential,9.0
4044.2272313663284,2628.7477003881136,506326.7117285903,288.75812369881504,54.23826048986127,high,residential,9.0
911.72476986836,592.6211004144341,114145.5655974583,65.09721606023047,45.680044869489464,high,residential,9.0
1299.5102932249652,844.6816905962273,162695.3027077456,92.78513113422733,47.71534397610924,high,residential,9.0
1411.1726499730548,917.2622224824856,176675.1388251697,100.75783167199428,48.18883634199083,high,residential,9.0
1441.6673331592137,937.083766553489,180492.99370313028,102.9351543088952,48.311642072295385,high,residential,9.0
1175.2009077709572,763.8805900511222,147132.09154943857,83.90943181064482,47.13784210550404,high,residential,9.0
888.592066910659,577.5848434919284,111249.41146172497,63.44553935662175,45.53248140273317,high,residential,9.0
936.1207075851019,608.4784599303163,117199.87343353906,66.83908781914734,45.831668538843765,high,residential,9.0
1684.1073765093724,1094.6697947310922,210845.85542879323,120.2453913510408,49.20453767337325,high,residential,9.0
1678.6501588329743,1091.1226032414334,210162.62599503456,119.8557456049682,49.18589201846497,high,residential,9.0
963.0728954019966,625.9973820112978,120574.21712159371,68.7634760244449,45.99465687814986,high,residential,9.0
939.0859515521302,610.4058685088846,117571.11425197135,67.05080645789927,45.84982823026728,high,residential,9.0
962.4363629512388,625.5836359183053,120494.5249173078,68.71802756034064,45.99086037424731,high,residential,9.0
1098.6759107108933,714.1393419620806,137551.3613110509,78.44554135569233,46.751138626481065,high,residential,9.0
1132.9350319517866,736.4077707686613,141840.51402484442,80.89164514836878,46.92748336598639,high,residential,9.0
1354.3265971221626,880.3122881294057,169558.16112631332,96.6990192903365,47.952661490295625,high,residential,9.0
901.7808867807773,586.1575764075053,112900.61734467473,64.387222071668,45.61707649175713,high,residential,9.0
979.1950891053186,636.4768079184571,122592.67376526173,69.91460184832876,46.08998866267973,high,residential,9.0
1512.335220586252,983.0178933810638,189340.429076748,107.98084670246938,48.586532627993726,high,residential,9.0
1754.1649103655704,1140.2071917376209,219616.876125679,125.24750445447474,49.4386810247341,high,residential,9.0
1300.1528343574953,845.099342332372,162775.74718333324,92.83100861865495,47.71818326537052,high,residential,9.0
1652.1316459901109,1073.8855698935722,206842.57728374514,117.96232182491985,49.09441516711985,high,residential,9.0
2447.769755035115,1591.0503407728247,306454.39542152267,174.77094170889438,51.35295419389345,high,residential,9.0
1604.404310469051,1042.8628018048832,200867.23923485386,114.55458653563717,48.92601772521631,high,residential,9.0
1199.2688992344474,779.5247845023908,150145.34136910897,85.62788818280285,47.25427673225773,high,residential,9.0
2552.9820755940245,1659.438349136116,319626.7038142757,182.28310918528143,51.594768193278426,high,residential,9.0
997.1159801269639,648.1253870825266,124836.32262649806,71.19415479389185,46.194133238668186,high,residential,9.0
1425.500043285873,926.5750281358175,178468.89113647852,101.78080861513371,48.24686136341641,high,residential,9.0
978.0268228650797,635.7174348623018,122446.40987601833,69.83118755229326,46.083133496178206,high,residential,9.0
2664.526804565328,1731.9424229674632,333591.81324053707,190.2474110910783,51.84049090457088,high,residential,9.0
1101.2847254951416,715.835071571842,137877.97812451096,78.63181092440861,46.76475914552346,high,residential,9.0
1520.5459901616566,988.3548936050769,190368.39603360745,108.56709625796633,48.61763567850244,high,residential,9.0
2695.148737565088,1751.8466794173073,337425.59946359845,192.4338193740902,51.90615025063987,high,residential,9.0
1530.372995781046,994.7424472576799,191598.71153190918,109.2687451866478,48.65464125574665,high,residential,9.0
939.5620102483788,610.7153066614462,117630.71556032312,67.08479708405227,45.85273836276676,high,residential,9.0
1666.2261786252238,1083.0470161063956,208607.17604494703,118.96867249843329,49.143216103790266,high,residential,9.0
1039.8212585568613,675.8838180619598,130182.91221304773,74.24331483510113,46.43495791044119,high,residential,9.0
1049.4860330402548,682.1659214761656,131392.9167958322,74.9333804486631,46.48808753211105,high,residential,9.0
905.8324868760337,588.7911164694219,113407.86711975162,64.67650661839436,45.64281606011443,high,residential,9.0
895.498150625801,582.0737979067707,112114.03514836902,63.938634245114855,45.576933306914476,high,residential,9.0
2133.4857614310554,1386.765744930186,267106.8583206681,152.33104130027704,50.56338526698569,high,residential,9.0
1726.8908454343548,1122.4790495323307,216202.23426159436,123.30013419938727,49.34865707181199,high,residential,9.0
1208.0198826024962,785.2129236916226,151240.94168522643,86.25270904308464,47.29603376867629,high,residential,9.0
1106.3115343374361,719.1024973193335,138507.32149371313,78.9907254478646,46.790913255885044,high,residential,9.0
890.3543503555665,578.7303277311182,111470.04475722165,63.57136652504351,45.543857277659264,high,residential,9.0
1065.4613816548242,692.5498980756357,133392.98881700795,76.07402152233963,46.57484528138207,high,residential,9.0
971.9962088003249,631.7975357202112,121691.39270847902,69.40060126164559,46.04761637648053,high,residential,9.0
1089.6911095233477,708.299221190176,136426.48761316817,77.80402588578981,46.70398080064241,high,residential,9.0
1191.9649603242665,774.7772242107733,149230.90724869756,85.10638640393222,47.21919079354991,high,residential,9.0
1086.9613734073696,706.5248927147902,136084.7317640481,77.60912252503664,46.68957648299057,high,residential,9.0
1165.988295844365,757.8923922988373,145978.69654061084,83.25165063711036,47.09264221154876,high,residential,9.0
1094.308915689067,711.3007951978935,137004.62491296048,78.13373758786136,46.72826623867387,high,residential,9.0
966.8872406819345,628.4767064432574,121051.7632119839,69.03582055979442,46.017354594545324,high,residential,9.0
1112.9611345419594,723.4247374522736,139339.83411312115,79.465507394713,46.82532880614652,high,residential,9.0
1316.6833807360845,855.8441974784549,164845.32851794094,94.01129085378173,47.79075113887819,high,residential,9.0
896.024357755098,582.4158325408137,112179.9149098717,63.97620547309984,45.580306255082185,high,residential,9.0
17300.901872334318,11245.586217017308,2166027.835186338,1235.2856744067687,62.59195660640886,high,residential,9.0
1444.1073943864226,938.6698063511747,180798.4830109533,103.10937486114668,48.321356053851105,high,residential,9.0
1259.0988842454558,818.4142747595463,157635.8995994783,89.89975354158247,47.5338941676776,high,residential,9.0
1220.606246823959,793.3940604355735,152816.72169072294,87.1513763802193,47.35556512441968,high,residential,9.0
1036.3216428651942,673.6090678623763,129744.7694470497,73.99344201565245,46.4155979209992,high,residential,9.0
1114.2234413959213,724.2452369073488,139497.87164217044,79.55563619752981,46.831838772078065,high,residential,9.0
1099.0931919104723,714.4105747418071,137603.60382997032,78.47533526423209,46.75331940461594,high,residential,9.0
1125.462356835853,731.5505319433045,140904.95457113182,80.35809559191648,46.889477323904686,high,residential,9.0
2304.617241079574,1498.001206701723,288532.07367247925,164.54984161541492,51.00669963380864,high,residential,9.0
1073.2219616823795,697.5942750935467,134364.59321549055,76.62812751079426,46.616522949595776,high,residential,9.0
1095.922547659937,712.349655978959,137206.64743123393,78.24895103003271,46.736728334135854,high,residential,9.0
1237.151977081022,804.1487851026644,154888.2040073525,88.33274274539313,47.432897228593525,high,residential,9.0
2509.4002047051563,1631.1101330583517,314170.3671359122,179.1713603776107,51.49583321364395,high,residential,9.0
1059.9024094023366,688.9365661115188,132697.0199754546,75.67711049200177,46.544804343295745,high,residential,9.0
1305.9641384207607,848.8766899734945,163503.3073101202,93.24593615896156,47.74379901155328,high,residential,9.0
1616.3837649183934,1050.6494471969556,202367.03571824497,115.4099204701151,48.96875108617077,high,residential,9.0
1623.5352335482885,1055.2979018063875,203262.38095684117,115.92053585968652,48.99411133680711,high,residential,9.0
1202.7300284265602,781.7745184772642,150578.66572564328,85.87501306333436,47.27082847010893,high,residential,9.0
1039.3619109641343,675.5852421266873,130125.4030913144,74.2105173829766,46.43242049893331,high,residential,9.0
1269.8533954334227,825.4047070317248,158982.3363782574,90.66762643652021,47.58274467646067,high,residential,9.0
974.89166720906,633.679583685889,122053.89655684624,69.60733720636941,46.06469648222573,high,residential,9.0
1243.1011610072405,808.0157546547064,155633.0263337214,88.75751491812132,47.460450420528986,high,residential,9.0
2086.685397809816,1356.3455085763806,261247.57473831644,148.98949187326187,50.43594961698318,high,residential,9.0
1235.351232248459,802.9783009614983,154662.75544633632,88.20416943104561,47.424531110494286,high,residential,9.0
1048.2205829803677,681.343378937239,131234.485745591,74.84302722071054,46.481158920694114,high,residential,9.0
1054.0922994444873,685.1599946389167,131969.60934755436,75.26226821091026,46.51323753853581,high,residential,9.0
1681.7214388708353,1093.118935266043,210547.14225324747,120.07503522702704,49.19639308929496,high,residential,9.0
998.6882176295362,649.1473414591985,125033.16266519808,71.30641266796246,46.20318066546968,high,residential,9.0
1946.16800529197,1265.0092034397805,243655.16332720008,138.9565396455022,50.0354171275565,high,residential,9.0
1396.8745748013257,907.9684736208617,174885.05706873385,99.73694804629892,48.130340167672806,high,residential,9.0
1323.0730952712124,859.9975119262881,165645.30412869877,94.46751694459691,47.81855782796022,high,residential,9.0
918.963431913449,597.3262307437418,115051.8272244456,65.61405706610134,45.7254528025855,high,residential,9.0
1170.4611212969153,760.7997288429949,146538.68263287612,83.57101070552926,47.114631656063274,high,residential,9.0
1038.244524998575,674.8589412490737,129985.50927988725,74.1307359423197,46.42624343836507,high,residential,9.0
1959.3505486188833,1273.577856602274,245305.58340329473,139.897774214899,50.07420174969817,high,residential,9.0
893.771101277973,580.9512158306825,111897.81307002074,63.815322793832834,45.56584912182977,high,residential,9.0
1396.1631072182622,907.5060196918705,174795.9831811343,99.68614920820089,48.12741381127363,high,residential,9.0
911.4612882657882,592.4498373727623,114112.57838734398,65.07840345430228,45.67838527144244,high,residential,9.0
1396.9607201162512,908.0244680755633,174895.84223770234,99.74309882816165,48.13069439318626,high,residential,9.0
1807.920396526456,1175.1482577421964,226346.9229277271,129.0856501456828,49.61208833298756,high,residential,9.0
926.9404465689488,602.5112902698168,116050.52867440482,66.18361650301308,45.775080424981105,high,residential,9.0
960.3045245169842,624.1979409360398,120227.62430005736,68.56581413832272,45.97812704550442,high,residential,9.0
910.9875217104842,592.1418891118147,114053.26404906607,65.04457648718238,45.6753999404821,high,residential,9.0
1796.8359322667375,1167.9433559733793,224959.1768840904,128.29421857699677,49.576757080720554,high,residential,9.0
2797.0285927451605,1818.0685852843544,350180.69187399285,199.70804857573813,52.1193541728324,high,residential,9.0
1703.569560544922,1107.3202143541994,213282.47015937726,121.63499273189285,49.27054585929427,high,residential,9.0
1082.2146946075502,703.4395514949076,135490.45994625703,77.2702093073504,46.664442850998796,high,residential,9.0
1591.3119526922726,1034.3527692499772,199228.1101546486,113.61979122119611,48.87894816675909,high,residential,9.0
1266.7118837798032,823.3627244568721,158589.027304747,90.44332227189722,47.568517775129486,high,residential,9.0
2033.9817015783249,1322.0881060259112,254649.2092948846,145.2264440608727,50.288973684014124,high,residential,9.0
1998.5276038947786,1299.042942531606,250210.44864410153,142.6950188617311,50.18794454459534,high,residential,9.0
1205.821233071265,783.7838014963222,150965.67649271747,86.09572530379677,47.285570978459845,high,residential,9.0
8951.192800180253,5818.275320117165,1120666.0153546077,639.1158285567328,58.804382985011074,high,residential,9.0
2776.3545185089583,1804.630437030823,347592.3516479882,198.23191814484767,52.07672439147317,high,residential,9.0
7467.551342063562,4853.908372341315,934917.9705745811,533.1837186186837,57.762828813288245,high,residential,9.0
2293.864305235598,1491.0117984031388,287185.83412266313,163.78208120015478,50.97982860397852,high,residential,9.0
2746.615103917853,1785.2998175466046,343869.0544302005,196.10852174154334,52.01484208764269,high,residential,9.0
2719.3369286548127,1767.5690036256283,340453.89796328126,194.1608580084593,51.95748937276581,high,residential,9.0
1048.0428111639346,681.2278272565576,131212.22917737588,74.83033429985747,46.48018491237686,high,residential,9.0
1246.5948759330745,810.2866693564985,156070.4303392122,89.00696642245272,47.47656995320449,high,residential,9.0
1297.7338885748638,843.5270275736615,162472.9014741529,92.6582957107094,47.70748701421292,high,residential,9.0
3863.207182907073,2511.084668889597,483663.4733273297,275.8332788385761,53.97510232411374,high,residential,9.0
1330.2100881671195,864.6365573086276,166538.83704311762,94.97709876568999,47.84945830782847,high,residential,9.0
5705.9558260401445,3708.871286926094,714370.8019817257,407.4056683701782,56.21648257551573,high,residential,9.0
1030.1920216891713,669.6248140979613,128977.35684715254,73.55578660993109,46.381530734305535,high,residential,9.0
2628.5055323244856,1708.5285960109156,329082.0438130106,187.67548958655996,51.76228187644115,high,residential,9.0
1426.56600669615,927.2679043524976,178602.34697797097,101.85691848153685,48.25115512629237,high,residential,9.0
957.0465797942268,622.0802768662475,119819.73810966889,68.33319664394418,45.95861290354173,high,residential,9.0
2414.497939588201,1569.4236607323307,302288.8508206114,172.3953316229947,51.27431744271064,high,residential,9.0
3128.210505803302,2033.3368287721464,391643.8044612795,223.3544616842677,52.762377141403924,high,residential,9.0
4223.959309714586,2745.573551314481,528828.6996278887,301.59100739778495,54.4881444823089,high,residential,9.0
4654.849475503406,3025.652159077214,582775.0256572332,332.35659713232013,55.046376784109306,high,residential,9.0
3433.3770628721018,2231.6950908668664,429849.86226431216,245.14337644933724,53.297272268321635,high,residential,9.0
1449.5056868409115,942.1786964465925,181474.3351604645,103.49481334201292,48.34278871711399,high,residential,9.0
1276.3868996182766,829.6514847518798,159800.3140785026,91.13411911897003,47.6122205378025,high,residential,9.0
2539.948615128,1650.9665998332,317994.94852391403,181.35251914318818,51.56535906414157,high,residential,9.0
1369.9089080868057,890.4407902564237,171509.02585781715,97.81159744671314,48.01837171999806,high,residential,9.0
2181.8244916601443,1418.185919579094,273158.74139395467,155.78243021697236,50.692109373550466,high,residential,9.0
1973.039309893892,1282.47555143103,247019.38064748945,140.87515278326325,50.11420067001633,high,residential,9.0
1399.8690673028618,909.9148937468602,175259.95972747655,99.95075503257988,48.14264059031756,high,residential,9.0
972.1712868242873,631.9113364357868,121713.31202089583,69.41310184551689,46.048650592311006,high,residential,9.0
1118.6293927608776,727.1091052945704,140049.48527291612,79.87022145114408,46.8545035302756,high,residential,9.0
888.5569714398721,577.5620314359169,111245.0176002272,63.44303353740958,45.53225462599677,high,residential,9.0
1976.0036350504322,1284.402362782781,247390.5064332426,141.08680581887825,50.12282596445701,high,residential,9.0
1434.1738327587727,932.2129912932023,179554.82697805972,102.40011782558747,48.28170711422039,high,residential,9.0
900.7058220051315,585.4587843033355,112766.02203595264,64.3104623671038,45.61022727745573,high,residential,9.0
969.4443711305228,630.1388412348398,121371.90928128803,69.21839986311856,46.03252107519572,high,residential,9.0
1120.3858929777416,728.2508304355321,140269.3945233305,79.99563569665538,46.86351432790998,high,residential,9.0
1425.5885368261286,926.6325489369837,178479.97029713975,101.7871270604588,48.24721794267114,high,residential,9.0
910.985930552855,592.1408548593558,114053.0648402768,65.04446287840986,45.675389911555555,high,residential,9.0
908.9050284171469,590.7882684711456,113792.54131488474,64.89588631187877,45.66225917093301,high,residential,9.0
940.733822771689,611.4769848015978,117777.42343496685,67.16846458496161,45.859895347138206,high,residential,9.0
927.8674675970403,603.1138539380762,116166.58929167589,66.24980587304276,45.78082003521982,high,residential,9.0
892.7469530853579,580.2855195054826,111769.59238482584,63.74219853706618,45.55926603959374,high,residential,9.0
2280.6915449497837,1482.4495042173594,285536.6388578234,162.8415451406167,50.94673843538351,high,residential,9.0
897.9865436564021,583.6912533766614,112425.57547204339,64.11630569170634,45.59286629772182,high,residential,9.0
1194.542276364425,776.4524796368763,149553.58050147071,85.29040695998876,47.231595915620915,high,residential,9.0
1762.1359358870814,1145.3883583266029,220614.82775166805,125.8166362667763,49.46472706624838,high,residential,9.0
1509.3411487286062,981.071746673594,188965.57908152437,107.76706975019334,48.57514883961344,high,residential,9.0
1850.3229769599047,1202.7099350239382,231655.61551383135,132.11319752753803,49.74527523317314,high,residential,9.0
1493.1019255483438,970.5162516064236,186932.47065227546,106.6075880129927,48.51300969672679,high,residential,9.0
986.8562704774397,641.4565758103358,123551.83371107711,70.46161076542728,46.134741571481676,high,residential,9.0
1998.6671691307579,1299.1336599349927,250227.92184799502,142.70498382991155,50.18834574785861,high,residential,9.0
1064.8692894706003,692.1650381558902,133318.86041829851,76.03174609655565,46.57165304866613,high,residential,9.0
1461.49781857624,949.973582074556,182975.7188070292,104.35105243564875,48.39011665641883,high,residential,9.0
7523.006119298677,4889.95397754414,941860.7641914499,537.1431938183839,57.80535191959042,high,residential,9.0
4458.197076907155,2897.828099989651,558154.6577504723,318.3156013150944,54.79831063151117,high,residential,9.0
7985.92773700905,5190.853029055883,999817.3445402215,570.1958315912883,58.14856060424328,high,residential,9.0
1985.991502934693,1290.8944769075506,248640.96146796356,141.79994032517962,50.15179275329732,high,residential,9.0
1387.5826121207258,901.9286978784718,173721.72755226074,99.07350122305431,48.09200331547116,high,residential,9.0
1122.1576830808517,729.4024940025537,140491.21802766362,80.12214164117657,46.87258927452428,high,residential,9.0
955.3877858048494,621.0020607731522,119612.06142435246,68.21475863030821,45.94865169944276,high,residential,9.0
986.104811151825,640.9681272486862,123457.75296151254,70.4079565139506,46.13036729010202,high,residential,9.0
2548.760687480506,1656.694446862329,319098.1970217121,181.9817017614824,51.58525937903718,high,residential,9.0
3408.0926591832545,2215.2602284691156,426684.3208035108,243.33806815424222,53.2547968074156,high,residential,9.0
1678.0419161735063,1090.727245512779,210086.47559890623,119.81231703405622,49.18381008689831,high,residential,9.0
1613.886653849761,1049.0263250023447,202054.40391892483,115.23162655496283,48.959869510568886,high,residential,9.0
1230.8609716607762,800.0596315795045,154100.58652058142,87.88356449268758,47.40361652374125,high,residential,9.0
1700.72257207216,1105.469671846904,212926.03462070064,121.43171754418557,49.2609371804742,high,residential,9.0
1205.3266830523073,783.4623439839997,150903.76011894352,86.06041439583349,47.28321492009756,high,residential,9.0
1500.0208242044396,975.0135357328858,187798.6987361363,107.10159788921855,48.53956693282282,high,residential,9.0
2557.0547585032327,1662.0855930271014,320136.593102726,182.57389904648466,51.60392715985337,high,residential,9.0
1608.1748748907366,1045.313668678979,201339.30407586624,114.82380511446652,48.93950245333857,high,residential,9.0
13891.521576114123,9029.48902447418,1739182.3055808693,991.8556688727698,61.33042969819218,high,residential,9.0
63760.49214563024,41444.31989465966,7982647.482294573,4552.503859152595,70.08948721060995,high,residential,9.0
4460.268823928891,2899.174735553779,558414.0350794495,318.4635242058101,54.800980617313876,high,residential,9.0
3000.017282083241,1950.0112333541067,375594.34687179164,214.2014560209828,52.52193447668181,high,residential,9.0
945.3600953752912,614.4840619939392,118356.62071072194,67.49878079132472,45.88806414117455,high,residential,9.0
1024.2630599136533,665.7709889438746,128235.06628136046,73.13245830025987,46.348385554108965,high,residential,9.0
1559.3029361965741,1013.5469085277732,195220.66469208052,111.33434507389352,48.762219885602356,high,residential,9.0
1114.6820233177245,724.543315156521,139555.28490389916,79.5883789806937,46.834201945139284,high,residential,9.0
1991.0392057340575,1294.1754837271374,249272.92070614957,142.16034667871713,50.16637674729871,high,residential,9.0
1721.692821521683,1119.100333989094,215551.45521169898,122.92899490723192,49.33133875030779,high,residential,9.0
978.2161715242631,635.8405114907711,122470.11583478123,69.84470706057573,46.08424511377364,high,residential,9.0
1132.7115802181174,736.2625271417763,141812.5384500149,80.8756906780435,46.926350527192476,high,residential,9.0
1167.5650025336988,758.9172516469042,146176.0961098485,83.36422761144661,47.10040326996134,high,residential,9.0
1979.866183756407,1286.9130194416646,247874.08746697378,141.36259208241515,50.134045434926435,high,residential,9.0
957.4796313719197,622.3617603917478,119873.95503883684,68.36411655864865,45.961210577423834,high,residential,9.0
2639.1416720557254,1715.4420868362215,330413.66079383617,188.43491075072478,51.785485875633675,high,residential,9.0
919.8047323725087,597.8730760421307,115157.15584982744,65.67412598115659,45.730707065736894,high,residential,9.0
987.9339547995598,642.1570706197139,123686.75698019225,70.53855750580365,46.141009020089605,high,residential,9.0
2262.0813837723467,1470.3528994520254,283206.69516904425,161.51277825490595,50.899662372859275,high,residential,9.0
1574.892285564254,1023.6799856167652,197172.41061330537,112.44742577276806,48.81936620138023,high,residential,9.0
2668.4093246987813,1734.466061054208,334077.89464495104,190.52462331601558,51.84885741443335,high,residential,9.0
1015.7709789822751,660.2511363384789,127171.87987571802,72.526123093122,46.30057614133515,high,residential,9.0
963.1154445763403,626.0250389746212,120579.54416735543,68.76651403864281,45.994910567037046,high,residential,9.0
1019.4779517274428,662.6606686228379,127635.98320452483,72.79080122154052,46.32149488182457,high,residential,9.0
892.1619920530192,579.9052948344624,111696.3567877515,63.700432276054684,45.555502605739726,high,residential,9.0
1142.9380867228185,742.909756369832,143092.8704182181,81.6058639995098,46.9779687504021,high,residential,9.0
1084.591199145619,704.9842794446523,135787.992122203,77.43989190729238,46.677040163281454,high,residential,9.0
1066.0599398541397,692.9389609051908,133467.92674395902,76.11675862207983,46.57807057432897,high,residential,9.0
1021.3584492061792,663.8829919840165,127871.41658903839,72.92506888072859,46.33207764430154,high,residential,9.0
935.5645695306569,608.1169701949269,117130.24639819586,66.79937952089111,45.828256250361434,high,residential,9.0
2781.0279960459193,1807.6681974298476,348177.4588584027,198.56560478694706,52.086388759583116,high,residential,9.0
2258.7988642113673,1468.219261737389,282795.7322729426,161.2784061152592,50.89131879989034,high,residential,9.0
1602.1238794594587,1041.3805216486483,200581.73521434393,114.39176359274035,48.91784680612231,high,residential,9.0
2486.177630315919,1616.0154597053474,311262.96133111947,177.51326684713746,51.44241200860571,high,residential,9.0
3472.761362552976,2257.2948856594344,434780.6739646264,247.95541836202645,53.36281530515598,high,residential,9.0
3672.4592612203846,2387.09851979325,459782.3305449411,262.21386310977994,53.68411411610599,high,residential,9.0
5963.029391200711,3875.969104280462,746555.7425089473,425.76073995285265,56.46975033667368,high,residential,9.0
959.1908278256201,623.4740380866531,120088.19237614666,68.48629611211643,45.97146377570835,high,residential,9.0
7303.144827282688,4747.044137733747,914334.7033016306,521.4450812929199,57.63487979834767,high,residential,9.0
3961.62567773573,2575.0566905282244,495985.2124406475,282.8603666549012,54.11967070234085,high,residential,9.0
2541.715070231198,1652.1147956502787,318216.10410015896,181.47864416832067,51.56935377700502,high,residential,9.0
2295.137250386442,1491.8392127511872,287345.20353876293,163.8729695781565,50.98301619078585,high,residential,9.0
1160.6179571596988,754.4016721538043,145306.34413024512,82.8682080574788,47.06612876753925,high,residential,9.0
1833.7753243648874,1191.953960837177,229583.89252549876,130.93169390729196,49.69366543535049,high,residential,9.0
1639.467651562235,1065.653973515453,205257.07817867896,117.05811168530062,49.050211138832154,high,residential,9.0
1065.343838603214,692.4734950920891,133378.27273321652,76.06562893975338,46.57421169545051,high,residential,9.0
1405.2409570445036,913.4066220789274,175932.5063261342,100.33430835779433,48.164640856921665,high,residential,9.0
1163.8506394306182,756.5029156299018,145711.0675274873,83.099021810926,47.08210321571578,high,residential,9.0
1604.4619816563513,1042.9002880766284,200874.4595172358,114.55870426267958,48.9262242139829,high,residential,9.0
1637.5750822200046,1064.423803443003,205020.13342831034,116.92298209416539,49.04357577821492,high,residential,9.0
886.5639392891527,576.2665605379493,110995.49516800173,63.30073089431139,45.51936152846102,high,residential,9.0
1857.8088831090186,1207.5757740208621,232592.8314584233,132.6476917807388,49.768471354997374,high,residential,9.0
2630.3210897751806,1709.7087083538675,329309.3468752211,187.8051205229386,51.76624936590933,high,residential,9.0
2086.9940843061604,1356.5461547990044,261286.22148334526,149.01153211195182,50.43679948255284,high,residential,9.0
1156.0833311617023,751.4541652551065,144738.62077071748,82.54443542554019,47.04364562662459,high,residential,9.0
981.7845654992357,638.1599675745032,122916.86946264045,70.09949065454386,46.105154142948244,high,residential,9.0
1343.541104292368,873.3017177900391,168207.84552670314,95.9289343038788,47.9067353889575,high,residential,9.0
3510.1031803069686,2281.56706719953,439455.77224958595,250.62162691393888,53.4242765514942,high,residential,9.0
2324.279204536645,1510.7814829488193,290993.7002660926,165.95370726175264,51.05551136188756,high,residential,9.0
3010.0122254286475,1956.507946528621,376845.68773581216,214.91509571573368,52.5410470600097,high,residential,9.0
3099.827304688318,2014.8877480474066,388090.3016369523,221.3278990235539,52.71000100543832,high,residential,9.0
1191.4752746465176,774.4589285202364,149169.5998777684,85.07142281029132,47.216830811898205,high,residential,9.0
948.4712594113605,616.5063186173843,118746.13034158881,67.7209181338081,45.90693029436568,high,residential,9.0
1127.9272336785102,733.1527018910317,141213.55072934943,80.53408798094799,46.90204148755187,high,residential,9.0
1154.2628704460662,750.2708657899431,144510.70383251226,82.41445439568174,47.03459479880332,high,residential,9.0
2267.444487694902,1473.8389170016862,283878.14180604456,161.89570427198723,50.9132684118118,high,residential,9.0
3770.1026954831095,2450.5667520640213,472007.034094902,269.1856115443226,53.83490967859721,high,residential,9.0
1750.6756860783712,1137.9391959509412,219180.03433644443,124.99837358207427,49.42724242763515,high,residential,9.0
1657.2734834356027,1077.2277642331417,207486.32193434902,118.32944939915924,49.11226631439707,high,residential,9.0
1106.3042904882327,719.0977888173513,138506.41458266746,78.99020823649526,46.79087565216935,high,residential,9.0
1446.0283074776357,939.9183998604633,181038.97632484205,103.24652819805742,48.32899175411564,high,residential,9.0
3085.852524770839,2005.8041411010454,386340.6956039705,220.33009870294438,52.68403664435358,high,residential,9.0
2572.1066402979677,1671.869316193679,322021.0494842436,183.64860452086415,51.63765093056198,high,residential,9.0
2054.73010911301,1335.5745709234563,257246.85585617647,146.70788189477744,50.34728453342206,high,residential,9.0
1345.4159327975647,874.520356318417,168442.56917050062,96.0627971979365,47.914745058760175,high,residential,9.0
1498.3536714398701,973.9298864359156,187589.97555394543,106.9825630584151,48.53317900890383,high,residential,9.0
1657.7361888573437,1077.5285227572733,207544.25144752572,118.36248660052394,49.11386999402323,high,residential,9.0
4228.391328058304,2748.4543632378977,529383.5767764553,301.90745383561244,54.494171203376006,high,residential,9.0
2157.1902390735104,1402.1736553977819,270074.59715711663,154.0235427587036,50.62686958406522,high,residential,9.0
1222.2530555893554,794.4644861330811,153022.8978572257,87.26895864797584,47.36330883517705,high,residential,9.0
1185.885754206895,770.8257402344817,148469.8064827821,84.67233063713064,47.189823910306835,high,residential,9.0
3253.877833703985,2115.02059190759,407377.02647565544,232.32711819906632,52.98870569805714,high,residential,9.0
3819.9566755679057,2482.9718391191386,478248.6225019879,272.7451894128837,53.910402601597454,high,residential,9.0
1907.7747572072783,1240.0535921847309,238848.42870444385,136.21525889014433,49.92094536030902,high,residential,9.0
1698.4804967092139,1104.0123228609891,212645.33262721138,121.27163319729866,49.25335878149822,high,residential,9.0
1453.0597745913396,944.4888534843708,181919.2976862871,103.74857547048954,48.35685589413942,high,residential,9.0
1028.6741909241248,668.6382241006811,128787.32839022855,73.44741338094734,46.373063659646505,high,residential,9.0
1146.7376876137823,745.3794969489585,143568.5705495267,81.87715578439507,46.99702971889662,high,residential,9.0
10542.894255049598,6852.881265782239,1319942.8901669388,752.7634302622052,59.745062388141676,high,residential,9.0
3596.3937620572465,2337.65594533721,450259.12824598077,256.78278083868287,53.56383839835577,high,residential,9.0
1656.9993384484842,1077.0495699915148,207451.99969627394,118.30987542678503,49.111315950747226,high,residential,9.0
6187.785262952029,4022.060420918819,774694.592028313,441.80832583374695,63.46313020372123,high,residential,24.0
994.151896172262,646.1987325119703,124465.22703858654,70.98251898010591,46.88235262620224,high,residential,10.0
1513.0796993968645,983.501804607962,189433.6358840227,108.03400254465814,49.29467473114775,high,residential,10.0
3640.7028790823515,2366.4568714035286,455806.5142456887,259.94645507431625,54.33952119673372,high,residential,10.0
5597.619189222376,3638.4524729945447,700807.3373340821,399.67042448162704,56.811629514150596,high,residential,10.0
1847.8309247118725,1201.0901010627172,231343.617065669,131.93526481255103,49.73753244854069,high,residential,9.0
3866.441229516864,2513.1867991859617,484068.3675362438,276.06419000591984,54.68522610335085,high,residential,10.0
2291.2492633873744,1489.3120212017934,286858.43769701855,163.5953670186097,50.97327471687259,high,residential,9.0
1836.1647652331785,1193.5070974015662,229883.04429628165,131.10230016216946,50.40646145998563,high,residential,10.0
1375.7448884395762,894.2341774857246,172239.67539175364,98.2282868759171,48.7481048496162,high,residential,10.0
1898.222568545574,1233.8446695546231,237652.5195731813,135.5332319125853,49.89210724153838,high,residential,9.0
3384.7851763227354,2200.110364609778,423766.28467935114,241.67391215263396,53.21536241241158,high,residential,9.0
3742.040220475363,2432.326143308986,468493.685343517,267.18194875140773,53.791974991885404,high,residential,9.0
2896.99017044457,1883.0436107889707,362695.62094207207,206.8453126232637,52.321128561414575,high,residential,9.0
2342.9769801005755,1522.9350370653742,293334.6130477727,167.2887298211448,51.101548076164896,high,residential,9.0
1341.4940776424214,871.9711504675739,167951.5631238625,95.78277644953879,47.89797728720721,high,residential,9.0
9209.438713611604,5986.135163847543,1152997.7308306606,657.5546058927257,58.967855112036084,high,residential,9.0
1787.7682697934042,1162.0493753657129,223823.92916913048,127.64678680515512,49.54769193017218,high,residential,9.0
1451.4356691003482,943.4331849152263,181715.9639105842,103.63261421820617,48.350431911007554,high,residential,9.0
1590.5487771525504,1033.8567051491577,199132.56256560553,113.56530043116484,48.876192478112266,high,residential,9.0
1327.6695313591476,862.985195383446,166220.76595043438,94.79570282153273,47.83847768892374,high,residential,9.0
998.5499795270947,649.0574866926116,125015.85561496562,71.2965424572149,46.20238574627818,high,residential,9.0
2235.717380046841,1453.2162970304466,279905.990596659,159.63038643727464,50.83230533187739,high,residential,9.0
958.6340235113827,623.1121152823988,120018.48192681345,68.44654024286172,45.96812950579836,high,residential,9.0
1420.8802743110373,923.5721783021743,177890.50809809915,101.45095676834595,48.22821550332786,high,residential,9.0
1036.477529962338,673.7103944755197,129764.28610543266,74.00457236592825,46.416461682539925,high,residential,9.0
1051.2495476693068,683.3122059850494,131613.7042323758,75.05929552372392,46.49772924652182,high,residential,9.0
1274.074739907967,828.1485809401785,159510.83770733513,90.96903074449322,47.601806515996984,high,residential,9.0
951.6138346935838,618.5489925508296,119139.57257862901,67.94529824159213,45.925924271101486,high,residential,9.0
1432.488419052941,931.1174723844117,179343.81757360356,102.27977916222612,48.2749527121231,high,residential,9.0
12072.307295112198,7846.999741822929,1511421.417744159,861.9636345394939,60.523652635107695,high,residential,9.0
2738.0504415965115,1779.7327870377326,342796.78102365264,195.4970042177891,51.99689632709703,high,residential,9.0
7093.342944244657,4610.672913759027,888068.0542050556,506.4652113131432,57.467353498131565,high,residential,9.0
1849.959254296772,1202.473515292902,231610.07838412287,132.0872277024653,49.744145799843906,high,residential,9.0
2216.2671011912507,1440.573615774313,277470.86636358575,158.24163508715299,50.78210117802501,high,residential,9.0
10296.28327838261,6692.584130948697,1289067.8384577928,735.1553882724793,59.60902127422935,high,residential,9.0
3821.86914918344,2484.2149469692363,478488.05921551166,272.8817401706063,53.91327896952392,high,residential,9.0
2335.5357441163374,1518.0982336756194,292402.98969143064,166.7574250210229,51.08327078746855,high,residential,9.0
1218.609832822909,792.0963913348909,152566.7758596478,87.00883227275715,47.34616347093553,high,residential,9.0
1197.1018152641577,778.1161799217025,149874.0281025827,85.47315822690291,47.24388903452336,high,residential,9.0
1346.0818726850534,874.9532172452848,168525.94310924123,96.11034535520028,47.91758741278436,high,residential,9.0
1075.5435831907364,699.1033290739787,134655.25417911983,76.79389145835204,46.62893256366007,high,residential,9.0
6471.136981635636,4206.239038063164,810169.4889062624,462.03965952324154,56.93972100190662,high,residential,9.0
1480.1656550597004,962.1076757888053,185312.88329384368,105.68393734247906,48.46302402266942,high,residential,9.0
2095.743229684437,1362.2330992948841,262381.59168793226,149.63622173962776,50.46083524055405,high,residential,9.0
2466.67460644765,1603.3384941909726,308821.2335598913,176.12074949920603,51.39716048085508,high,residential,9.0
20288.799868650905,13187.719914623089,2540104.8790581557,1448.6218125268663,63.50765111423136,high,residential,9.0
1329.886899763333,864.4264848461665,166498.3746970633,94.9540230897352,47.84806260918559,high,residential,9.0
1110.3802097674895,721.7471363488683,139016.70905621513,79.28122917475949,46.81199547507344,high,residential,9.0
931.604306293535,605.5427990907978,116634.4317597701,66.51661643259689,45.803898570295054,high,residential,9.0
3124.4079960163594,2030.8651974106338,391167.74014377384,223.08296220399424,52.755387911485194,high,residential,9.0
1050.3995593943032,682.759713606297,131507.28791507482,74.99860629796717,46.49308410000764,high,residential,9.0
1021.1601699827548,663.7541104887906,127846.59254690197,72.9109117294982,46.33096271867152,high,residential,9.0
895.9813270375683,582.3878625744195,112174.52757615782,63.973133076682814,45.58003050571045,high,residential,9.0
4077.92208196306,2650.649353275989,510545.21922799834,291.1639385257275,54.28594176784078,high,residential,9.0
1420.4665014928594,923.3032259703587,177838.70481938974,101.42141335849797,48.226542518935986,high,residential,9.0
1531.066279583941,995.1930817295616,191685.50885761133,109.31824570149574,48.65724298166768,high,residential,9.0
1348.643721206652,876.6184187843238,168846.67986899285,96.29326152928662,47.92850876916852,high,residential,9.0
2379.6139819157656,1546.7490882452478,297921.47021366254,169.90461446285175,51.19069865658603,high,residential,9.0
2357.9298135219174,1532.6543787892463,295206.66883102193,168.3563632343318,51.138100682192565,high,residential,9.0
992.633888610401,645.2120275967607,124275.17644716206,70.87413312781653,46.168262643846994,high,residential,9.0
1232.9012095843786,801.3857862298462,154356.01899257253,88.02923763146411,47.41312891020485,high,residential,9.0
1207.5050748937952,784.8782986809669,151176.48910148002,86.21595173457406,47.293585642259664,high,residential,9.0
1314.441840444147,854.3871962886956,164564.69351394777,93.85124471100441,47.7809644698747,high,residential,9.0
3153.904225879702,2050.0377468218066,394860.5912672878,225.18899519973422,52.809382250110524,high,residential,9.0
1055.7238589310439,686.2205083051786,132173.87634407988,75.37876167902876,46.52211945428218,high,residential,9.0
2498.9544217132952,1624.320374113642,312862.58232286334,178.42553069872898,51.47186515154557,high,residential,9.0
2783.063472572648,1808.9912571722214,348432.29521591146,198.7109379616343,52.09059288378055,high,residential,9.0
895.2466447385373,581.9103190800492,112082.54726660735,63.920676706146175,45.575320473745144,high,residential,9.0
1020.8315634333051,663.5405162316483,127805.45186312811,72.88744919754197,46.32911448515212,high,residential,9.0
948.0965080392892,616.262730225538,118699.21244625766,67.69416085810074,45.90466107285208,high,residential,9.0
932.1411574458937,605.8917523398309,116701.64412522606,66.55494764461642,45.807206538036624,high,residential,9.0
985.7761605974553,640.7545043883459,123416.60676843734,70.38449084003982,46.12845315242744,high,residential,9.0
1191.2478048458922,774.31107314983,149141.12125142541,85.05518144968792,47.21573421868951,high,residential,9.0
1109.6778378654506,721.2905946125429,138928.77392418007,79.2310797689599,46.80836158736845,high,residential,9.0
1232.8654599527868,801.3625489693114,154351.54323184647,88.02668510512204,47.412962366878325,high,residential,9.0
1284.3171606429664,834.8061544179282,160793.16209570563,91.70034034318093,47.64779596878871,high,residential,9.0
1010.0270172679258,656.5175612241518,126452.75083554811,72.11600380151309,46.268011389944355,high,residential,9.0
1031.0022338429499,670.1514519979174,129078.79329771682,73.61363581768792,46.38604532533727,high,residential,9.0
938.9878601250041,610.3421090812527,117558.83346088218,67.0438027227411,45.84922841721502,high,residential,9.0
979.0916187834438,636.4095522092384,122579.71955056523,69.90721405968735,46.08938184816009,high,residential,9.0
899.4127788989322,584.618306284306,112604.13640820963,64.21813899360195,45.60197850227946,high,residential,9.0
1026.7961700512285,667.4175105332986,128552.20507031314,73.31332255159958,46.362570006471046,high,residential,9.0
1504.9298090324655,978.2043758711026,188413.29084575427,107.45209976933367,48.55833525872227,high,residential,9.0
6420.6620105691045,4173.430306869918,803850.1540463171,458.4357428526147,56.894716375574696,high,residential,9.0
3623.401409477661,2355.21091616048,453640.41533189075,258.7111288637773,53.606831954830916,high,residential,9.0
2500.463135198264,1625.3010378788715,313051.46932007757,178.53325295324024,51.47533310635399,high,residential,9.0
1151.2077753245856,748.2850539609807,144128.21388365873,82.19632037785057,47.01937361031192,high,residential,9.0
930.6324662960562,604.9111030924365,116512.75992431206,66.44722698483517,45.79790544307771,high,residential,9.0
1410.394706100096,916.7565589650625,176577.74227928583,100.7022864218767,48.18566889116037,high,residential,9.0
962.4329517954673,625.5814186670538,120494.09784949332,68.71778400356605,45.990840022155645,high,residential,9.0
997.1665982750308,648.15828887877,124842.65988674539,71.1977689334109,46.19442474231599,high,residential,9.0
9029.131023053436,5868.935164984734,1130423.6777824967,644.6806234393579,58.85421026299207,high,residential,9.0
1721.070613381918,1118.6958986982468,215473.5563738259,122.88456919999292,49.32926223063997,high,residential,9.0
1513.447684671336,983.7409950363684,189479.7066815641,108.060276720496,48.590756600127946,high,residential,9.0
942.5878269215489,612.6820874990068,118009.53992373608,67.30084061850668,45.87120072664733,high,residential,9.0
2741.782251754933,1782.1584636407065,343263.9939318825,195.7634557393526,52.00472257483927,high,residential,9.0
8004.473755586083,5202.907941130954,1002139.2577425601,571.520018690582,58.16189265502925,high,residential,9.0
14994.425005651217,9746.376253673292,1877262.9412337379,1070.6030553856008,61.76955829249171,high,residential,9.0
2097.233292606463,1363.2016401942008,262568.1436832619,149.74261234256426,50.46491876208925,high,residential,9.0
1978.0370099620677,1285.724056475344,247645.07967401773,141.23198893809231,50.12873499877968,high,residential,9.0
1139.425505246013,740.6265784099085,142653.10436970435,81.35506542204239,46.96029123282312,high,residential,9.0
1113.8377143161874,723.9945143055219,139449.57961683825,79.52809525548285,46.82985028341572,high,residential,9.0
2823.505230115367,1835.2783995749885,353495.4978852163,201.59848244393888,52.1734911146956,high,residential,9.0
973.7650356665692,632.94727318327,121912.84522327753,69.52689563083517,46.0580565924733,high,residential,9.0
2833.809194517744,1841.9759764365335,354785.5273803843,202.33418626503317,52.194422634579006,high,residential,9.0
1542.6495860547116,1002.7222309355626,193135.7086462885,110.14529464097834,48.70053901865045,high,residential,9.0
3951.1323059483075,2568.2359988663998,494671.4696343918,282.11113913249363,54.10442886109499,high,residential,9.0
1700.7883766293496,1105.5124448090774,212934.27317980045,121.43641599444021,49.261159454429425,high,residential,9.0
1921.7200760818023,1249.1180494531716,240594.3462916114,137.210955690106,49.96278827040639,high,residential,9.0
1150.951035458454,748.1181730479951,144096.07072138047,82.17798913240328,47.01809263528876,high,residential,9.0
1806.8863729483094,1174.4761424164012,226217.46586999498,129.01182078565813,49.60880159635536,high,residential,9.0
905.0537543277771,588.2849403130551,113310.37183377543,64.62090505680213,45.63787775909453,high,residential,9.0
1145.4871086806374,744.5666206424144,143412.00132560544,81.78786435599278,46.990763076095995,high,residential,9.0
1519.8554506982878,987.9060429538871,190281.9422920633,108.5177916891637,48.61502633201973,high,residential,9.0
990.4137577684364,643.7689425494837,123997.22185052099,70.71561562135211,46.15540481696207,high,residential,9.0
1378.5348300405494,896.0476395263571,172588.96881072363,98.42748891275569,48.054426590588996,high,residential,9.0
1153.644313889998,749.8688040284987,144433.26216340347,82.37028941178902,47.03151625984691,high,residential,9.0
2737.628386171657,1779.4584510115772,342743.94078416843,195.46686942921127,51.99601053320466,high,residential,9.0
1331.8782983041401,865.7208938976911,166747.69260558428,95.09620909296473,47.856657138226105,high,residential,9.0
38915.883274418586,25295.32412837208,4872167.186731747,2778.5969465931157,67.25149241902785,high,residential,9.0
3740.4256261166515,2431.2766569758237,468291.54233679344,267.0666665946733,53.789494930759105,high,residential,9.0
8359.74174478543,5433.832134110529,1046617.8843040456,596.8861794185973,58.41148760826837,high,residential,9.0
2453.0344502799367,1594.4723926819588,307113.5215484844,175.14684133910066,51.365299123331866,high,residential,9.0
932.7669780663913,606.2985357431544,116779.99523627415,66.59963128324715,45.81106031605621,high,residential,9.0
891.6167475136135,579.5508858838488,111628.09359210709,63.66150177557868,45.551992473739496,high,residential,9.0
2470.4621619134186,1605.8004052437223,309295.425635351,176.39118123984065,51.40597640394671,high,residential,9.0
1609.469581220849,1046.1552277935518,201501.39793490944,114.91624724227886,48.9441254452958,high,residential,9.0
1154.5718787511476,750.471721188246,144549.3908671564,82.43651761153932,47.03613210728535,high,residential,9.0
1096.7690418924647,712.8998772301021,137312.62630352104,78.30939078089806,46.741162483151996,high,residential,9.0
1457.0273029261052,947.0677469019685,182416.02189600788,104.0318572872933,48.37251892151887,high,residential,9.0
1975.0065928344713,1283.7542853424063,247265.6793456975,141.0156169308513,50.11992631581204,high,residential,9.0
5273.454686603019,3427.7455462919625,660222.7862491666,376.52505499789976,55.76346652138726,high,residential,9.0
2422.7830835724917,1574.8090043221196,303326.1292596734,172.98689151679176,51.29399990373953,high,residential,9.0
1240.160784177955,806.1045097156708,155264.89881614072,88.54757179484506,47.44684879596853,high,residential,9.0
3663.935951430781,2381.5583684300077,458715.23436761874,261.60529815985296,53.67076147640988,high,residential,9.0
2895.2208777333485,1881.8935705266765,362474.11010469624,206.71898499270827,52.31761809234783,high,residential,9.0
1272.3976201608948,827.0584531045816,159300.86668490496,90.8492842704013,47.594240905719516,high,residential,9.0
7630.5709552847275,4959.871120935073,955327.6013859669,544.823331070417,57.886947172463465,high,residential,9.0
1277.2920321825418,830.2398209186522,159913.6343171352,91.19874565106221,47.61629214312865,high,residential,9.0
1103.0189579949492,716.962322696717,138095.0995147707,78.75563525327374,46.773795679349426,high,residential,9.0
538.0763120133674,349.74960280868885,67365.75225243502,38.418688509563694,48.05620106896959,high,commercial,10.5
1744.9133504282956,1134.1936777783922,218458.60492739675,124.58694239009438,49.40830199371343,high,residential,9.0
1499.9235265691202,974.9502922699281,187786.517325713,107.09465083085414,48.53919431861807,high,residential,9.0
1253.3745446508735,814.6934540230678,156919.22719757582,89.49103527077749,47.50772205096522,high,residential,9.0
913.1990898606487,593.5794084094216,114330.14661900466,65.20248261681836,45.68932237369304,high,residential,9.0
1692.1661469009182,1099.9079954855968,211854.79248388257,120.82078815355824,49.23196191046741,high,residential,9.0
2413.894347488911,1569.0313258677922,302213.28266249987,172.3522351024237,51.27288089218629,high,residential,9.0
1309.966396166653,851.4781575083246,164004.37955162313,93.53169765829068,47.76137448496893,high,residential,9.0
1071.4897654383856,696.4683475349507,134147.72675915304,76.50444857074498,46.60724646951102,high,residential,9.0
1000.0472439124617,650.0307085431001,125203.30921474146,71.40344724516706,46.210989712014765,high,residential,9.0
1455.6151591802939,946.1498534671911,182239.22517851403,103.93103011930656,48.36694894439167,high,residential,9.0
1906.6924342795119,1239.3500822816827,238712.92469398814,136.13798095298145,49.9176850788407,high,residential,9.0
1683.2839571916152,1094.13457217455,210742.76547571138,120.18659915079822,49.201728171253116,high,residential,9.0
1159.4358510853087,753.6333032054507,145158.34752982706,82.78380559626038,47.06027623326502,high,residential,9.0
1962.0217197050017,1275.3141178082512,245640.00706327334,140.0884960281848,50.08202887006754,high,residential,9.0
1032.1405917197953,670.891384617867,129221.3127377926,73.69491465436312,46.39238239566058,high,residential,9.0
1339.2235990852757,870.4953394054293,167667.30512446677,95.6206641124834,47.88824752343974,high,residential,9.0
1112.7732001603579,723.3025801042327,139316.30521822648,79.45208886595456,46.824358960545325,high,residential,9.0
1000.6556908508699,650.4261990530654,125279.4851860608,71.44689040161047,46.214482449520666,high,residential,9.0
934.0015337488329,607.1009969367415,116934.55839095757,66.6877786503631,45.818655092535096,high,residential,9.0
1048.9818973271515,681.8382332626485,131329.8003181277,74.89738512142823,46.485328281320065,high,residential,9.0
1494.323174508972,971.3100634308319,187085.3678400598,106.6947852791861,48.51770621820838,high,residential,9.0
915.6441942816166,595.1687262830508,114636.26732154578,65.37706325347756,45.70467583349561,high,residential,9.0
1073.6509974533492,697.873148344677,134418.30737612036,76.65876069660145,46.618818265820295,high,residential,9.0
2138.5896801091435,1390.0832920709433,267745.85564039426,152.69546147171684,50.577113717651365,high,residential,9.0
1180.8337046211611,767.5419080037548,147837.3030382686,84.31161392272459,47.16530425313054,high,residential,9.0
2677.460936682919,1740.3496088438974,335211.1328804849,191.17090908174058,51.8683157298599,high,residential,9.0
899.9063677313172,584.9391390253562,112665.93244392917,64.25338127277281,45.60512867545591,high,residential,9.0
948.1255306077678,616.2815948950491,118702.84599620999,67.69623307163856,45.904836844405864,high,residential,9.0
1022.2018085890653,664.4311755828925,127977.0029863185,72.98528480309744,46.33681744615868,high,residential,9.0
1379.4194975152054,896.6226733848836,172699.726873461,98.49065423593483,48.05811159437617,high,residential,9.0
1940.0823747097277,1261.053543561323,242893.2582350224,138.52202517143328,50.01742380042832,high,residential,9.0
990.7009896268623,643.9556432574606,124033.18253078462,70.73612399730646,46.15706993308323,high,residential,9.0
1384.605325697629,899.9934617034589,173348.97904970654,98.86092275204764,48.079665318391086,high,residential,9.0
1719.3527127676075,1117.5792632989449,215258.47969307608,122.7619109689613,49.323525115662775,high,residential,9.0
1913.4256747073173,1243.7266885597562,239555.9088514181,136.61873481796374,49.93793765280205,high,residential,9.0
8687.665346264102,5646.982475071667,1087673.0647714394,620.2999488391519,58.63263239984775,high,residential,9.0
1395.5405573856995,907.1013623007046,174718.04156421326,99.64169910407082,48.12485196215092,high,residential,9.0
1094.3166000872889,711.3057900567378,137005.5869795954,78.13428625446325,46.72830656619054,high,residential,9.0
1839.7224517831592,1195.8195936590535,230328.45738243117,131.3563192452005,49.71226707455661,high,residential,9.0
1970.087095196506,1280.556611877729,246649.77105966734,140.66436443532828,50.1055977307954,high,residential,9.0
975.1725046418227,633.8621280171848,122089.05667167812,69.62738901985803,46.06635042570939,high,residential,9.0
1666.029330532773,1082.9190648463025,208582.53117667956,118.95461753006036,49.14253738153141,high,residential,9.0
1422.5941085152022,924.6861705348814,178105.07567489415,101.57332465739213,48.23513977241758,high,residential,9.0
3277.6222091774694,2130.454435965355,410349.7604165909,234.0224683655818,53.03048647612908,high,residential,9.0
1181.5256259390749,767.9916568603987,147923.92978440123,84.36101715604403,47.16866861732091,high,residential,9.0
2385.3712843194126,1550.4913348076182,298642.269473372,170.3156862806641,51.20458331505372,high,residential,9.0
1038.3670509152817,674.938583094933,130000.8492054054,74.1394843018427,46.42692110230729,high,residential,9.0
989.3970240527954,643.108065634317,123869.9294385241,70.6430207587903,46.14950681605356,high,residential,9.0
1060.2110086624346,689.1371556305825,132735.65579873262,75.69914450201722,46.54647614995426,high,residential,9.0
1427.209159867284,927.6859539137346,178682.868079197,101.90283966556606,48.253744234303205,high,residential,9.0
964.5395359309309,626.9506983551051,120757.83669433773,68.86819426678082,46.00339490622633,high,residential,9.0
1024.984218986387,666.2397423411517,128325.35351821469,73.18394911143784,46.352427335593866,high,residential,9.0
1544.779050826705,1004.1063830373583,193402.31208720864,110.29733858333509,48.708463158275904,high,residential,9.0
995.6698544077053,647.1854053650085,124655.27145447208,71.09090131048542,46.18579892945765,high,residential,9.0
934.4925001334951,607.4201250867718,116996.02610305525,66.72283368657241,45.82167264756687,high,residential,9.0
1415.9679130649445,920.379143492214,177275.4932697368,101.1002138117309,48.20832213516774,high,residential,9.0
972.4373785512877,632.084296058337,121746.62601178767,69.4321008145225,46.05022208542044,high,residential,9.0
1863.4926720204649,1211.2702368133023,233304.427020456,133.05351472976605,49.78602106015544,high,residential,9.0
1282.6750248756443,833.7387661691688,160587.57097638585,91.58309172783285,47.64044734363508,high,residential,9.0
1032.5054860817265,671.1285659531222,129266.99656113761,73.72096813881679,46.39441223099338,high,residential,9.0
1482.1223269389711,963.3795125103312,185557.85351482412,105.8236438595042,48.470612548762766,high,residential,9.0
1047.9725273485483,681.1821427765564,131203.42982682097,74.82531603023601,46.47979978319328,high,residential,9.0
928.6652114718288,603.6323874566888,116266.46474619798,66.3067648447567,45.78575464780076,high,residential,9.0
1112.187681754348,722.9219931403262,139242.9998394208,79.41028280842168,46.82133631145109,high,residential,9.0
1488.7178813004089,967.6666228452658,186383.5997354997,106.2945669291555,48.496118422708335,high,residential,9.0
2098.232940919954,1363.8514115979704,262693.2970474274,149.81398730614785,50.46765667603066,high,residential,9.0
1156.5780698032313,751.7757453721003,144800.56075954586,82.57975980116902,47.04610286974527,high,residential,9.0
1724.470140086981,1120.9055910565378,215899.16825949305,123.12729565838889,49.34059846844497,high,residential,9.0
1113.2222471494965,723.5944606471728,139372.52473122982,79.48415085422036,46.8266760204075,high,residential,9.0
1042.0761183595548,677.3494769337107,130465.21478508227,74.40431199193242,46.447397416745034,high,residential,9.0
2089.7457524857696,1358.3347391157504,261630.72316968572,149.2080014236718,50.44436973826527,high,residential,9.0
985.8993008122904,640.8345455279888,123432.02360248056,70.39328306049467,46.129170424504586,high,residential,9.0
1184.6847383743243,770.0450799433108,148319.4424299111,84.58657801777832,47.18400436031372,high,residential,9.0
965.3376673099053,627.4694837514385,120857.76066337421,68.92518090632232,46.008144480146,high,residential,9.0
893.7821082402379,580.9583703561547,111899.19111301655,63.81610869175335,45.56591983212005,high,residential,9.0
918.3703325608732,596.9407161645676,114977.57273088279,65.57170972842246,45.72174576763802,high,residential,9.0
923.8362447037132,600.4935590574136,115661.89068918569,65.9619762600426,45.75581906083287,high,residential,9.0
900.5608327842156,585.3645413097402,112747.8697632779,64.30011012599739,45.60930292941783,high,residential,9.0
953.5121881225799,619.782922279677,119377.24148158965,68.08084081695058,45.93736773702937,high,residential,9.0
1346.5547187572688,875.2605671922247,168585.14220543485,96.1441065997595,47.919604753927196,high,residential,9.0
1052.3179083770654,684.0066404450926,131747.46020926652,75.1355765573447,46.50356246903717,high,residential,9.0
1285.271790349804,835.4266637273726,160912.67924761854,91.76850097491685,47.65206366180549,high,residential,9.0
964.0786558788641,626.6511263212617,120700.13571268803,68.83528739694599,46.00065048175039,high,residential,9.0
2678.4039857239877,1740.962590720592,335329.2001632181,191.23824285308328,51.870339225534615,high,residential,9.0
2648.7357126305615,1721.678213209865,331614.80967557343,189.11992595797955,51.80633636152194,high,residential,9.0
3536.5869999895444,2298.781549993204,442771.4774676038,252.51257359977447,53.46747160363166,high,residential,9.0
1028.2359516082017,668.3533685453311,128732.46196975134,73.4161230613492,46.370616661113274,high,residential,9.0
1531.2668637830916,995.3234614590095,191710.6214767028,109.33256742816361,48.65799550591755,high,residential,9.0
1603.3257160857354,1042.161715455728,200732.20202844823,114.47757481682403,48.92215450536322,high,residential,9.0
1682.110209038725,1093.3716358751713,210595.8152652877,120.10279344579358,49.19772097379915,high,residential,9.0
1818.2895120872358,1181.8881828567032,227645.10917816922,129.8260057643099,49.64494399713185,high,residential,9.0
1197.6783282426372,778.4909133577142,149946.20602532613,85.5143212962435,47.24665432435965,high,residential,9.0
1178.90386905071,766.2875148829615,147595.69265322768,84.17382352013576,47.155910297098266,high,residential,9.0
1087.8245364028182,707.0859486618319,136192.7975220208,77.67075242680845,46.69413513957754,high,residential,9.0
11067.108882966113,7193.6207739279735,1385573.1956884519,790.1923935011241,60.02396916363797,high,residential,9.0
1421.95809069593,924.2727589523545,178025.44790112932,101.52791293801405,48.23257109305223,high,residential,9.0
2059.5412934288197,1338.7018407287328,257849.20359649407,147.05140081108058,50.36072170768413,high,residential,9.0
1216.4884009435864,790.7174606133311,152301.1781159595,86.85736187953172,47.3361561938683,high,residential,9.0
2218.190677856264,1441.8239406065716,277711.69314997405,158.3789786034302,50.78708580809359,high,residential,9.0
9834.43681597886,6392.383930386259,1231245.8647519853,702.1795166680573,59.3452477973781,high,residential,9.0
2616.1251798040576,1700.4813668726374,327532.05593569955,186.79153150012945,51.73515416991723,high,residential,9.0
5543.994770890522,3603.5966010788393,694093.6998827183,395.84163704311425,56.0509922784358,high,residential,9.0
1736.6429173696915,1128.8178962902996,217423.16825789993,123.99643285748034,49.38100806861257,high,residential,9.0
1270.0738563140803,825.5480066041522,159009.93750608285,90.68336735971906,47.58374175227146,high,residential,9.0
1717.8390210846032,1116.5953637049922,215068.969438439,122.65383327074177,49.31846522860562,high,residential,9.0
1224.940203776658,796.2111324548277,153359.32180864262,87.46082122746888,47.375922128466705,high,residential,9.0
1334.0800893371893,867.1520580691731,167023.35110593532,95.25341713571491,47.86614474997485,high,residential,9.0
1426.78066352277,927.4074312898006,178629.22145335394,101.87224499484776,48.25201938869403,high,residential,9.0
1354.0153124928509,880.1099531203531,169519.18910180673,96.67679354476039,47.95134112726346,high,residential,9.0
1694.5541083983828,1101.4601704589488,212153.7590412927,120.99128878124924,49.240063149228334,high,residential,9.0
916.0344741293794,595.4224081840966,114685.12934157251,65.4049292634988,45.70712271342809,high,residential,9.0
1251.2681734944422,813.3243127713874,156655.51501715134,89.34064021428142,47.498061490497044,high,residential,9.0
1012.7981092322686,658.3187710009746,126799.6843291266,72.3138599729009,46.28374482120977,high,residential,9.0
964.9439094813068,627.2135411628494,120808.46320920906,68.89706656821193,46.005801770030416,high,residential,9.0
2535.1644315287913,1647.8568804937145,317395.9812029619,181.01092808004915,51.55452601055386,high,residential,9.0
1037.922400419475,674.6495602726588,129945.18012191175,74.10773622352627,46.42446145683865,high,residential,9.0
1331.0796026422684,865.2017417174744,166647.69798979934,95.03918216358258,47.85321165020523,high,residential,9.0
2274.42253308023,1478.3746465021495,284751.7749062926,162.39393722905868,50.93092343436631,high,residential,9.0
1352.1735159298507,878.912785354403,169288.60097110423,96.54528913382075,47.94352264344966,high,residential,9.0
1392.1072785982685,904.8697310888746,174288.20400577813,99.39656274449527,48.11070316023675,high,residential,9.0
1006.8089602224211,654.4258241445738,126049.85847842037,71.88623429024314,46.24968601669303,high,residential,9.0
1328.4156985151326,863.4702040348362,166314.18413415056,94.84897921170607,47.841704897213845,high,residential,9.0
3535.0936140146937,2297.810849109551,442584.50943471893,252.4059457306202,53.465044510807004,high,residential,9.0
910.2966003273785,591.6927902127961,113966.762492166,64.99524464928227,45.67104347714911,high,residential,9.0
943.8280051565489,613.4882033517569,118164.80700734971,67.38938943629155,45.87875071520408,high,residential,9.0
1140.4598610889877,741.2989097078421,142782.60302612724,81.42891850580037,46.96550241117485,high,residential,9.0
1009.5958543922114,656.2373053549375,126398.77036694669,72.0852187402697,46.26555949994302,high,residential,9.0
1539.2361095520318,1000.5034712088208,192708.35028230736,109.9015721659999,48.687813995503845,high,residential,9.0
1653.527188271211,1074.792672376287,207017.29554111385,118.06196364709723,49.09926561759879,high,residential,9.0
3151.450052172123,2048.4425339118798,394553.3351136938,225.01376701533957,52.80490905487262,high,residential,9.0
1923.883430744203,1250.524229983732,240865.1926585071,137.3654193731466,49.96925220891427,high,residential,9.0
1734.5059231445985,1127.428850043989,217155.6221490704,123.84385131161486,49.373934480517875,high,residential,9.0
4965.473894731417,3227.5580315754214,621664.3935815934,354.53520365958275,55.417626673570375,high,residential,9.0
1461.4889225048723,949.9677996281671,182974.60504207356,104.35041725549455,48.390081691371925,high,residential,9.0
2595.1209572130874,1686.8286221885069,324902.3819959124,185.29182845226885,51.688835029585235,high,residential,9.0
2002.208909481438,1301.4357911629347,250671.33851154146,142.95786435313212,50.1985177032237,high,residential,9.0
2381.120618583293,1547.7284020791406,298110.09719874454,170.01218843244402,51.19433539383087,high,residential,9.0
1555.1422583994452,1010.8424679596394,194699.75867294206,111.03727237117886,48.74687143262458,high,residential,9.0
1362.1767776307397,885.4149054599808,170540.98327155682,97.25952275976887,47.985859399460814,high,residential,9.0
2048.3529193074587,1331.4293975498483,256448.4483089273,146.25255007058126,50.329425107053694,high,residential,9.0
4878.79284688576,3171.215350475744,610812.1522474553,348.3461704267238,55.316416648138066,high,residential,9.0
914.3994126081598,594.3596181953038,114480.42389943212,65.28818574984614,45.69686464344848,high,residential,9.0
1018.9999581289701,662.3499727838306,127576.13965145615,72.75667244322544,46.31880179751683,high,residential,9.0
1044.9238912810306,679.2005293326699,130821.74853469392,74.60764318933595,46.46306950763547,high,residential,9.0
950.6806506136595,617.9424228988787,119022.74036332693,67.87866882920534,45.92029058033737,high,residential,9.0
1432.242422923447,930.9575749002406,179313.01949915843,102.26221502037006,48.27396620298007,high,residential,9.0
4044.85810147944,2629.157765961636,506405.6950229567,288.8031678715922,54.23915687145773,high,residential,9.0
2954.5911670749647,1920.4842585987271,369907.1156350407,210.9580280466637,52.4342596893858,high,residential,9.0
2180.667148667728,1417.433646634023,273013.84506687697,155.69979584163994,50.68906085958373,high,residential,9.0
910.0054479691843,591.5035411799698,113930.31097554666,64.97445634935426,45.66920668628377,high,residential,9.0
1520.5536473477662,988.3598707760481,190369.3546933568,108.56764298162139,48.61766460612811,high,residential,9.0
1181.018338526527,767.6619200422426,147860.41872213833,84.32479679723549,47.16620220058864,high,residential,9.0
1283.3660422189364,834.1879274423087,160674.08454725123,91.63243041729739,47.643540819642126,high,residential,9.0
1066.27747320657,693.0803575842705,133495.16135287838,76.13229051954654,46.57924229080188,high,residential,9.0
977.1186076584813,635.1270949780129,122332.70369859776,69.7663409193103,46.07779860628215,high,residential,9.0
1291.8296930409715,839.6893004766315,161733.71157728144,92.23673571252361,47.681295574394575,high,residential,9.0
1194.5131070677191,776.4335195940175,149549.92858152668,85.28832427004467,47.23145566781332,high,residential,9.0
1209.3670196560013,786.0885627764009,151409.59973422493,86.34889472842848,47.30243504035916,high,residential,9.0
1152.7622217170508,749.2954441160831,144322.82652172988,82.30730796534255,47.02712325732184,high,residential,9.0
1035.4343442224385,673.032323744585,129633.68196892198,73.9300888268762,46.41067897619504,high,residential,9.0
1439.0501670961175,935.3826086124765,180165.33133131854,102.74828845825097,48.30120475050326,high,residential,9.0
1922.01529975252,1249.309944839138,240631.30752595048,137.23203468204957,49.96367080459371,high,residential,9.0
2049.432933347477,1332.13140667586,256583.66325265297,146.32966315298802,50.33245360997811,high,residential,9.0
1283.5125154096445,834.283135016269,160692.42260907736,91.64288861395681,47.64419632210444,high,residential,9.0
1497.62388713168,973.455526635592,187498.60846008605,106.93045640478708,48.53038050504289,high,residential,9.0
1126.1192446855616,731.9775090456151,140987.19521832836,80.40499743301267,46.892828349240176,high,residential,9.0
1268.4706709294069,824.5059361041145,158809.22287318157,90.56889980457545,47.57648709750535,high,residential,9.0
1551.3724551616376,1008.3920958550644,194227.78913016786,110.76810814093474,48.73292941179771,high,residential,9.0
925.4315875811258,601.5305319277318,115861.62346061233,66.07588385958722,45.765726117539586,high,residential,9.0
1400.4315327300096,910.2804962745063,175330.37893339552,99.99091510571547,48.144948085896075,high,residential,9.0
1403.796317067774,912.4676060940532,175751.64116520158,100.23116095651446,48.158732689125785,high,residential,9.0
1325.4867990259083,861.5664193668405,165947.4935496402,94.63985557135982,47.82902685260592,high,residential,9.0
1060.7923941270662,689.5150561825931,132808.44374404656,75.74065546722974,46.549624429217076,high,residential,9.0
1066.3794363443378,693.1466336238196,133507.92687205176,76.13957069513111,46.57979142041811,high,residential,9.0
989.2407734163952,643.006502720657,123850.36726597347,70.63186445178466,46.14859988036582,high,residential,9.0
1463.3591118266354,951.183422687313,183208.747872193,104.48394891151167,48.39742759483433,high,residential,9.0
1702.995649382246,1106.94717209846,213210.6179771932,121.59401543239329,49.26861018257143,high,residential,9.0
1413.6418476589201,918.8672009782981,176984.27594169858,100.93413256955071,48.198878300444655,high,residential,9.0
988.8037586156513,642.7224431001733,123795.6541516061,70.60066156266096,46.146062527000744,high,residential,9.0
951.6973114479551,618.6032524411709,119150.02365076929,67.95125848803373,45.926427956551734,high,residential,9.0
1353.470596343657,879.7558876233771,169450.99205924006,96.63790077138461,47.94902989751596,high,residential,9.0
2085.5594437405566,1355.6136384313618,261106.60822263104,148.9090986693665,50.43284861156746,high,residential,9.0
2185.5965449841515,1420.6377542396986,273630.99264165823,156.0517551035377,50.70203399143575,high,residential,9.0
1561.3914725388715,1014.9044571502666,195482.1440002459,111.48346672334024,48.76990893010244,high,residential,9.0
1938.1132758532606,1259.7736293046194,242646.73218887663,138.38143136731634,50.01158970281525,high,residential,9.0
1623.7813422408324,1055.457872456541,203293.1931238869,115.9381080385527,48.99498208921989,high,residential,9.0
1041.4866435998308,676.9663183398901,130391.41408110026,74.36222345045148,46.44414802763735,high,residential,9.0
1301.1270949925934,845.7326117451857,162897.722076314,92.90057090012188,47.72248569785547,high,residential,9.0
1634.5952671463515,1062.4869236451284,204647.06834529515,116.71022307732183,49.03311297830676,high,residential,9.0
1795.3697975449652,1166.9903684042274,224775.62063708517,128.1895364493297,49.572067535484834,high,residential,9.0
1461.8671813942422,950.2136679062575,183021.9620694313,104.37742496819668,48.39156820934203,high,residential,9.0
921.6805213074274,599.0923388498278,115391.9997369236,65.80805744996752,45.742404866228,high,residential,9.0
1393.8731829825688,906.0175689386697,174509.29063345204,99.52264844825771,48.11798493557226,high,residential,9.0
907.0762161445672,589.5995404939687,113563.57878351102,64.76530898023634,45.65069433079058,high,residential,9.0
2043.2495164039703,1328.1121856625807,255809.51556283716,145.88816672548606,50.31509286357283,high,residential,9.0
1141.9490570519047,742.2668870837381,142969.0464804354,81.53524720779231,46.97299682764159,high,residential,9.0
1263.4406160062204,821.2364004040433,158179.47310310972,90.20975351070348,47.553665730768955,high,residential,9.0
1266.786853722827,823.4114549198375,158598.41334627187,90.44867513137885,47.56885770046962,high,residential,9.0
1557.0947899768198,1012.111613484933,194944.21053891312,111.17668327034215,48.754079290500954,high,residential,9.0
2112.3696506673073,1373.0402729337497,264463.1762731851,150.82334942859748,50.50623641096049,high,residential,9.0
1569.9152208813032,1020.4448935728471,196549.29508323965,112.09206298597157,48.80118329812013,high,residential,9.0
1728.0570567705083,1123.2370869008305,216348.24088220054,123.38340177511897,49.352535396806,high,residential,9.0
1538.143545019781,999.7933042628576,192571.5640496557,109.82356297751863,48.68373509005151,high,residential,9.0
2005.6418365821378,1303.6671937783897,251101.13203971426,143.20297560224904,50.208359995055304,high,residential,9.0
1270.8939943559828,826.0810963313888,159112.61665197738,90.7419252766227,47.58744946314749,high,residential,9.0
1417.6469417541105,921.4705121401719,177485.70328674323,101.22009658442967,48.215129369222915,high,residential,9.0
1140.3290715702233,741.2138965206451,142766.22851916307,81.4195801244787,46.964843742601914,high,residential,9.0
1165.9888295231294,757.8927391900341,145978.7633558016,83.25168874181367,47.092644840261215,high,residential,9.0
976.453721895723,634.69491923222,122249.46173352674,69.7188680266303,46.07388990100502,high,residential,9.0
17222.041742327183,11194.32713251267,2156154.7523873993,1229.655055286534,62.5656971927538,high,residential,9.0
6669.166096980052,4334.9579630370345,834962.2181627203,476.1789530181994,57.112961809296046,high,residential,9.0
1841.9013787564631,1197.2358961917012,230601.25336207674,131.51189479239235,49.71906736105984,high,residential,9.0
3287.874983536332,2137.1187392986158,411633.38105169166,234.75451721377976,53.048433879142195,high,residential,9.0
1120.213067962018,728.1384941753117,140247.75728167477,79.98329597773912,46.862628366617926,high,residential,9.0
3768.6863461551648,2449.646125000857,471829.71084948303,269.0844840974602,53.832750376765674,high,residential,9.0
2553.465370883023,1659.7524910739648,319687.2111251841,182.3176165046925,51.59585582882187,high,residential,9.0
5358.243240814443,3482.8581065293884,670838.0923113801,382.57896404518004,55.85513539044018,high,residential,9.0
2730.753300745402,1774.9896454845114,341883.1980025239,194.9759878208394,58.317412274925104,high,commercial,10.5
1083.8219005423502,704.4842353525277,135691.6779415582,77.38496393007065,46.672965306787056,high,residential,9.0
1236.9305585558698,804.0048630613154,154860.48298493153,88.31693344630646,47.431869191946895,high,residential,9.0
2047.394707577918,1330.8065599256468,256328.48269710527,146.18413368215914,56.49710445328433,high,commercial,10.5
1399.0893288725265,909.4080637671423,175162.33850768502,99.89508165093277,48.1394402066083,high,residential,9.0
1357.5164605745367,882.3856993734489,169957.5237190423,96.92677577696983,47.96617435170434,high,residential,9.0
1716.9265295428147,1116.0022442028296,214954.72787499503,122.58868130710967,49.31541284782893,high,residential,9.0
1078.485112741193,701.0153232817755,135023.5260143876,77.00391688600526,46.64461735360073,high,residential,9.0
1881.644104991964,1223.0686682447767,235576.93913311395,134.3495283876149,49.841710714951674,high,residential,9.0
1173.775453297898,762.9540446436337,146953.62836357573,83.80765425574724,47.13087158995174,high,residential,9.0
1037.3399721514743,674.2709818984583,129872.26162033314,74.066150802076,46.42123808163523,high,residential,9.0
3921.2696843793333,2548.8252948465665,490932.7472240029,279.97894574184886,54.06083029667308,high,residential,9.0
2875.9150651154414,1869.344792325037,360057.0726681596,205.34054854265145,52.27917328580478,high,residential,9.0
1032.9071876324888,671.3896719611178,129317.28854861952,73.74964965927771,46.396645988875676,high,residential,9.0
887.7449195964593,577.0341977376986,111143.35082531424,63.385052975676714,45.52700488285406,high,residential,9.0
1024.3688365977555,665.8397437885411,128248.30924659835,73.14001076333504,46.34897856408463,high,residential,9.0
2051.695742414558,1333.6022325694628,256866.96105187625,146.49122788788503,50.33879365841734,high,residential,9.0
1016.7592788810271,660.8935312726676,127295.61244792753,72.59668777905307,46.30616064255834,high,residential,9.0
1063.5586359154895,691.3131133450682,133154.77000823757,75.93816533569789,46.56458041967332,high,residential,9.0
922.0253698273195,599.3164903877578,115435.1738730768,65.8326796598157,45.74455282346787,high,residential,9.0
2579.045720823073,1676.3797185349977,322889.8042855186,184.14405538403128,51.65313157247835,high,residential,9.0
913.3629036659108,593.6858873828421,114350.65568059027,65.21417893464063,45.69035228676328,high,residential,9.0
1924.9039314056806,1251.1875554136925,240992.95668230756,137.43828319592,49.97229886562196,high,residential,9.0
1666.1862211155608,1083.0210437251146,208602.1734688505,118.96581952928544,49.143078338802056,high,residential,9.0
2015.224294596796,1309.8957914879174,252300.8308150969,143.88716381384975,50.235744312725096,high,residential,9.0
2533.3914946131526,1646.7044714985493,317174.01412068837,180.88434025302857,51.550506275011145,high,residential,9.0
1085.8257111286523,705.786712233624,135942.54980583437,77.52803615426735,46.683573152483675,high,residential,9.0
1441.5772027461367,937.0251817849888,180481.70961025683,102.92871899072948,48.311282944935435,high,residential,9.0
1209.9910705340844,786.4941958471549,151487.72927813398,86.39345200731981,47.30539796595355,high,residential,9.0
1448.9958312396905,941.8472903057989,181410.50256767136,103.45840961434298,48.34076786812856,high,residential,9.0
998.6717087465865,649.1366106852813,125031.09579606832,71.30523393249777,46.20308573918931,high,residential,9.0
1049.3767751133782,682.0949038236959,131379.23798806974,74.92557942459618,46.48748965073992,high,residential,9.0
1843.3454051908282,1198.1745133740383,230782.0417091039,131.61499838670198,49.72356964332112,high,residential,9.0
2968.80457964891,1929.7229767717915,371686.5978548308,211.97286675661002,52.46183634481134,high,residential,9.0
1324.4192994392959,860.8725446355423,165813.84538287323,94.56363602185262,47.824399108296646,high,residential,9.0
2474.934459545535,1608.7073987045978,309855.3456458732,176.71050362184153,51.416368755911314,high,residential,9.0
1308.3741269816946,850.4431825381015,163805.03159848292,93.41800952061482,47.75438864602221,high,residential,9.0
2632.7145461317873,1711.2644549856618,329609.00137467845,187.97601348397913,51.77147554136727,high,residential,9.0
8725.506348001998,5671.579126201299,1092410.6595905097,623.0017991644677,58.6576125650491,high,residential,9.0
941.2370146916882,611.8040595495974,117840.42175223387,67.20439252529899,45.862965918900336,high,residential,9.0
1451.237436078417,943.3043334509711,181691.14565275435,103.61846036576581,48.34964732872406,high,residential,9.0
1302.439593512655,846.5857357832257,163062.04347117955,92.9942833916137,47.72827673598402,high,residential,9.0
2339.310415048075,1520.5517697812488,292875.56865680154,167.02693680497393,51.09254946037358,high,residential,9.0
909.3761968582977,591.0945279578935,113851.53037604036,64.92952777345582,45.665234927990056,high,residential,9.0
1909.260442431979,1241.0192875807863,239034.43262347498,136.3213369251678,49.925417680856356,high,residential,9.0
1648.8256416171594,1071.7366670511535,206428.67415037652,117.72627286795974,49.08290821331505,high,residential,9.0
3086.676225849713,2006.3395468023134,386443.82083280996,220.38891102095153,52.6855702919514,high,residential,9.0
1533.3191673410124,996.6574587716581,191967.56453467233,109.47910205412363,48.66568940115181,high,residential,9.0
1128.6264020329775,733.6071613214353,141301.08478557563,80.58400865321379,46.90560034938018,high,residential,9.0
1120.9520401915106,728.6188261244819,140340.2746793412,80.03605864962829,46.866415639961836,high,residential,9.0
3054.4766377191754,1985.4098145174642,382412.51629811357,218.08985804481418,52.62531117958004,high,residential,9.0
1354.160314444694,880.2042043890511,169537.3429683604,96.68714669485594,47.95195621373045,high,residential,9.0
1523.868648958407,990.5146218229646,190784.38425744083,108.8043343420185,48.630174498359764,high,residential,9.0
1865.8339457423547,1212.7920647325307,233597.54839001378,133.22068184682485,49.79323460506568,high,residential,9.0
1146.2819229558247,745.0832499212861,143511.5100018908,81.84461415407833,46.994746676332646,high,residential,9.0
2055.532281285446,1336.09598283554,257347.2857220258,146.76515704727132,50.34952710616001,high,residential,9.0
1532.2990015675052,995.9943510188784,191839.8424379732,109.40626214237612,48.66186618174465,high,residential,9.0
1595.5550784173333,1037.1108009712666,199759.3384395378,113.92275071206842,48.89424528080612,high,residential,9.0
1119.8955437019852,727.9321034062904,140208.00407165987,79.96062472206764,46.861000270550605,high,residential,9.0
1159.783390995987,753.8592041473916,145201.858621094,82.8086199716099,47.0619975004326,high,residential,9.0
1854.053217281691,1205.1345912330992,232122.6318826048,132.37953696264952,49.756845602440016,high,residential,9.0
1022.3141020767646,664.504166349897,127991.06183838657,72.99330256643185,46.337448257080716,high,residential,9.0
2131.400810939442,1385.4105271106375,266845.8279516652,152.1821756808347,50.55776774938449,high,residential,9.0
893.6304054104971,580.8597635168231,111880.19831400992,63.80527709847986,45.56494519494758,high,residential,9.0
3374.809584736981,2193.6262300790377,422517.366605216,240.9616541749547,53.19840148502099,high,residential,9.0
1059.4795382094192,688.6616998361225,132644.07760393454,75.64691745752387,46.54251268956472,high,residential,9.0
1122.9594697457958,729.9236553347673,140591.59962897925,80.17938926840687,46.876691248408356,high,residential,9.0
1334.9237030547363,867.7004069855786,167128.96934525232,95.31365121759741,47.869775772150234,high,residential,9.0
1209.8902983385476,786.4286939200559,151475.1128618248,86.38625686509869,47.304919613932526,high,residential,9.0
956.4215004822656,621.6739753134726,119741.479808518,68.28856593479782,45.95486127371365,high,residential,9.0
1013.4833774278205,658.7641953280834,126885.47812167491,72.3627881727912,46.28762893660729,high,residential,9.0
1335.318103962799,867.9567675758193,167178.34731129074,95.34181147162911,47.8714725379958,high,residential,9.0
2230.3772195222564,1449.7451926894666,279237.4164133033,159.24909858050685,50.81856516783259,high,residential,9.0
1289.3621029837714,838.0853669394514,161424.77573167265,92.06054959977291,47.67031370562969,high,residential,9.0
1679.1796619208585,1091.466780248558,210228.9184019644,119.8935521646403,49.18770382148309,high,residential,9.0
6563.740743352662,4266.431483179231,821763.2385848725,468.6515749649528,57.02138339439612,high,residential,9.0
1653.050481810932,1074.482813177106,206957.61313439335,118.02792677054454,49.097609201416525,high,residential,9.0
3474.9738577734415,2258.733007552737,435057.67260135105,248.11339068455052,53.36647524422893,high,residential,9.0
10664.82488491813,6932.136175196784,1335208.2873240297,761.4692862608941,59.811153406322774,high,residential,9.0
3649.802143277104,2372.3713931301177,456945.7184138289,260.5961432114066,53.648550822664575,high,residential,9.0
5360.135381129115,3484.0879977339246,671074.9833486162,382.7140630037158,55.85716448823106,high,residential,9.0
2838.5872704562007,1845.0817257965305,355383.7300381244,202.67534124074237,52.20410303301036,high,residential,9.0
3455.4401274358147,2246.0360828332796,432612.1004601679,246.71868089243378,53.33408146588572,high,residential,9.0
1528.7474447912934,993.6858391143408,191395.19678352782,109.15268072564591,48.64853633572453,high,residential,9.0
1552.5706301494154,1009.17090959712,194377.7975166729,110.85365792375856,48.73736433941543,high,residential,9.0
5049.749206215781,3282.3369840402574,632215.4429916841,360.55246713815745,55.51434817401939,high,residential,9.0
1469.2438091451734,955.0084759443628,183945.4966433066,104.90411673567776,48.4204810022135,high,residential,9.0
1014.3952661842562,659.3569230197666,126999.64421796332,72.42789709750448,52.059766777352756,high,commercial,10.5
1431.0858600891029,930.2058090579169,179168.22084583863,102.17963634838176,48.26932581142477,high,residential,9.0
1063.2429957692125,691.1079472499881,133115.25268435563,75.91562860588802,46.56287584197051,high,residential,9.0
61023.62556477556,39665.35661710412,7639998.917551129,4357.091382679409,77.9587279750343,high,commercial,10.5
1928.3482478307749,1253.4263610900036,241424.17612421844,137.6842076436418,49.982569804043,high,residential,9.0
1140.3570734601003,741.2320977490652,142769.73428281394,81.42157946148879,46.964984769157546,high,residential,9.0
1790.3107205896047,1163.7019683832432,224142.23738420496,127.82831798021209,49.55585624567625,high,residential,9.0
1128.6043681571764,733.5928393021646,141298.32620173678,80.58243543285049,46.9054882275802,high,residential,9.0
2223.3237674893458,1445.1604488680748,278354.3425972575,158.74548158321596,50.8003662401175,high,residential,9.0
1143.7748413684672,743.4536468895037,143197.62991960542,81.66560834315098,46.98217182005634,high,residential,9.0
1235.5813593322991,803.1278835659945,154691.566757614,88.22060052186727,47.42560094158665,high,residential,9.0
1934.4900511243573,1257.4185332308323,242193.11389349235,138.1227328534587,50.00083922147189,high,residential,9.0
1062.9100826488213,690.8915537217339,133073.57282912108,75.89185858444776,46.56107743569302,high,residential,9.0
1019.4995772565884,662.6747252167825,127638.69066442637,72.79234528592237,46.32161669332091,high,residential,9.0
998.0743248875592,648.7483111769135,124956.3048934615,71.2625806807411,46.19964971952571,high,residential,9.0
911.8485783814784,592.701575947961,114161.06610070528,65.10605599723223,45.680824539770384,high,residential,9.0
1321.098451113678,858.7139932238907,165398.08382530828,94.32652720557333,47.809978946075375,high,residential,9.0
1166.5683039335079,758.2693975567802,146051.31204210248,83.29306325761105,47.095498416781005,high,residential,9.0
1177.7289086898875,765.5237906484269,147448.59067752943,84.08993126339503,47.15018335647936,high,residential,9.0
1502.202985352835,976.4319404793428,188071.89962607634,107.25740435675134,48.54791746916387,high,residential,9.0
994.9501339461135,646.7175870649738,124565.1643279844,71.03951321624952,46.181646529817726,high,residential,9.0
1880.7284540240662,1222.4734951156431,235462.3020177533,134.2841508407247,49.83891432890143,high,residential,9.0
1447.6415925272104,940.9670351426868,181240.95540947327,103.36171687002262,48.33539679433094,high,residential,9.0
1170.351167973196,760.7282591825774,146524.91676324088,83.56316003007628,47.11409210739206,high,residential,9.0
1027.5041000368396,667.8776650239458,128640.8360599293,73.36386880497768,46.36652789493314,high,residential,9.0
1209.5179813690181,786.1866878898618,151428.4997473488,86.35967340591303,47.3031519301813,high,residential,9.0
913.8660452033328,594.0129293821664,114413.64769008989,65.25010327765827,45.69351443245894,high,residential,9.0
1144.9270285148539,744.202568534655,143341.8807481942,81.74787459069516,46.98795430154021,high,residential,9.0
1456.4303292212269,946.6797139937975,182341.28234363178,103.98923332057322,48.37016491190591,high,residential,9.0
1867.35883253077,1213.7832411450006,233788.46024267838,133.3295588763995,49.797927970419856,high,residential,9.0
1325.5196115087087,861.5877474806607,165951.6015869906,94.64219838506075,47.82916903982237,high,residential,9.0
1371.3391521597737,891.3704489038529,171688.08868910882,97.91371697939876,48.02436555624533,high,residential,9.0
1111.4299572619625,722.4294722202757,139148.13470730107,79.3561812235738,46.81742231393166,high,residential,9.0
1479.754510386645,961.8404317513193,185261.40905205568,105.65458158238735,48.46142821304309,high,residential,9.0
1521.5071411995136,988.9796417796839,190488.729639172,108.63572251321979,48.621265616305934,high,residential,9.0
1447.4451806274267,940.8393674078274,181216.3651513912,103.3476930458384,48.33461738418987,high,residential,9.0
1326.0682284227537,861.9443484747899,166020.28699515277,94.68136967333564,47.831545855422334,high,residential,9.0
3100.4512810533906,2015.293332684704,388168.4218520266,221.37245098221078,59.11996730078798,high,commercial,10.5
9956.454733931776,6471.695577055654,1246522.1901498036,710.8916050424331,66.4954266173026,high,commercial,10.5
1394.0110680601542,906.1071942391003,174526.5534858924,99.53249345300443,48.118553121981506,high,residential,9.0
5107.0286930098055,3319.5686504563737,639386.6854908653,364.6422267354405,62.27478107764601,high,commercial,10.5
2359.858918390782,1533.9082969540084,295448.18773412815,168.4941014647733,57.39477345703424,high,commercial,10.5
2504.0549629403326,1627.6357259112162,313501.1567945182,178.78970971991373,57.76963298070742,high,commercial,10.5
1055.522732024524,686.0897758159406,132148.69577943985,75.36440120301455,52.31082178071188,high,commercial,10.5
8577.044156136602,5575.078701488792,1073823.5800020494,612.4015876751689,58.55897872087571,high,residential,9.0
1216.2852536725968,790.585414887188,152275.74460695215,86.84285714934481,47.33519698726859,high,residential,9.0
1051.6229227523268,683.5548997890124,131660.4498199038,75.08595453229113,46.49976853801318,high,residential,9.0
1350.0005887584207,877.5003826929735,169016.55615102022,96.39014197292684,47.934284804790536,high,residential,9.0
1405.968102895687,913.8792668821966,176023.5430920511,100.38622662539676,48.167612381257406,high,residential,9.0
1234.7942257339785,802.616246727086,154593.01968205953,88.16439912467855,47.42194083462437,high,residential,9.0
954.2781602896243,620.2808041882558,119473.13920108654,68.13553128637966,45.941978651608586,high,residential,9.0
2834.4863968206146,1842.4161579333995,354870.31134418544,202.38253855958897,52.19579564074527,high,residential,9.0
3240.3490660956813,2106.226892962193,405683.2600216526,231.36116319034852,52.96476386283071,high,residential,9.0
2061.3722512007685,1339.8919632804996,258078.4347387985,147.1821313315368,50.36582715603721,high,residential,9.0
1126.8255440599153,732.4366036389449,141075.6220596638,80.45542726062627,46.89642926267709,high,residential,9.0
1106.4346574458343,719.1825273397924,138522.73618607502,78.99951644691859,46.79155236552263,high,residential,9.0
1106.4357519950902,719.1832387968086,138522.87322078992,78.9995945978165,46.79155804680987,high,residential,9.0
1634.5455734602524,1062.4546227491642,204640.84682527743,116.70667494445573,49.032938331066426,high,residential,9.0
1062.8696278241664,690.8652580857082,133068.5079904834,75.88897010697269,46.56085885921774,high,residential,9.0
2071.173914042697,1346.2630441277531,259305.57738739523,147.8819707840315,50.393081296266274,high,residential,9.0
1345.8914598743536,874.8294489183298,168502.1039214812,96.09674986642074,53.84614627727865,high,commercial,10.5
1852.0485007775123,1203.831525505383,231871.6465997709,132.23640005584934,49.75063031629747,high,residential,9.0
1744.7754777003588,1134.1040605052333,218441.34362110027,124.57709826711348,49.407848049385464,high,residential,9.0
1295.8583652886427,842.3079374376179,162238.0908455815,92.52438320923514,47.69917998332427,high,residential,9.0
1394.80730027673,906.6247451798746,174626.239684745,99.58934449221007,48.12183307741897,high,residential,9.0
6158.725532121754,4003.1715958791406,771056.3894463973,439.7334589012804,56.6553352182155,high,residential,9.0
12496.327605453724,8122.612943544921,1564507.6557715975,892.2387160865421,67.93196767725962,high,commercial,10.5
7211.753820682898,4687.6399834438835,902892.7874037436,514.919756656355,64.45644803415911,high,commercial,10.5
2206.4635938613974,1434.2013360099083,276243.49278990686,157.5416639380839,50.75662964383909,high,residential,9.0
1944.2108500565218,1263.7370525367392,243410.13259128563,138.81679861681022,50.029636566877834,high,residential,9.0
1788.0984395390205,1162.2639857003635,223865.26556099133,127.67036094943336,49.54875282633263,high,residential,9.0
1216.0002724651179,790.4001771023267,152240.06570232284,86.82250947003473,47.33385111307483,high,residential,9.0
2308.040167427596,1500.2261088279374,288960.61513247475,164.79423881005036,51.01522705919257,high,residential,9.0
1827.8591235179024,1188.1084302866366,228843.19959470915,130.50927672886263,49.67510060814172,high,residential,9.0
1536.254356156922,998.5653315019994,192335.04252649623,109.68867475286079,48.676675285411406,high,residential,9.0
1500.0308983390141,975.0200839203592,187799.95999153587,107.10231718317291,48.53960551167802,high,residential,9.0
989.179558165185,642.9667128073703,123842.70327602442,70.62749367831674,46.14824452570303,high,residential,9.0
1629.3482040807085,1059.0763326524605,203990.14972122412,116.33558238601412,49.01464294184332,high,residential,9.0
990.747711140179,643.9860122411164,124039.03194251427,70.73945991681589,46.15734073746503,high,residential,9.0
1219.3302073928485,792.5646348053515,152656.96487879625,87.0602670703775,47.34955768313795,high,residential,9.0
2098.797744958227,1364.2185342228477,262764.0090413658,149.85431435629093,50.46920302854885,high,residential,9.0
1050.5205065521363,682.8383292588886,131522.4301840956,75.00724193398973,46.493745299727905,high,residential,9.0
1215.9764742593502,790.3847082685777,152237.08622896933,86.82081027638122,47.33373870757814,high,residential,9.0
2505.157616778776,1628.3524509062045,313639.20618201647,178.86843928560398,51.486110558287,high,residential,9.0
1331.3097426731706,865.3513327375609,166676.51092201547,95.05561417882544,47.85420466161451,high,residential,9.0
1159.409731448992,753.6163254418449,145155.07741941753,82.78194065229383,47.060146849245655,high,residential,9.0
1096.56604224597,712.7679274598805,137287.2112767158,78.29489659111103,46.740099431850915,high,residential,9.0
1302.5157490317972,846.6352368706682,163071.57794374533,92.99972090131797,47.728612572217045,high,residential,9.0
930.3806643989841,604.7474318593397,116481.23498289367,66.42924831074427,45.79635161543597,high,residential,9.0
2219.563213070439,1442.7160884957852,277883.530982511,158.47697771932604,50.79063986495227,high,residential,9.0
996.9032361726523,647.987103512224,124809.68763774392,71.17896485980536,46.19290791091738,high,residential,9.0
2537.5005035668123,1649.3753273184282,317688.45133525284,181.17772379649472,51.55981823979301,high,residential,9.0
1557.5671192171792,1012.4186274911665,195003.34492910502,111.2104076130686,48.755821558263065,high,residential,9.0
1106.8719060463804,719.4667389301474,138577.47857156844,79.0307360293655,46.79382146929629,high,residential,9.0
1231.1551427471456,800.2508427856447,154137.4159741027,87.90456833003078,47.40498903590227,high,residential,9.0
1388.5482901058108,902.556388568777,173842.62791982281,99.14245070267496,48.09599944357009,high,residential,9.0
918.029147822798,596.7189460848188,114934.85729066674,65.54734911286725,45.71961218498887,high,residential,9.0
1436.186269995588,933.5210754971322,179806.77887650253,102.5438059932694,48.289761701436426,high,residential,9.0
2789.1593219354463,1812.95355925804,349195.47967278864,199.1461820573914,52.10316504191892,high,residential,9.0
1841.2415518123514,1196.8070086780285,230518.644747919,131.4647830997382,49.7170089340481,high,residential,9.0
2091.59561519759,1359.5371498784336,261862.32116120332,149.34008175823428,50.449453392214494,high,residential,9.0
957.1234694048826,622.1302551131737,119829.3644885794,68.33868656783683,45.95907421407689,high,residential,9.0
1631.4261736214441,1060.4270128539388,204250.30609336685,116.48394956504713,49.021964642201716,high,residential,9.0
1340.1103416571493,871.0717220771471,167778.3229839689,95.68397759775746,47.89204947367419,high,residential,9.0
919.5748611270786,597.7236597326012,115128.37656885211,65.65771315721636,45.7292719032181,high,residential,9.0
1041.4865927106296,676.9662852619092,130391.40770990483,74.36221981695874,46.444147747039125,high,residential,9.0
1012.4636002729189,658.1013401773973,126757.80467901258,72.28997600844087,46.2818478632811,high,residential,9.0
1816.125996208396,1180.4818975354574,227374.24262739546,129.67153057040363,49.63810415000005,high,residential,9.0
2182.174307845072,1418.4133000992967,273202.5374688265,155.8074071184718,50.69303049319933,high,residential,9.0
1116.2574444091238,725.5673388659304,139752.52351962516,79.70086416324224,46.84231304103389,high,residential,9.0
1067.0091062546692,693.555919065535,133586.75990415734,76.18452917334093,46.58318139001569,high,residential,9.0
1403.0699914295838,911.9954944292294,175660.70708781423,100.17930125218047,48.15575992758603,high,residential,9.0
1009.876824266044,656.4199357729286,126433.94706305541,72.10528001006051,46.267157407467316,high,residential,9.0
1479.340489302907,961.5713180468895,185209.57469114504,105.62502044636003,48.45982079115326,high,residential,9.0
1845.9756837640775,1199.8841944466503,231111.3457330209,131.80280047154181,49.73176145114238,high,residential,9.0
1709.1697465863176,1110.9603352811064,213983.59885991525,122.03484642980966,49.28939992641592,high,residential,9.0
974.3582088509415,633.332835753112,121987.10896038891,69.5692482401098,46.061553460342495,high,residential,9.0
1248.477380676254,811.5102974395651,156306.1150280039,89.14137740047063,47.48523687365488,high,residential,9.0
1692.538643396576,1100.1501182077743,211901.42807456205,120.84738443092274,49.233226369052964,high,residential,9.0
979.9379959621353,636.959697375388,122685.68376801706,69.96764545290013,46.09434365185228,high,residential,9.0
2731.1583042965567,1775.2528977927618,341933.9033918512,195.00490510437277,51.98241425771475,high,residential,9.0
2269.6752673221517,1475.2889237593986,284157.42960285686,162.05498210250926,50.91891836464476,high,residential,9.0
2644.3318381295435,1718.8156947842033,331063.45606278145,188.80548899260427,51.79677492187742,high,residential,9.0
1789.1356177294956,1162.938151524172,223995.11756796727,127.74441554901173,49.552084197690036,high,residential,9.0
2628.5524680840167,1708.559104254611,329087.9200478081,187.67884080326496,51.76238447839903,high,residential,9.0
1128.7158619083527,733.6653102404293,141312.284928876,80.59039609493799,46.906055553329296,high,residential,9.0
1002.9850904810932,651.9403088127106,125571.1199502811,71.61320970764532,46.2278345872738,high,residential,9.0
1001.8624784908387,651.2106110190452,125430.57185417908,71.53305512843833,46.22140363785775,high,residential,9.0
961.0938856651039,624.7110256823175,120326.45025904251,68.62217458273196,45.98284513611279,high,residential,9.0
998.9545040495912,649.3204276322342,125066.50103115305,71.32542553806658,46.20471159913531,high,residential,9.0
1102.4656843784828,716.6026948460138,138025.83109959884,78.71613147610122,46.77091428939591,high,residential,9.0
1031.9647683863195,670.7770994511077,129199.3001145667,73.6823608553374,46.391404069189,high,residential,9.0
1044.676190107754,679.0395235700402,130790.73699320987,74.58995730722759,46.461708034193116,high,residential,9.0
2558.763843217637,1663.196498091464,320350.5660557783,182.69592782161038,51.60776633986784,high,residential,9.0
1051.0892860761937,683.208035949526,131593.6398984957,75.04785283411209,46.4968537114548,high,residential,9.0
1384.6828961500994,900.0438824975646,173358.6906682382,98.86646128809625,48.07998710975708,high,residential,9.0
922.1907845746634,599.4240099735313,115455.88336843958,65.8444902850211,45.745582857179606,high,residential,9.0
1078.0753133037852,700.7489536474603,134972.22019259757,76.97465717583839,46.64243478998575,high,residential,9.0
705.994135904044,458.89618833762864,88388.6262768658,50.40803356569657,49.70238223940804,high,residential,20.0
639.3092301692124,415.550999609988,80039.84983305525,45.646726359791415,49.132904277582746,high,residential,20.0
571.7862957950027,371.6610922667518,71586.15438716202,40.825583846998505,48.492336362521385,high,residential,20.0
643.6057698106233,418.3437503769052,80577.76540109623,45.95349960824518,49.171346262253856,high,residential,20.0
437.65218222672013,284.4739184473681,54792.91286825935,31.24839820876831,46.95869020531391,high,residential,20.0
614.1971899833148,399.22817348915464,76895.8878337128,43.85372483156641,48.90292921637868,high,residential,20.0
1041.2661616245475,676.823005055956,130363.81031228263,74.34648102109479,46.442932182438184,high,residential,9.0
1980.7207993480356,1287.4685195762231,247981.08311225928,141.4236116989215,50.136524864451616,high,residential,9.0
1351.212107396897,878.287869807983,169168.23512782448,96.4766444933983,47.93943720594588,high,residential,9.0
1153.0691861465991,749.4949709952895,144361.2576684828,82.32922524833575,47.02865238494853,high,residential,9.0
1252.244429854908,813.9588794056903,156777.73976974803,89.41034499068732,54.852809166900144,high,residential,26.0
1098.061500942894,713.7399756128812,137474.43880900348,78.40167245277469,52.56041268192446,high,commercial,10.5
1263.936162782962,821.5585058089252,158241.5142683611,90.24513558724634,53.449203814421544,high,commercial,10.5
2202.261737719093,1431.4701295174107,275717.4313492467,157.24165109847542,50.745677703847434,high,residential,9.0
1082.0525785613142,703.3341760648543,135470.16343967788,77.25863420964829,46.66358250384947,high,residential,9.0
3804.5876839884204,2472.9819945924733,476324.4648016809,271.6478422763986,60.41365263931697,high,commercial,10.5
3880.8072244610757,2522.5246958996995,485866.9526712227,277.08992310839835,54.0012236909732,high,residential,9.0
5108.636176961027,3320.6135150246673,639587.938293098,364.7570012085538,62.27677059365827,high,commercial,10.5
5587.202147187774,3631.6813956720534,699503.1508139946,398.9266469092211,56.09560923508512,high,residential,9.0
3555.3174694682066,2310.9563551543342,445116.48344222107,253.8499305070987,53.497826174332474,high,residential,9.0
7824.900928300289,5086.185603395188,979657.2076613375,558.6985055292607,58.03148581303499,high,residential,9.0
8486.525603507243,5516.241642279709,1062490.8930679946,605.9385563166774,58.49799967285968,high,residential,9.0
2742.0118642505277,1782.307711762843,343292.74081805255,195.77985008853537,52.00520376393063,high,residential,9.0
787.1471862515839,511.64567106352956,98548.77672798983,56.2023673679726,50.45784765531908,high,commercial,10.5
12063.222405292596,7841.094563440188,1510284.013210334,861.3149727338536,60.51932563782522,high,residential,9.0
973.4095953977584,632.716237008543,121868.34502775758,69.50151716933016,46.055960185277684,high,residential,9.0
5910.342475800149,3841.722609270097,739959.4779818238,421.99889029303415,56.41874470115098,high,residential,9.0
1242.4511166285806,807.5932258085775,155551.64247126883,88.71110170136463,47.457446208650936,high,residential,9.0
1043.7971544951893,678.468150421873,130680.68402493194,74.5271940994187,46.45687386752091,high,residential,9.0
1061.3871836625774,689.9016693806753,132882.90984410894,75.78312348409534,46.55284350988412,high,residential,9.0
2116.114693068904,1375.4745504947878,264932.0458237825,151.09074573330315,50.51641356900741,high,residential,9.0
995.2147291108317,646.8895739220407,124598.29095317799,71.05840533059741,46.18317345018688,high,residential,9.0
1006.0210675976602,653.9136939384791,125951.21637473331,71.82997869851042,46.24519040904753,high,residential,9.0
891.2120359436642,579.2878233633818,111577.42475806591,63.63260533952499,45.54938566706018,high,residential,9.0
934.663484709881,607.5312650614227,117017.43292650137,66.73504199798373,45.822723173320114,high,residential,9.0
1061.120075048625,689.7280487816063,132849.4685416203,75.76405190928607,46.55139810527494,high,residential,9.0
1837.9459783434772,1194.6648859232603,230106.0475365622,131.22947891010142,49.70671685933498,high,residential,9.0
1139.0757825837472,740.3992586794358,142609.32000362605,81.33009519806794,46.958528229155085,high,residential,9.0
992.6274888964979,645.2078677827236,124274.37521965646,70.87367618777007,46.16822562138245,high,residential,9.0
3104.513122291022,2017.9335294891641,388676.9537914445,221.6624667472608,52.718680803612706,high,residential,9.0
1082.403065099619,703.5619923147524,135514.04344104588,77.28365897442848,46.665442368339505,high,residential,9.0
2697.808252372469,1753.5753640421049,337758.5637878508,192.6237089282113,51.91181752476166,high,residential,9.0
2204.7371655568923,1433.07915761198,276027.34846456436,157.41839682934108,50.75213231499796,high,residential,9.0
1357.4357672780225,882.3332487307147,169947.42112857322,96.92101426962532,47.96583291106249,high,residential,9.0
1399.8046637601876,909.873031444122,175251.89657174362,99.9461566148654,48.14237631782682,high,residential,9.0
1330.5103993225337,864.8317595596469,166576.43521728474,94.99854100441749,47.85075490671821,high,residential,9.0
1090.9430340032748,709.1129721021287,136583.22529604062,77.89341338633197,46.71057492287255,high,residential,9.0
2826.7268759945578,1837.3724693964625,353898.83955497056,201.8285081981997,52.180043774471315,high,residential,9.0
4831.039758257242,3140.1758428672074,604833.5899766126,344.93659636366215,55.25988865896579,high,residential,9.0
996.4489469105714,647.6918154918715,124752.81180582748,71.14652857286342,46.19029049537396,high,residential,9.0
1769.6627774414703,1150.2808053369558,221557.1687023392,126.35405331094405,49.48921382941986,high,residential,9.0
1001.8630461507439,651.2109799979836,125430.6429237201,71.53309565939757,46.221406891550025,high,residential,9.0
1001.1274355297847,650.7328330943601,125338.54639068303,71.48057300660653,46.21718899956465,high,residential,9.0
1380.0459847268692,897.029890072465,172778.16143998626,98.53538546922417,48.06071974312874,high,residential,9.0
998.7508886607018,649.1880776294562,125041.00891500438,71.310887384227,46.20354101040058,high,residential,9.0
900.7981256333298,585.5187816616644,112777.57820969676,64.31705285299006,45.610815662240825,high,residential,9.0
908.7259709236617,590.6718811003801,113770.12378325261,64.88310159358896,45.661127893994944,high,residential,9.0
1039.3841569592687,675.5997020235246,130128.18823194107,74.212105748676,46.432543410431904,high,residential,9.0
1040.2720534954194,676.1768347720226,130239.35056476391,74.27550162708486,46.43744698902059,high,residential,9.0
1944.403594322447,1263.8623363095905,243434.26367116498,138.83056057166542,50.030206105304046,high,residential,9.0
1088.9165219232793,707.7957392501316,136329.51126390506,77.74872027380506,46.69989711042769,high,residential,9.0
1559.778261569061,1013.8558700198897,195280.1741902081,111.3682833406757,48.76397072250484,high,residential,9.0
1128.4580515654675,733.4977335175539,141280.00774569737,80.5719884173712,46.90474362402707,high,residential,9.0
927.1313741853496,602.6353932204772,116074.43231449719,66.19724874895775,45.77626301370466,high,residential,9.0
1290.6071169803133,838.8946260372037,161580.64824003124,92.14944369128982,47.67585719176062,high,residential,9.0
918.4168236128303,596.9709353483397,114983.39328945075,65.57502919297376,45.7220364359377,high,residential,9.0
1574.0376273150782,1023.1244577548009,197065.40962740607,112.38640311050969,48.81624793282836,high,residential,9.0
1609.6046759356461,1046.24303935817,201518.31144119927,114.92589301491596,48.94460761218155,high,residential,9.0
1572.4535991320697,1022.0948394358453,196867.09342623723,112.2733033809831,48.810464040335454,high,residential,9.0
1402.4400213366907,911.586013868849,175581.83647363412,100.13432134091353,48.153180291852124,high,residential,9.0
1826.89349415613,1187.4807712014845,228722.3053146591,130.4403307209501,49.67206479769947,high,residential,9.0
1012.2473434675501,657.9607732539075,126730.72989045913,72.27453525652885,46.28062116507352,high,residential,9.0
1074.5355881622445,698.4481323054589,134529.0558279845,76.72192053869956,46.623547883202015,high,residential,9.0
1010.3211718287484,656.7087616886865,126489.578220114,72.13700645893103,46.26968355605532,high,residential,9.0
1099.7350085646483,714.8277555670214,137683.95760275566,78.52116102085157,46.756672026771774,high,residential,9.0
1112.8894781588058,723.3781608032238,139330.8629206582,79.46039112365136,46.82495903878364,high,residential,9.0
980.7981473810862,637.518795797706,122793.37248445918,70.02906032788707,46.09938182137528,high,residential,9.0
1240.0408874347902,806.0265768326136,155249.88805629945,88.53901115850758,47.44629349288978,high,residential,9.0
1408.6518910925531,915.6237292101596,176359.54638142022,100.57784930132397,48.17856656119808,high,residential,9.0
1397.463866266117,908.3515130729761,174958.83482466792,99.77902350050812,48.13276287070501,high,residential,9.0
1248.8182936305961,811.7318908598875,156348.79644160476,89.1657186106472,47.4868050165256,high,residential,9.0
987.8874101855063,642.1268166205791,123680.92971578942,70.53523421691472,46.140738473459905,high,residential,9.0
1057.6106529970957,687.4469244481122,132410.09804491894,75.51347891501727,46.53237373778637,high,residential,9.0
1081.8792091231276,703.2214859300329,135448.45803774826,77.24625561892785,46.6626622926255,high,residential,9.0
1212.9013862397467,788.3859010558353,151852.09322136428,86.60124876414406,47.319195694214436,high,residential,9.0
1294.7479580953975,841.5861727620085,162099.0707582642,92.44510005343807,47.69425612582472,high,residential,9.0
1485.0233136734794,965.2651538877616,185921.0494951735,106.03077452709745,48.481844989572785,high,residential,9.0
1094.1902817272348,711.2236831227027,136989.77225005173,78.1252671142045,46.72764361490695,high,residential,9.0
999.1189002046631,649.427285133031,125087.08300141744,71.33716343570836,46.20565654184888,high,residential,9.0
1070.114025873289,695.5741168176378,133975.48775022995,76.40622066395615,46.59986825072778,high,residential,9.0
1229.0005187574627,798.8503371923508,153867.66266468266,87.75072801766854,47.39492862187506,high,residential,9.0
1061.6802863774567,690.0921861453469,132919.6055403034,75.80405103963503,46.554429158230995,high,residential,9.0
1079.4707509365844,701.6559881087799,135146.92534827173,77.07429152611937,46.64986340373491,high,residential,9.0
1360.070330235532,884.0457146530958,170277.26154623614,97.10912225981848,47.97697017312215,high,residential,9.0
1378.2778358348803,895.8805932926722,172556.79380579796,98.40913950744658,48.05335566109322,high,residential,9.0
928.4201173192962,603.4730762575425,116235.7795969182,66.28926510412246,45.78423901712239,high,residential,9.0
1139.1207620393782,740.4284953255958,142614.95131427256,81.33330673452964,46.95875500754648,high,residential,9.0
1579.1031695304348,1026.4170601947826,197699.6023139919,112.7480831996696,48.83470519692833,high,residential,9.0
959.0094950835708,623.356171804321,120065.48998932267,68.47334894091072,45.97037812667439,high,residential,9.0
916.7392496370279,595.8805122640682,114773.36539876706,65.45525028691685,45.71153870332435,high,residential,9.0
1319.9147070902231,857.944559608645,165249.88215793515,94.24200779467043,47.80483000097106,high,residential,9.0
1235.9686173310322,803.379601265171,154740.05045001593,88.2482507716441,47.427400804670214,high,residential,9.0
950.3531548092737,617.729550626028,118981.73874194089,67.85528560452889,45.91831215803011,high,residential,9.0
1268.710820111735,824.6620330726279,158839.28892507637,90.58604647397105,47.57757439184805,high,residential,9.0
1121.2270605115364,728.7975893324987,140374.70650681548,80.05569512083687,46.86782449733821,high,residential,9.0
18063.682909037838,11741.393890874595,2261526.033479349,1289.748296893273,62.839946439671515,high,residential,9.0
1279.6365417668417,831.7637521484471,160207.16080823535,91.36614380893663,53.52720165532985,high,commercial,10.5
1324.2875026136621,860.7868766988804,165797.34476371369,94.55422571874591,53.74390419751129,high,commercial,10.5
1248.91512394297,811.7948305629305,156360.91934441292,89.1726323021187,47.487250341852636,high,residential,9.0
1562.732720834452,1015.7762685423938,195650.06479209597,111.57923195093234,48.77484138066137,high,residential,9.0
1396.5956462470979,907.7871700606137,174850.1359405208,99.71703252687902,48.129193076691024,high,residential,9.0
1140.1396962434897,741.0908025582683,142742.51922169235,81.40605871213116,46.96388989649592,high,residential,9.0
1119.1955405236567,727.4771013403769,140120.36549766143,79.91064444331633,46.8574093956391,high,residential,9.0
1290.8441737680305,839.0487129492199,161610.32713217824,92.16636956348124,47.6769120931813,high,residential,9.0
10978.256097803785,7135.866463572461,1374449.0585009456,783.8482980630893,59.97763765266304,high,residential,9.0
1234.6017877048268,802.4911620081375,154568.9269422263,88.15065903515166,47.42104565885533,high,residential,9.0
917.263323428242,596.2211602283573,114838.97807190039,65.4926691944048,45.71482025257046,high,residential,9.0
4952.083991447029,3218.8545944405687,619988.0125791199,353.57916357387205,62.080013125525525,high,commercial,10.5
1579.612304694282,1026.7479980512835,197763.34470990303,112.7844354880577,48.836557053949946,high,residential,9.0
1127.7325184529082,733.0261369943903,141189.17289045404,80.52018529942593,46.90104996823186,high,residential,9.0
1205.3752596458557,783.4939187698062,150909.84178188464,86.06388276820881,47.283446383930794,high,residential,9.0
1099.2135761536804,714.4888244998923,137618.67562354676,78.48393070810872,46.75394839813585,high,residential,9.0
919.3739471866849,597.5930656713451,115103.22266701615,65.64336788699931,45.72801723724677,high,residential,9.0
1671.7475552371934,1086.6359109041757,209298.43801026672,119.36289919725512,49.16222095500507,high,residential,9.0
1124.076184880529,730.6495201723438,140731.4094541349,80.25912281169315,46.88239953613756,high,residential,9.0
1464.3724950020269,951.8421217513174,183335.62080528078,104.55630454525163,48.4014041373407,high,residential,9.0
2336.386788530289,1518.651412544688,292509.538234576,166.81818965517868,51.08536408267438,high,residential,9.0
1732.5330092865288,1126.1464560362438,216908.6184746644,123.70298511610112,49.367396272184486,high,residential,9.0
1769.0257754776978,1149.8667540605036,221477.41771624718,126.30857132357578,49.4871455328701,high,residential,9.0
1235.5402237940248,803.1011454661161,154686.41669540477,88.21766344138935,47.425409722396054,high,residential,9.0
1512.9526837778772,983.4192444556202,189417.7338594774,108.02493362005997,48.58887748904143,high,residential,9.0
1092.7758396010015,710.304295740651,136812.68778131774,78.02427584168551,46.72021503222823,high,residential,9.0
1356.2519309748163,881.5637551336306,169799.20790801564,96.83648826994133,47.96082136628793,high,residential,9.0
3150.0697287896537,2047.545323713275,394380.52222277934,224.91521182365108,52.80239162436828,high,residential,9.0
1075.8516809297025,699.3035926043067,134693.82721325895,76.81588965972158,46.630577406918086,high,residential,9.0
11253.794553952255,7314.966460068966,1408945.7552677328,803.5217642291881,60.120114934983945,high,residential,9.0
14098.615617311338,9164.100151252369,1765109.9399345268,1006.6421987446607,61.415484576446474,high,residential,9.0
16195.161887824575,10526.855227085975,2027592.070241822,1156.3357576589112,62.21233503892425,high,residential,9.0
932.1850041220346,605.9202526793225,116707.13361483201,66.55807830053871,45.807476628276966,high,residential,9.0
22149.803557575826,14397.372312424288,2773097.691880344,1581.49761367936,64.01208473708685,high,residential,9.0
1894.9638122098613,1231.72647793641,237244.53177096555,135.30055646898165,49.88223584393507,high,residential,9.0
1255.1220022083173,815.8293014354063,157138.00433059238,89.61580386973684,47.51572420370448,high,residential,9.0
1612.2430355382955,1047.9579730998921,201848.6271889412,115.11427208585317,48.954016089141774,high,residential,9.0
1024.1075657416425,665.6699177320677,128215.59881618035,73.12135600486766,46.347513704646566,high,residential,9.0
911.5035475253131,592.4773058914535,114117.86913652577,65.08142076856065,45.67865148314372,high,residential,9.0
939.0389257686618,610.3753017496301,117565.22674641147,67.04744881347847,45.84954068309411,high,residential,9.0
1508.1661519791116,980.3079987864226,188818.47255005917,107.68317489529875,48.57067520652835,high,residential,9.0
2334.753326824952,1517.589662436219,292305.0330852156,166.70156036849846,51.08134562007285,high,residential,9.0
1001.053021021646,650.68446366407,125329.22988815853,71.47525980521682,46.21676214438927,high,residential,9.0
10989.758659750034,7143.343128837522,1375889.1492855407,784.6695818375439,67.11971626717397,high,commercial,10.5
2186.50161987669,1421.2260529198484,273744.3056599409,156.1163775178643,50.70441277953284,high,residential,9.0
3832.298388662273,2490.9939526304775,479793.7728238351,273.62638864143315,53.92893931139579,high,residential,9.0
2506.4086767650683,1629.1656398972946,313795.83563253836,178.9577650612366,51.48897929796008,high,residential,9.0
962.8552118738307,625.85588771799,120546.96371106355,68.74793340441954,45.99335881896908,high,residential,9.0
1113.428281538154,723.7283829998,139398.3196998465,79.49886172482246,46.82773883497964,high,residential,9.0
2932.686732543477,1906.24637615326,367164.737505893,209.39404979961077,52.39150027394677,high,residential,9.0
2112.4702392968993,1373.1056555429846,264475.76970751624,150.8305314641965,50.506509996319735,high,residential,9.0
8099.646025918852,5264.769916847254,1014054.578007355,578.3153258375946,58.229826206306534,high,residential,9.0
1819.9519300777918,1182.9687545505647,227853.2395789905,129.9447025318983,49.65019412437605,high,residential,9.0
2007.5471251716629,1304.9056313615808,251339.66920670285,143.33901334858263,50.2138152439364,high,residential,9.0
946.5929368602003,615.2854089591302,118510.9692523408,67.58680576460996,45.89554752213965,high,residential,9.0
889.9947301777769,578.496574615555,111425.02124798871,63.545689617727966,45.54153768861219,high,residential,9.0
1358.2971302891021,882.8931346879165,170055.26153319294,96.98251565237993,47.96947658259718,high,residential,9.0
1125.475823450142,731.5592852425923,140906.64055615218,80.35905710917359,46.889546041650505,high,residential,9.0
1364.7209855375286,887.0686405993936,170859.51147229865,97.44117939265192,47.99657768239205,high,residential,9.0
1341.5510302862501,872.0081696860626,167958.693446474,95.78684287252412,47.89822113681531,high,residential,9.0
1179.4736608730968,766.657879567513,147667.02910474097,84.21450669843378,47.15868549850698,high,residential,9.0
3208.770419264398,2085.7007725218587,401729.6957196982,229.10644546894392,52.90848806539194,high,residential,9.0
997.6943723631402,648.5013420360411,124908.73582740853,71.2354520423711,46.19746324765671,high,residential,9.0
4982.309844394735,3238.5013988565775,623772.2106116902,355.7372917118469,55.437079564432324,high,residential,9.0
1495.5532629895747,972.1096209432236,187239.37171271272,106.78261368776006,48.52243285771892,high,residential,9.0
5999.332389027529,3899.5660528678936,751100.7832457738,428.3527766850648,56.50463335403866,high,residential,9.0
1342.592191818255,872.6849246818658,168089.04415743056,95.86118188298265,47.902677173206946,high,residential,9.0
1475.972774569079,959.3823034699014,184787.9455813873,105.38456536506519,48.446729034864106,high,residential,9.0
890.710753522154,578.9619897894001,111514.66550503433,63.59681373752108,45.546155193493476,high,residential,9.0
892.5741210744662,580.173178698403,111747.95426739329,63.7298583186944,45.558154355564014,high,residential,9.0
1542.0172877412783,1002.311237031831,193056.54654496312,110.10014849459247,48.69818401260208,high,residential,9.0
4367.789578087568,2839.063225756919,546835.8744640389,311.8604992068414,54.68057234033608,high,residential,9.0
4258.334726371829,2767.9175721416887,533132.4122247898,304.0454146917977,54.534723936428655,high,residential,9.0
4206.428404957778,2734.178463222556,526633.8760308617,300.3392995004005,54.464243588207715,high,residential,9.0
1108.0921741937113,720.2599132259124,138730.2529640836,79.11786326541687,46.80014932286573,high,residential,9.0
1064.217229656023,691.7411992764149,133237.2242285205,75.98518897752525,46.568135451308464,high,residential,9.0
1289.8117509864383,838.3776381411849,161481.07049000368,92.0926545004491,47.67231640229303,high,residential,9.0
987.9309504130076,642.1551177684549,123686.38083882416,70.53834299238143,46.140991557086004,high,residential,9.0
1172.2573851540014,761.9673003501009,146763.57018743822,83.69926407789602,47.12343888455502,high,residential,9.0
1521.5655809140749,989.0176275941487,190496.04613916457,108.63989511316557,48.62148624915631,high,residential,9.0
3011.098848316315,1957.214251405605,376981.7300900435,214.99268067035183,52.54312110292989,high,residential,9.0
1366.3191696310778,888.1074602602006,171059.59995658256,97.55528985523904,48.00330033390958,high,residential,9.0
889.2902247293043,578.0386460740478,111336.81900149936,63.49538787655509,45.536990837456045,high,residential,9.0
942.2165772942218,612.4407752412442,117963.06043772277,67.2743333676333,45.86893869378924,high,residential,9.0
1317.1887034175493,856.172657221407,164908.59360099153,94.04737093064547,47.79295510150215,high,residential,9.0
949.9153811930817,617.4449977755031,118926.9306258566,67.82402853592603,45.91566647674383,high,residential,9.0
969.6091836183898,630.2459693519534,121392.54337533357,69.23016748695274,46.033497215751325,high,residential,9.0
968.7834924173117,629.7092700712526,121289.16898837959,69.1712130740729,46.02860520036188,high,residential,9.0
1302.3936504508304,846.5558727930397,163056.29151954834,92.99100305359842,47.728074123387245,high,residential,9.0
1265.3364475744775,822.4686909234103,158416.82627567678,90.34511602501847,47.562277764071204,high,residential,9.0
1134.0048178046775,737.1031315730404,141974.44842619236,80.9680279374575,46.93290379496331,high,residential,9.0
991.184008603122,644.2696055920294,124093.65524805809,70.77061158796754,46.15986896252613,high,residential,9.0
1800.4343168170303,1170.2823059310697,225409.68525383627,128.55114350026284,49.58825059977147,high,residential,9.0
896.4315119422281,582.6804827624483,112230.88955321943,64.00527631220105,45.58291472533863,high,residential,9.0
946.9414230426022,615.5119249776915,118554.59881436192,67.61168770383061,45.89766107768137,high,residential,9.0
1368.149389523918,889.2971031905467,171288.73871834518,97.68596769107226,48.010989382971495,high,residential,9.0
949.6395396651476,617.2657007823459,118892.39598529192,67.80433343041199,51.64309263965238,high,commercial,10.5
1864.1858335119482,1211.7207917827664,233391.20903308812,133.10300651157016,49.78815765803646,high,residential,9.0
1334.3427861111682,867.3228109722593,167056.24005755477,95.27217370482349,47.867275676681004,high,residential,9.0
2017.262576077676,1311.2206744504895,252556.0183455568,144.03269726247106,50.24155243362085,high,residential,9.0
1421.5905825173302,924.0338786362646,177979.43683474793,101.50167282685675,48.23108631769594,high,residential,9.0
3748.553832047508,2436.5599908308805,469309.1725404833,267.6470210998376,53.80196922606264,high,residential,9.0
1971.012077488699,1281.1578503676544,246765.57643251607,140.7304082394639,50.10829457268289,high,residential,9.0
1971.4260386608316,1281.4269251295407,246817.4032926498,140.7599650977982,50.10950109183777,high,residential,9.0
1019.4876604405436,662.6669792863534,127637.19871010802,72.7914944243746,46.32154956903095,high,residential,9.0
1253.3307860315886,814.6650109205326,156913.7487324588,89.48791090212127,47.50752152356832,high,residential,9.0
1774.6841287234097,1153.5446836702163,222185.8287992051,126.71257816418668,49.50549176918381,high,residential,9.0
955.9463127295318,621.3651032741957,119681.98754002494,68.25463749407623,45.95200763083223,high,residential,9.0
1323.7623942276898,860.4455562479984,165731.60256201238,94.51673294111566,47.8215494891179,high,residential,9.0
2880.8363486606518,1872.5436266294237,360673.20454512356,205.691928552084,52.288997773667575,high,residential,9.0
1998.7961391699755,1299.2174904604842,250244.06856086073,142.71419230025887,50.188716468590364,high,residential,9.0
2228.6265352954733,1448.6072479420577,279018.23530969286,159.12409959711783,50.8140535218857,high,residential,9.0
1301.1314252771665,845.7354264301582,162898.26421665956,92.90088008276095,47.72250481363894,high,residential,9.0
1257.1226102875248,817.1296966868912,157388.47524932478,89.75864743468992,47.52487195482231,high,residential,9.0
1576.9455979895947,1025.0146386932365,197429.47997884714,112.59403243193653,48.826850920196385,high,residential,9.0
1587.13651311013,1031.6387335215845,198705.35599848974,113.3216645259387,48.863855226639444,high,residential,9.0
1875.548939669691,1219.106810785299,234813.8403163281,133.91433313240194,49.82307049638823,high,residential,9.0
2272.0670415438512,1476.8435770035035,284456.8735034067,162.22575495899287,50.92496990991269,high,residential,9.0
1945.851543424656,1264.8035032260264,243615.5431259854,138.93394424474945,50.03448283472134,high,residential,9.0
2716.292010210851,1765.5898066370532,340072.6821079368,193.94345060615638,51.95105174442093,high,residential,9.0
981.8010129504431,638.1706584177881,122918.92864067615,70.1006650037776,46.10525034102914,high,residential,9.0
2228.749407409216,1448.6871148159905,279033.61857817793,159.13287267513488,50.81437028820728,high,residential,9.0
3822.203050175617,2484.4319826141514,478529.86274971976,272.9055807261652,53.91378101039418,high,residential,9.0
898.6824942489909,584.1436212618441,112512.70667286665,64.16599661553586,45.59731452460352,high,residential,9.0
2317.676789434935,1506.489913132708,290167.0950986113,165.48229433473804,51.03916674366238,high,residential,9.0
2965.5893868672288,1927.6331014636987,371284.06409607065,211.7433017539891,52.45560984321014,high,residential,9.0
1069.378343798453,695.0959234689944,133883.3822713537,76.35369290935301,46.59591882984034,high,residential,9.0
4914.750429843722,3194.587779398419,615313.947942714,350.9135445117298,55.35861773854964,high,residential,9.0
1260.0487390483822,819.0316803814485,157754.81894586302,89.96757324482569,47.538225472271165,high,residential,9.0
22025.96719622146,14316.87867754395,2757593.7021068004,1572.6556883115084,63.979858820283496,high,residential,9.0
6378.501544496428,4146.026003922679,798571.7735473285,455.42548245404146,56.85685317817898,high,residential,9.0
926.6831082401798,602.3440203561169,116018.31058616369,66.16524252728915,45.77348610914179,high,residential,9.0
1149.7993150244704,747.3695547659058,143951.87832396847,82.09575620815922,47.01234273901996,high,residential,9.0
1826.8017340734586,1187.4211271477482,228710.8171913987,130.4337790442547,49.67177623275366,high,residential,9.0
1237.1787144948225,804.1661644216347,154891.5514618933,88.33465179871777,47.43302135681009,high,residential,9.0
967.305210101216,628.7483865657904,121104.09189421679,69.06566360727184,46.01983633151653,high,residential,9.0
5739.183942408482,3730.4695625655136,718530.8755718616,409.77815833863275,56.24985361351301,high,residential,9.0
1377.3356186847816,895.268152145108,172438.83067364662,98.34186513318068,48.04942760762255,high,residential,9.0
1022.7777987991104,664.8055692194218,128049.11545981606,73.0264105467331,46.34005234985184,high,residential,9.0
1912.0470516635676,1242.830583581319,239383.30883848085,136.52030103058564,56.064870398215085,high,commercial,10.5
1151.2927963679067,748.3403176391394,144138.8582967517,82.20239088663752,47.01979775044522,high,residential,9.0
1151.1762526827702,748.2645642438006,144124.2673310388,82.19406965889142,47.019216346966765,high,residential,9.0
1151.3228750849457,748.3598688052148,144142.62407375188,82.2045385092607,47.01994779510943,high,residential,9.0
1083.8200600700654,704.4830390455426,135691.4475192237,77.38483252021328,46.67295555462368,high,residential,9.0
1397.6838852998603,908.4945254449092,174986.380634411,99.79473287580461,48.13366715420192,high,residential,9.0
2399.241818150129,1559.5071817975838,300378.82416791475,171.30604342296178,59.610506472961276,high,residential,30.0
908.147317777418,590.2957565553218,113697.67791708154,64.8417857161116,45.65747046716159,high,residential,9.0
909.0468533142789,590.8804546542813,113810.29742246671,64.90601262003277,45.663155056068675,high,residential,9.0
1485.3917532609037,965.5046396195875,185967.17717151286,106.05708114091378,48.48326999524811,high,residential,9.0
1458.4147994316659,947.9696196305829,182589.73284324317,104.13092464050159,48.37798642972051,high,residential,9.0
1561.599245932398,1015.0395098560587,195508.15668774102,111.4983017590187,48.77067329539777,high,residential,9.0
894.8610774916943,581.6597003696013,112034.27525193662,63.89314717617946,45.57284706559022,high,residential,9.0
1802.0405775801314,1171.3263754270854,225610.7849161035,128.6658306376538,49.59337371156694,high,residential,9.0
1208.0090721478002,785.2058968960702,151239.5882444662,86.25193717581908,47.29598237114938,high,residential,9.0
1487.9324758212706,967.1561092838259,186285.26901596412,106.23848891980434,48.49308708607588,high,residential,9.0
1624.2419686092526,1055.7572795960143,203350.86234500504,115.97099679535637,48.99661146809293,high,residential,9.0
1060.0811516914891,689.0527485994679,132719.39804432562,75.6898727046789,46.545772721620516,high,residential,9.0
1719.3883606036643,1117.6024343923818,215262.9427092664,122.76445622709466,49.323644223664495,high,residential,9.0
996.7925824307938,647.915178580016,124795.83407758261,71.17106417444536,46.19227048236032,high,residential,9.0
1396.8918700284707,907.979715518506,174887.222386108,99.7381829267974,48.13041128659077,high,residential,9.0
1680.5187875861693,1092.3372119310102,210396.5734460355,119.98916583627405,49.19228336680403,high,residential,9.0
1629.955500657265,1059.4710754272223,204066.1816702371,116.37894340653622,49.01678370860262,high,residential,9.0
1611.8360900263865,1047.6934585171512,201797.6786711874,115.08521614617818,48.95256591215515,high,residential,9.0
1028.0983882194023,668.2639523426116,128715.23939190882,73.4063010252056,46.369848333033495,high,residential,9.0
1011.5790972504442,657.5264132127887,126647.06720525981,72.22682242715968,46.2768289405009,high,residential,9.0
1012.2031835039998,657.9320692775999,126725.20117808586,72.27138223186238,46.28037063927254,high,residential,9.0
1514.1249402758351,984.1812111792929,189564.49731859018,108.10863282079198,48.593326587595456,high,residential,9.0
1367.9248307846988,889.1511400100542,171260.62454930518,97.66993418046876,48.01004652884857,high,residential,9.0
3047.5742433001824,1980.9232581451186,381548.3545017345,217.5970265723392,52.612311232906684,high,residential,9.0
1485.0442277398174,965.2787480308814,185923.66788178534,106.03226779298218,48.48192588790438,high,residential,9.0
898.4896211085957,584.0182537205872,112488.55945823941,64.15222545903394,45.596082104425015,high,residential,9.0
953.6580313336433,619.8777203668682,119395.5006716057,68.09125403301672,45.93824595299012,high,residential,9.0
2144.4032465956116,1393.8621102871475,268473.6990166713,153.11055054920763,50.59271113019661,high,residential,9.0
2099.0249240052513,1364.3662006034133,262792.4512661155,149.87053495706564,50.469824894930014,high,residential,9.0
1199.4955860512168,779.672130933291,150173.72196791336,85.644073638301,47.255362248849394,high,residential,9.0
1257.6974210231783,817.503323665066,157460.4400557017,89.79968896376668,47.527497578468854,high,residential,9.0
3210.957447533976,2087.1223408970845,402003.5059605285,229.2625994492894,52.91240334042078,high,residential,9.0
1049.4786469519918,682.1611205187946,131391.99207682686,74.93285308141436,46.488047115908984,high,residential,9.0
8052.757173290521,5234.292162638839,1008184.2158318823,574.9674582889226,58.19645747725877,high,residential,9.0
1025.4333433271718,666.5316731626617,128381.58271544255,73.21601662261689,46.354943045940786,high,residential,9.0
1062.2180104987995,690.4417068242196,132986.9271992015,75.84244458170463,46.5573370403863,high,residential,9.0
1417.1353554595166,921.1379810486858,177421.65401564928,101.18356928512479,48.21305611453363,high,residential,9.0
4913.358639787117,3193.683115861626,615139.6994540752,350.8141705986591,55.35699003558581,high,residential,9.0
1161.5209814965501,754.9886379727576,145419.40042429868,82.93268406197754,47.070595574130415,high,residential,9.0
996.4286878382004,647.6786470948302,124750.27542275364,71.14508207359641,46.19017374371695,high,residential,9.0
1304.177349265717,847.7152770227161,163279.60596356654,93.118359281022,47.73593513953106,high,residential,9.0
1183.3533929463817,769.1797054151482,148152.76145128635,84.49151985566861,47.17754640222802,high,residential,9.0
967.4657158636549,628.8527153113756,121124.18679746031,69.07712373059161,46.02078906654181,high,residential,9.0
1142.5617009958478,742.6651056473011,143045.74790591202,81.57899003074162,46.97607713933585,high,residential,9.0
1655.0230061459615,1075.764953994875,207204.56804152956,118.16876515408433,49.10446005276088,high,residential,9.0
1536.119269921248,998.4775254488112,192318.13008177056,109.67902958563376,48.676170142558455,high,residential,9.0
4512.098014879757,2932.863709671842,564902.9147403579,322.16413227642613,54.86737559032002,high,residential,9.0
3228.8130327025688,2098.7284712566698,404238.97869912366,230.53748955211023,52.94426949888425,high,residential,9.0
1462.3858678913086,950.5508141293507,183086.90026737447,104.41445922248367,48.393605968370395,high,residential,9.0
16872.958512889978,10967.423033378485,2112450.441633124,1204.7304868633705,62.44799413508536,high,residential,9.0
7098.788201665957,4614.212331082872,888749.7862460396,506.85400309611634,57.471763810820775,high,residential,9.0
5947.664782401416,3865.9821085609206,744632.1335213003,424.6637057471976,56.45492271440797,high,residential,9.0
2724.6162614104287,1771.0005699167787,341114.856668455,194.53780275801992,51.96863398665764,high,residential,9.0
920.7436881702647,598.4833973106721,115274.71066916325,65.74116749462381,45.73656556034371,high,residential,9.0
886.2431128638038,576.0580233614725,110955.32853549335,63.27782386379186,45.51728336956843,high,residential,9.0
32693.732537787342,21250.926149561772,4093170.1269414746,2334.334923394723,66.25007925242753,high,residential,9.0
1007.1393794178307,654.64059662159,126091.2261007454,71.90982624525512,46.251570297536816,high,residential,9.0
1280.281928637124,832.1832536141306,160287.96156277467,91.4122244792504,47.6297212899156,high,residential,9.0
5210.642594687995,3386.9176865471973,652358.8760045924,372.04026698541907,55.69460219115528,high,residential,9.0
1894.0375711109782,1231.1244212221359,237128.56879879918,135.2344227859552,49.879426985369605,high,residential,9.0
1532.747691457523,996.2859994473899,191896.017243097,109.43829863373823,48.6635480255419,high,residential,9.0
1507.332390012245,979.7660535079593,188714.08772425767,107.62364422914415,48.567498663218764,high,residential,9.0
2049.477153349066,1332.160149676893,256589.19948163233,146.33282046437495,50.33257757474412,high,residential,9.0
2028.4604933910045,1318.499320704153,253957.9684158922,144.83222938758334,50.273356842690966,high,residential,9.0
3204.6217629554367,2083.004145921034,401210.2947595551,228.81023110137428,52.90105369719813,high,residential,9.0
1032.927091111383,671.4026092223991,129319.78041231656,73.75107076914414,46.396756644379714,high,residential,9.0
1032.6357189965117,671.2132173477327,129283.30138273386,73.73026677857311,46.39513651746897,high,residential,9.0
1201.5614504566056,781.0149427967937,150432.36280865173,85.79157650977407,47.26524544920132,high,residential,9.0
982.3322217672817,638.5159441487331,122985.43460042664,70.13859335262332,46.10835641718268,high,residential,9.0
1049.10918412594,681.9209696818609,131345.7362936775,74.90647340828427,46.48602507626727,high,residential,9.0
1059.3164183169094,688.5556719059912,132623.6554184175,75.63527068512352,46.54162845436523,high,residential,9.0
926.953232742042,602.5196012823274,116052.12946996045,66.18452943671844,45.77515962900485,high,residential,9.0
899.6142036873466,584.7492323967754,112629.35426688667,64.23252073840547,45.603264240212496,high,residential,9.0
1190.034798756674,773.5226191918382,148989.25604966396,84.96857272512337,47.20988298782203,high,residential,9.0
1172.4521738701123,762.0939130155731,146787.95722715385,83.71317200664585,47.12439313904528,high,residential,9.0
951.8680499017987,618.7142324361691,119171.39966031438,67.9634492262773,45.92745802777392,high,residential,9.0
1024.2037895713738,665.732463221393,128227.64578894188,73.12822639343356,46.34805324331998,high,residential,9.0
937.4657357894473,609.3527282631408,117368.26746011764,66.9351229325051,45.83991284553318,high,residential,9.0
1266.1451002548413,822.9943151656469,158518.06748423295,90.40285388625806,47.56594724012659,high,residential,9.0
1074.022836529843,698.1148437443981,134464.8606596335,76.685310034189,46.62080684194269,high,residential,9.0
1326.8641168559698,862.4616759563804,166119.93015322453,94.73819616638396,47.83499219847977,high,residential,9.0
2399.7520370736383,1559.838824097865,300442.7022477118,171.34247309187003,51.23911899961844,high,residential,9.0
1869.4878620643624,1215.1671103418355,234055.00919288478,133.4815717427022,49.80447438994408,high,residential,9.0
1682.8407794008053,1093.8465066105234,210687.280771046,120.15495622372754,49.20021548248481,high,residential,9.0
1185.4696901660318,770.5552986079207,148417.71634896248,84.6426236338133,47.187808529303524,high,residential,9.0
1071.0540832322451,696.1851541009594,134093.18048215783,76.47334082897461,46.60491088999814,high,residential,9.0
1382.8586774231082,898.8581403250204,173130.30323680327,98.73621193594892,48.07241479178393,high,residential,9.0
1143.4758325811222,743.2592911777294,143160.19479852714,81.64425909360003,46.98067023353278,high,residential,9.0
888.7642380434825,577.6967547282636,111270.96683894536,63.457832388250544,45.53359379298735,high,residential,9.0
1150.3594247741216,747.7336261031791,144022.0026052028,82.13574808574717,47.015139772297374,high,residential,9.0
952.447181222793,619.0906677948154,119243.9053927183,68.00479924546725,45.930950573553226,high,residential,9.0
1291.8786087312374,839.7210956753044,161739.83569424803,92.24022829642966,47.681513058947,high,residential,9.0
939.7815578556884,610.8580126061975,117658.20234870503,67.10047279946649,45.85407995444552,high,residential,9.0
921.1044365933677,598.7178837856891,115319.87543176964,65.76692495873823,45.738814817233624,high,residential,9.0
1656.6430685582359,1076.8179945628533,207407.3956343117,118.28443773024796,49.11008065429382,high,residential,9.0
934.5828559573496,607.4788563722773,117007.33841677068,66.72928509908432,45.82222781582877,high,residential,9.0
1228.832228944223,798.740948813745,153846.593218561,87.73871211254534,47.394142097821714,high,residential,9.0
1074.4535718399247,698.3948216959511,134518.78759813178,76.71606456721456,46.62310953237704,high,residential,9.0
936.8418441682463,608.9471987093601,117290.15785475528,66.89057702456694,45.83609019237716,high,residential,9.0
1022.9810904620723,664.937708800347,128074.56704632215,73.04092558651752,46.34119365166848,high,residential,9.0
1265.148346899044,822.3464254843786,158393.27656122766,90.33168562286814,47.561423871435856,high,residential,9.0
892.0010410939847,579.8006767110901,111676.20614705421,63.68894036566502,45.55446667139507,high,residential,9.0
972.5632827443574,632.1661337838323,121762.38888870401,69.4410903832279,46.05096550475869,high,residential,9.0
1575.2902320044632,1023.9386508029011,197222.2324707303,112.47583917805748,48.82081755429304,high,residential,9.0
1681.4426361046235,1092.9377134680053,210512.23687336623,120.05512868888077,49.19544062085558,high,residential,9.0
1256.1215323877536,816.4789960520399,157263.14290468194,89.6871703985401,47.52029636053687,high,residential,9.0
2159.815234694973,1403.8799025517324,270403.2397692351,154.21096764039478,50.633856807655576,high,residential,9.0
1974.2391842618836,1283.2554697702244,247169.60179196933,140.9608239019601,50.11769350274249,high,residential,9.0
1027.6583304920912,667.9779148198593,128660.14531106388,73.37488087089974,46.367389803734525,high,residential,9.0
1150.2985765428168,747.6940747528309,144014.38456518963,82.13140351752764,47.01483597893705,high,residential,9.0
1212.5739384469794,788.1730599905366,151811.0976109078,86.57786896750072,47.31764492559429,high,residential,9.0
1221.6169206890086,794.0509984478556,152943.25542521532,87.2235385690003,47.360318804629635,high,residential,9.0
1449.319165582734,942.0574576287771,181450.98318494044,103.48149571037155,48.342049509233895,high,residential,9.0
1087.3973049212716,706.8082481988266,136139.3092537255,77.64024806739967,46.69187923706015,high,residential,9.0
1287.2707298861933,836.7259744260257,161162.94126913763,91.9112254057892,47.66098971426141,high,residential,9.0
1919.3131294882276,1247.553534167348,240293.0028496359,137.03909952514735,49.955587944862536,high,residential,9.0
2180.003299375921,1417.0021445943487,272930.7328652685,155.6523969530626,50.68731150901675,high,residential,9.0
1718.4792280328693,1117.0114982213652,215149.12168023872,122.69954409424015,49.320605821475596,high,residential,9.0
1030.6334765171941,669.9117597361762,129032.6258413663,73.5873065173312,46.383991008690614,high,residential,9.0
993.6259471359871,645.8568656383916,124399.37958965772,70.9449661799818,46.17399883940315,high,residential,9.0
1113.1124007103767,723.5230604617449,139358.7722432679,79.47630781033568,46.826109304597225,high,residential,9.0
915.8056297990896,595.2736593694083,114656.47862769704,65.38858976137563,45.705688088239214,high,residential,9.0
983.1709331965278,639.0611065777431,123090.43908602174,70.1984774107582,46.11325710353951,high,residential,9.0
1125.5653383924114,731.6174699550675,140917.8475936842,80.36544848267809,46.890002799656685,high,residential,9.0
1337.8813888576594,869.6229027574786,167499.26390123216,95.5248302028727,47.882487946214894,high,residential,9.0
1128.5000261094265,733.5250169711272,141285.26284923215,80.5749854029171,46.904957241893776,high,residential,9.0
1080.3784615476645,702.246000005982,135260.5683516482,77.13910213094498,46.654690453735505,high,residential,9.0
4232.08998640512,2750.858491163328,529846.6391642524,302.1715383153732,54.499195858746255,high,residential,9.0
1497.462482914807,973.3506138946245,187478.40107268834,106.91893213175416,48.529761384267914,high,residential,9.0
2104.1289090033106,1367.683790852152,263431.4568889292,150.23495986375633,50.48377853361503,high,residential,9.0
976.6326519021591,634.8112237364035,122271.86330411253,69.73164364233537,46.07494204937914,high,residential,9.0
3956.2262959170343,2571.5470923460725,495309.22390557604,282.47485039335,54.1118330354578,high,residential,9.0
1577.6992840612834,1025.5045346398342,197523.83951121813,112.6478456732477,48.82959580756756,high,residential,9.0
8068.87686165846,5244.769960078,1010202.3588140886,576.1184052316747,58.207951011991476,high,residential,9.0
2552.2444701679037,1658.9589056091374,319534.35753683007,182.2304441032542,51.593107846737354,high,residential,9.0
926.111429699135,601.9724293044378,115946.73792239049,66.1244246371393,45.769942744440364,high,residential,9.0
2839.863034136039,1845.9109721884254,355543.45232671034,202.7664308619229,52.206684979485686,high,residential,9.0
1349.4976744337594,877.1734883819436,168953.59258796618,96.35423385291712,47.93214463082462,high,residential,9.0
1264.1302274262955,821.6846478270921,158265.81065605162,90.25899181714625,47.55679986337258,high,residential,9.0
1627.902172441087,1058.1364120867065,203809.11032772358,116.23233561990077,49.00954235838401,high,residential,9.0
1010.3673830488524,656.738798981754,126495.36374446303,72.14030594346728,46.26994620652197,high,residential,9.0
997.4062097140345,648.3140363141224,124872.65861457709,71.21487720789331,46.195804434347224,high,residential,9.0
1425.0487081142949,926.2816602742917,178412.38514899588,101.74858325047235,48.245042392039366,high,residential,9.0
1555.8280270663452,1011.2882175931244,194785.6151231991,111.08623630476045,48.74940400828336,high,residential,9.0
1331.7326704550906,865.6262357958088,166729.4603783312,95.08581125376227,47.856029069126485,high,residential,9.0
4319.245540086873,2807.5096010564675,540758.2873926972,308.3944513000552,54.61634371550874,high,residential,9.0
1327.7935503781207,863.0658077457784,166236.29280846586,94.80455778866808,47.839014202616696,high,residential,9.0
949.9472274346763,617.4656978325396,118930.91769232566,67.82630235993332,45.9158589803209,high,residential,9.0
1184.0115633941268,769.6075162061825,148235.16267641512,84.53851327435954,47.18073989683564,high,residential,9.0
1557.8988491346827,1012.6342519375438,195044.87665042098,111.23409315373509,48.75704488559683,high,residential,9.0
1042.1943430954905,677.4263230120688,130480.01621397503,74.41275324682996,46.44804889136693,high,residential,9.0
9108.178408980142,5920.315965837092,1140320.2045346515,650.3246126461117,58.90430928763364,high,residential,9.0
10453.346876617868,6794.675469801615,1308731.7917119355,746.3697408133169,59.696035723482034,high,residential,9.0
1051.667328724736,683.5837636710785,131666.00933194524,75.08912512200838,46.50001102540587,high,residential,9.0
1029.6409346250693,669.2666075062951,128908.36218263945,73.51643895275929,46.37845798939148,high,residential,9.0
1168.4224130973046,759.474568513248,146283.44167834296,83.425446789159,47.10461932661997,high,residential,9.0
1426.717309464994,927.3662511522462,178621.28969039573,101.86772151043269,48.25176432283077,high,residential,9.0
1579.6137512966745,1026.7489383428385,197763.5258207533,112.78453877557561,48.83656231476924,high,residential,9.0
1465.7872797860532,952.7617318609346,183512.74817387766,104.65732028356243,48.40695119322219,high,residential,9.0
1368.8655146347098,889.7625845125614,171378.39571628073,97.73709907699491,48.01399514279671,high,residential,9.0
1447.0021560200105,940.5514014130068,181160.8996248876,103.31606105607341,48.332858966781004,high,residential,9.0
1361.4385410780537,884.9350517007349,170448.5579787097,97.20681261525814,47.98274559918669,high,residential,9.0
1620.982778782548,1053.6388062086562,202942.82027084663,115.73829040046384,48.98507275932032,high,residential,9.0
1701.1811929572964,1105.7677754222427,212983.45276053715,121.46446310933435,49.26248612661189,high,residential,9.0
1457.754226895292,947.5402474819399,182507.03088287698,104.08375971250474,48.37538405497256,high,residential,9.0
1636.944421057987,1064.0138736876916,204941.1762940765,116.87795284051184,49.04136297347456,high,residential,9.0
946.4709543693895,615.2061203401032,118495.69736232886,67.57809620573616,45.8948075192772,high,residential,9.0
1022.076702978987,664.3498569363416,127961.3400899119,72.97635225327677,46.33611458134831,high,residential,9.0
1035.6441806550306,673.16871742577,129659.95294353271,73.94507116369672,46.41184263296753,high,residential,9.0
981.4727781288376,637.9573057837445,122877.83449625976,70.07722901321695,46.10333025206062,high,residential,9.0
1047.2595317632072,680.7186956460847,131114.1646373176,74.77440809266223,46.475891373081794,high,residential,9.0
905.8581520194502,588.8077988126427,113411.08032883427,64.67833911153419,45.64297874239146,high,residential,9.0
1152.851685505781,749.3535955787577,144334.02715497205,82.31369568648057,47.0275689586183,high,residential,9.0
2782.616102096497,1808.700466362723,348376.2855979658,198.67899567651992,52.089669137195294,high,residential,9.0
1017.9757442152206,661.6842337398934,127447.9107381465,72.68354349396496,52.08202362981142,high,commercial,10.5
1190.1134492916824,773.5737420395936,148999.10289171519,84.97418837914518,47.21026255849902,high,residential,9.0
909.5509879458774,591.2081421648203,113873.41376476966,64.94200787004814,45.66633846388694,high,residential,9.0
976.6050538764192,634.7932850196726,122268.40810319931,69.72967314125458,46.07477977938887,high,residential,9.0
2982.0485160961734,1938.3315354625129,373344.70418962743,212.91848479934453,52.48741350938653,high,residential,9.0
1165.2662823136468,757.4230835038704,145888.30232784338,83.20009881756908,47.08908472733037,high,residential,9.0
1119.4673354122742,727.6537680179782,140154.39350952758,79.93005061848358,46.85880391493215,high,residential,9.0
1243.5561134900217,808.3114737685141,155689.9851991414,88.78999855907034,47.462552072071645,high,residential,9.0
3940.336645271822,2561.218819426684,493319.88104686915,281.3403281610295,54.08870564620993,high,residential,9.0
3709.971403715588,2411.4814124151326,464478.75304370216,264.89223286082336,53.742514855633715,high,residential,9.0
2457.9469308057164,1597.6655050237157,307728.5513103528,175.49759281229422,51.376794299375916,high,residential,9.0
2003.165143615095,1302.0573433498118,250791.05653351173,143.02613954106175,50.20126094525952,high,residential,9.0
1058.9539995814466,688.3200997279404,132578.28153705582,75.60939396058293,46.53966337928004,high,residential,9.0
1205.8927579006456,783.8302926354197,150974.63121499083,86.10083218190928,47.28591164602093,high,residential,9.0
1814.9083975599274,1179.690458413953,227221.80244918226,129.58459393676864,49.63425119068813,high,residential,9.0
1459.7347460622757,948.8275849404793,182754.98672214258,104.22516892763792,48.383182931339014,high,residential,9.0
976.2835844843323,634.5843299148161,122228.16097293068,69.70672020286237,46.07288927639775,high,residential,9.0
1672.4446443573668,1087.0890188322885,209385.711751777,119.41267141203842,49.16461590906309,high,residential,9.0
1084.0153111526122,704.6099522491979,135715.89244601232,77.39877346196084,46.673990044930356,high,residential,9.0
1911.4582852642918,1242.4478854217898,239309.59681938123,136.47826306609312,49.93202741657233,high,residential,9.0
2601.7411062849824,1691.1317190852385,325731.2074102533,185.76450758606745,51.703474301154095,high,residential,9.0
1511.1666191306556,982.2583024349261,189194.12321941528,107.89740847203255,48.582092159615534,high,residential,9.0
1005.8634630504105,653.8112509827669,125931.48469607206,71.8187257221699,46.24429071688517,high,residential,9.0
2764.068127320412,1796.6442827582678,346054.1274846031,197.35466890446915,52.05123936035645,high,residential,9.0
4698.699465501692,3054.1546525761,588264.9301494847,335.4874896642511,55.10026119788927,high,residential,9.0
3140.160950409177,2041.1046177659653,393139.96898785664,224.20772431377463,52.78428758035785,high,residential,9.0
777.657533312065,505.47739665284223,97360.69690620173,55.52480544560685,50.381253926535386,high,commercial,10.5
26932.31940449803,17506.00761292372,3371856.2145917136,1922.9695991816543,65.13579712007085,high,residential,9.0
11077.048931304518,7200.081805347937,1386817.6638406303,790.9021136883115,60.02912916591947,high,residential,9.0
3216.5897313853065,2090.7833254004495,402708.6532232363,229.6647449332117,59.35241550962235,high,commercial,10.5
3222.2789716437624,2094.4813315684455,403420.9312797105,230.0709571088189,59.36358574655331,high,commercial,10.5
3074.7411349681224,1998.5817377292797,384949.5785525077,219.53674464849513,52.66330827780594,high,residential,9.0
847.0936522650262,550.6108739722671,106053.91807636095,60.482549478948656,50.92136204862394,high,commercial,10.5
4689.60030206742,3048.240196343823,587125.738596294,334.83780872146644,61.735727364446866,high,commercial,10.5
2031.4593203519184,1320.448558228747,254333.41373765512,145.0463458545847,56.447722733363825,high,commercial,10.5
1355.8112582432987,881.2773178581441,169744.03683024654,96.8050242042896,47.958954745985686,high,residential,9.0
443.0821228200939,288.00337983306105,55472.727282296546,31.63609636909372,46.83050454401305,high,commercial,10.5
3645.915764365851,2369.845246837803,456459.153900489,260.3186554694489,60.144365278364866,high,commercial,10.5
4787.7786841187835,3112.0561446772094,599417.4162155323,341.84775246771807,61.866707054119786,high,commercial,10.5
3444.6346221148933,2239.0125043746807,431259.2793488133,245.94716701262823,59.785385707731095,high,commercial,10.5
3492.1726168965997,2269.9122009827897,437210.9124304837,249.34138335910487,59.87202507546973,high,commercial,10.5
11990.36093136133,7793.734605384865,1501161.946521996,856.1126581014944,67.67064888742743,high,commercial,10.5
1981.279701313926,1287.831805854052,248051.05618211383,141.4635173406595,56.289654317393214,high,commercial,10.5
4465.548669002828,2902.6066348518384,559075.0579255421,318.84050553493665,54.80777947083843,high,residential,9.0
1561.7850121207364,1015.1602578784787,195531.4141304886,111.51156547861765,48.771356613630076,high,residential,9.0
970.7281760979898,630.9733144636934,121532.63831813268,69.31006363283106,46.040120330975945,high,residential,9.0
1429.9586029769544,929.4730919350203,179027.09119257878,102.09915010712768,54.2289732866092,high,commercial,10.5
2122.993645480861,1379.9458695625597,265793.2727419611,151.58190344474042,50.53506031598436,high,residential,9.0
981.2916772908694,637.8395902390652,122855.1611432225,70.0642983999798,46.10227058428702,high,residential,9.0
1453.2212011259908,944.5937807318941,181939.5078678124,103.76010133701342,54.330937363046,high,commercial,10.5
1251.7903856658643,813.6637506828118,156720.89462033732,89.37792620197838,47.500458053618885,high,residential,9.0
1309.5541202382205,851.2101781548433,163952.76367960952,93.50226112648132,47.75956650139882,high,residential,9.0
1178.8093010247726,766.2260456661022,147583.85298278678,84.1670713560833,47.15544956882336,high,residential,9.0
1188.605452080643,772.5935438524181,148810.30557013056,84.86651726664546,53.06097253958575,high,commercial,10.5
724.1887810530418,470.7227076844772,90666.54844155294,51.70713257621764,49.931440784470674,high,commercial,10.5
1025.8893241916942,666.8280607246013,128438.67033157703,73.2485736900984,46.357496036340876,high,residential,9.0
2802.218656214949,1821.442126539717,350830.474297181,200.07861949168233,58.48070119336334,high,commercial,10.5
4384.3021792671125,2849.796416523623,548903.2091064842,313.0395001534279,61.31017731643471,high,commercial,10.5
1517.8300099079393,986.5895064401606,190028.3623826002,108.3731750667969,48.607365944702266,high,residential,9.0
1121.4563825464168,728.946648655171,140403.41702806103,80.07206873110322,46.86899899036775,high,residential,9.0
1274.157886351004,828.2026261281526,159521.24742535703,90.97496740668112,47.60218133675631,high,residential,9.0
1055.7298025032894,686.2243716271381,132174.62046383842,75.37918605052705,46.52215178494249,high,residential,9.0
1337.5130415873668,869.3834770317885,167453.14778275718,95.49853018050642,47.88090631633358,high,residential,9.0
2121.046429427279,1378.6801791277312,265549.48636571877,151.44287207436943,50.529788140691615,high,residential,9.0
2278.3654380435037,1480.9375347282773,285245.41633406124,162.67546093531516,50.94087538037569,high,residential,9.0
951.7115202292518,618.6124881490138,119151.80255316524,67.95227299607014,45.9265136856813,high,residential,9.0
1039.385307775393,675.6004500540054,130128.33231112124,74.21218791703244,46.43254976874239,high,residential,9.0
731.0897324239589,475.2083260755733,91530.52957207286,52.19986101495315,45.76161024489993,high,residential,11.0
1070.0729836637693,695.5474393814501,133970.34937253766,76.40329024715824,46.59964799200817,high,residential,9.0
7421.895023623623,4824.2317653553555,929201.9184680041,529.9238541023028,57.727581572425926,high,residential,9.0
1311.2476338398847,852.310961995925,164164.78716991885,93.62317812300473,47.76698956262202,high,residential,9.0
1183.2816758991016,769.1330893344161,148143.7826638328,84.48639925318385,47.17719831827349,high,residential,9.0
1005.5618949091825,653.6152316909686,125893.72915055625,71.79719373456223,46.24256880990365,high,residential,9.0
936.1440100495408,608.4936065322015,117202.79084136992,66.84075161683326,45.83181147124262,high,residential,9.0
1301.2598797407377,845.8189218314795,162914.3463807977,92.91005174096894,47.72307183931095,high,residential,9.0
1206.4282313948595,784.1783504066588,151041.6711012367,86.1390650290353,47.28846142615941,high,residential,9.0
1004.2723621883156,652.7770354224051,125732.2830139102,71.705121002833,46.2351999553329,high,residential,9.0
1539.5562867137376,1000.7115863639294,192748.43562869928,109.92443283904721,48.68900877476818,high,residential,9.0
1127.4829118406665,732.8638926964333,141157.92279297634,80.50236336883441,46.899778683486545,high,residential,9.0
1082.230817519499,703.4500313876744,135492.47849282317,77.27136048445705,46.66452840798346,high,residential,9.0
2241.8524968292572,1457.2041229390172,280674.09123215725,160.06843422969928,50.848050472671055,high,residential,9.0
2052.0454323178446,1333.8295310065992,256910.74131661575,146.51619577286596,50.339772813053266,high,residential,9.0
1928.4921413412824,1253.5198918718336,241442.19121680508,137.69448165094394,49.98299849483104,high,residential,9.0
1061.9819212332804,690.2882488016323,132957.36943831277,75.82558779066977,46.55606050781209,high,residential,9.0
2003.1902380588886,1302.0736547382776,250794.19829248858,143.02793128620624,50.201332918509436,high,residential,9.0
2127.6789657633676,1382.991327746189,266379.86263326043,151.91643565974843,50.547726251367905,high,residential,9.0
1699.957881588491,1104.9726230325193,212830.29736462282,121.37711858704441,49.2583535863686,high,residential,9.0
7449.208150336865,4841.985297718963,932621.4507654193,531.8740133715187,57.74869360637662,high,residential,9.0
3186.037380575609,2070.9242973741457,398883.5785090674,227.48330482372114,52.86763207187891,high,residential,9.0
881.7135806429452,573.1138274179144,110388.24290359102,62.95441492791796,50.97835231925239,high,residential,20.0
3600.16135571986,2340.1048812179088,450730.821155698,257.05178730509454,53.5698553777134,high,residential,9.0
4382.029694750382,2848.3193015877487,548618.6999661752,312.8772445907097,54.69927809991956,high,residential,9.0
2139.168577337181,1390.4595752691678,267818.33206497,152.73679477665237,50.57866875918333,high,residential,9.0
731.4875664871321,475.46691821663586,91580.33736018569,52.2282663965139,49.90600546015613,high,residential,20.0
2275.4164246025607,1479.0206759916646,284876.20753520465,162.46490115732723,50.933433654815055,high,residential,9.0
4586.7887982611555,2981.412718869751,574254.006205404,327.4970597389419,54.961727959712135,high,residential,9.0
1909.3551473834343,1241.0808457992323,239046.28943663393,136.32809886571235,49.925702650829145,high,residential,9.0
2116.494421256888,1375.7213738169773,264979.5868034984,151.11785835403512,50.51744447548534,high,residential,9.0
1537.1421060971275,999.1423689631329,192446.18650588873,109.75206016430835,48.67999384264291,high,residential,9.0
1501.2669695092277,975.823530180998,187954.71288133957,107.19057275622797,48.54433707713374,high,residential,9.0
1347.8609122734188,876.1095929777222,168748.674230239,96.2373689135053,47.92517379575811,high,residential,9.0
1584.8221663452912,1030.1344081244392,198415.60581379384,113.15641999560663,48.855472467304736,high,residential,9.0
1306.0881770165824,848.9573150607786,163518.8366191221,93.25479252388533,47.7443445210619,high,residential,9.0
1109.6168485948006,721.2509515866204,138921.13822640837,79.22672513052069,46.80804593647664,high,residential,9.0
912.604509411607,593.1929311175445,114255.70669602347,65.16002952874219,45.68558263833673,high,residential,9.0
1147.5554057243949,745.9110137208567,143670.9467263291,81.9355409180255,47.001123607996405,high,residential,9.0
1407.4050721121384,914.81329687289,176203.44789378383,100.48882633382492,48.17348012707329,high,residential,9.0
1202.4962114419914,781.6225374372945,150549.3924484088,85.85831851332755,47.26971181538783,high,residential,9.0
932.7449702494921,606.2842306621699,116777.23991494194,66.59805992349138,45.810924836634705,high,residential,9.0
567.941123533931,369.16173029705516,71104.74883905669,40.55103826291403,48.39713547414779,high,commercial,10.5
992.6560781188404,645.2264507772462,124277.95451580166,70.87571746036168,46.16839100872135,high,residential,9.0
943.5687907056262,613.3197139586571,118132.35403350333,67.37088150530695,45.877173482418705,high,residential,9.0
1410.2261312720416,916.646985326827,176556.63715005197,100.69025016667464,48.18498229725965,high,residential,9.0
1010.9869129288631,657.141493403761,126572.92727119334,72.18454042276157,46.27346626674399,high,residential,9.0
1033.3670318669501,671.6885707135176,129374.85984860394,73.78248257165883,46.39920199795812,high,residential,9.0
890.5661495227284,578.8679971897735,111496.56146108641,63.58648900125758,45.545222967347044,high,residential,9.0
952.6481501527696,619.2212975993003,119269.06617910674,68.01914844194458,45.93216205363255,high,residential,9.0
917.4892294201671,596.3679991231087,114867.26091346877,65.50879889895124,45.71623421170809,high,residential,9.0
974.7025679759927,633.5566691843952,122030.22182558317,69.5938355071301,46.06358254683842,high,residential,9.0
3996.629790562475,2597.8093638656087,500367.6361598396,285.35966290195654,54.17022459791988,high,residential,9.0
2675.9866101585208,1739.3912966030387,335026.5510411354,191.06564205875952,51.86515084672284,high,residential,9.0
3832.8620545586573,2491.3603354631273,479864.3423253746,273.66663442816116,53.92978448702822,high,residential,9.0
2301.160204435121,1495.7541328828288,288099.26169224846,164.3030089430893,50.99807437116465,high,residential,9.0
1010.2712595790265,656.6763187263672,126483.32933650014,72.13344272060604,46.2693998565841,high,residential,9.0
945.0488973072677,614.281783249724,118317.6595234631,67.476561226231,45.88617361954105,high,residential,9.0
1851.6908594095567,1203.5990586162118,231826.8708323732,132.21086443570243,49.74952080267999,high,residential,9.0
983.7700267479748,639.4505173861837,123165.44403766478,70.24125273468022,46.116755118987825,high,residential,9.0
971.4365040132773,631.4337276086302,121621.31912750745,69.3606382984175,46.044308855730144,high,residential,9.0
1245.926459274313,809.8521985283035,155986.7463151617,88.95924142353672,47.47348946314771,high,residential,9.0
1847.1124850897297,1200.6231153083243,231253.67029694302,131.8839681703466,49.73529832473094,high,residential,9.0
1389.380341255939,903.0972218163603,173946.7985558264,99.20185921638779,48.09944037604618,high,residential,9.0
963.2242031844028,626.0957320698618,120593.16046170342,68.77427941130945,45.995558962353186,high,residential,9.0
1721.804856604575,1119.1731567929737,215565.48171215842,122.93699422044396,49.33171256970847,high,residential,9.0
1330.6923932193172,864.9500555925562,166599.22037895874,95.01153538212017,47.85154052638295,high,residential,9.0
1047.5336662327766,680.8968830513048,131148.4855586229,74.79398131408264,46.477394403634975,high,residential,9.0
1063.587602179334,691.3319414165671,133158.39650899637,75.94023352908064,46.564736823274785,high,residential,9.0
1045.4606206665212,679.5494034332388,130888.94565525526,74.64596570719208,46.46601849997602,high,residential,9.0
1097.7752862151356,713.5539360398382,137438.6054708492,78.3812367000253,46.7464289973558,high,residential,9.0
969.2809983423667,630.0326489225384,121351.45543389505,69.20673503395035,46.03155329797109,high,residential,9.0
2356.235036189484,1531.5527735231647,294994.4871249131,168.23535600733794,51.133969413453116,high,residential,9.0
941.7555827104972,612.1411287618232,117905.34511700795,67.24141832022964,45.866128603252406,high,residential,9.0
1079.1336691684294,701.4368849594791,135104.72358919898,77.05022386292019,46.64806982781262,high,residential,9.0
964.0391942792737,626.6254762815279,120695.19522324044,68.83246983581402,46.00041543696696,high,residential,9.0
1191.157117426313,774.2521263271035,149129.7674227892,85.0487063612167,47.21529697173457,high,residential,9.0
1219.933992040371,792.9570948262412,152732.5571434448,87.10337733890657,47.35240101172178,high,residential,9.0
1016.5420203518779,660.7523132287207,127268.4122461669,72.58117550398899,46.30493346364172,high,residential,9.0
1007.1870623283226,654.6715905134097,126097.19587689638,71.91323080859402,46.25184216777606,high,residential,9.0
905.7087768875899,588.7107049769335,113392.37895153722,64.66767371606167,45.64203184161323,high,residential,9.0
1059.8665635460693,688.9132663049451,132692.53216764992,75.67455109521075,46.5446101203113,high,residential,9.0
1055.1990898012264,685.8794083707971,132108.17661636515,75.34129312431304,46.51926420266239,high,residential,9.0
1112.397194909438,723.0581766911347,139269.23034053057,79.42524206320458,46.822418073651164,high,residential,9.0
955.843497761771,621.2982735451511,119669.11537395595,68.24729649776708,45.951390010101825,high,residential,9.0
1330.2485968774938,864.661587970371,166543.65823331822,94.97984829046138,47.849624586235755,high,residential,9.0
1027.1198493366594,667.6279020688287,128592.72887347033,73.33643327654013,46.364379967809455,high,residential,9.0
1034.436863850542,672.3839615028523,129508.80002539542,73.85886865448302,46.405144183037734,high,residential,9.0
1047.2032374449645,680.682104339227,131107.11673535407,74.77038867417242,46.47558267269879,high,residential,9.0
970.7463679284855,630.9851391535155,121534.91588791012,69.31136253087513,46.04022794213343,high,residential,9.0
1021.4755034851565,663.9590772653518,127886.07147976973,72.93342656491268,46.33273573992941,high,residential,9.0
936.6619445864899,608.8302639812184,117267.63489586572,66.87773218111222,45.83498745532375,high,residential,9.0
1005.3446069861988,653.4739945410292,125866.52526876412,71.78167936077618,46.24132781000479,high,residential,9.0
979.7900857913041,636.8635557643477,122667.16580002374,69.95708465575355,46.093476851679895,high,residential,9.0
970.2718197168658,630.6766828159627,121475.50368829815,69.27747975343644,46.03742016105923,high,residential,9.0
905.8065996618752,588.774289780219,113404.6261079907,64.6746582693871,45.64265196554519,high,residential,9.0
1019.6853625607774,662.7954856645053,127661.95050042866,72.80561037039446,46.322663071711524,high,residential,9.0
1038.7351174836601,675.1778263643791,130046.93018073215,74.16576428207154,46.42895631734927,high,residential,9.0
993.2179157861398,645.5916452609908,124348.29512782332,70.91583271139764,46.171640248565474,high,residential,9.0
1048.8517683381413,681.7536494197918,131313.5085077677,74.88809390197991,46.484615840293955,high,residential,9.0
966.9413952566894,628.5119069168481,121058.54322363804,69.03968720044078,46.017676203400875,high,residential,9.0
1130.3702607288333,734.7406694737416,141519.41135049856,80.70852029318932,46.9144672372128,high,residential,9.0
1015.6824266520517,660.1935773238337,127160.79335470601,72.51980045018884,46.300075501356496,high,residential,9.0
1274.5712291134014,828.471298923711,159572.9968622033,91.00448011051455,47.60404430632314,high,residential,9.0
942.1584774821898,612.4030103634234,117955.78649264126,67.27018503675332,45.868584609676304,high,residential,9.0
929.7854475669544,604.3605409185204,116406.71538642052,66.38674978487562,45.79267696054325,high,residential,9.0
1039.7197324894457,675.8178261181398,130170.20141394362,74.23606586637206,46.434397182296344,high,residential,9.0
1206.2572764320696,784.0672296808452,151020.26798533564,86.12685883203692,47.287647507703454,high,residential,9.0
1179.1599497410498,766.4539673316824,147627.7532884144,84.19210770038272,47.15715771750703,high,residential,9.0
1322.0673678808503,859.3437891225527,165519.38967994874,94.39570793447477,47.81419002467228,high,residential,9.0
1351.4835355242958,878.4642980907923,169202.21722214168,96.4960244817874,47.9405909147559,high,residential,9.0
1353.089092001039,879.5079098006754,169403.228709592,96.61066133308033,47.94741062167402,high,residential,9.0
1498.5878864697727,974.0821262053523,187619.29866541858,106.99928602888822,48.53407686454945,high,residential,9.0
1569.2684765033337,1020.0245097271669,196468.32437227503,112.04588538950846,48.79881629357434,high,residential,9.0
1488.0896263769932,967.2582571450456,186304.94385606906,106.2497094811162,48.49369374943204,high,residential,9.0
13299.786428128125,8644.861178283281,1665098.6068781242,949.6057355025943,61.08022604585338,high,residential,9.0
14152.782564362496,9199.308666835623,1771891.5005679347,1010.5097227738933,61.43752520416591,high,residential,9.0
3523.528537242909,2290.293549207891,441136.59195685555,251.58019839299473,53.44621384412434,high,residential,9.0
913.4290363530251,593.7288736294663,114358.93532070162,65.21890081339615,45.69076801701579,high,residential,9.0
1547.6390781648252,1005.9654008071363,193760.38005785402,110.50154474699416,48.719088699726505,high,residential,9.0
1685.0980690734,1095.31374489771,210969.8875564609,120.31612687344966,49.207916091934585,high,residential,9.0
2016.6469672799835,1310.8205287319893,252478.94572811597,143.98874274874456,50.23979886342396,high,residential,9.0
945.174120135935,614.3631780883578,118333.33709533163,67.48550214546763,45.886934420318916,high,residential,9.0
930.780577672146,605.007375486895,116531.30308267951,66.45780214805212,45.79881921760034,high,residential,9.0
1632.1543075548857,1060.9002999106758,204341.46656460792,116.5359383817959,49.02452800835292,high,residential,9.0
2135.6996049354134,1388.2047432080187,267384.02575902315,152.4891098903709,50.569344059932384,high,residential,9.0
2455.0600905082665,1595.7890588303733,307367.1264270632,175.29147220135417,51.37004189527662,high,residential,9.0
1782.8481466671278,1158.851295333633,223207.94257359343,127.29548964972034,49.53185942587073,high,residential,9.0
2034.4327188991049,1322.3812672844183,254705.6754882756,145.2586467309636,50.29024752246165,high,residential,9.0
1999.60120126102,1299.740780819663,250344.8602369897,142.77167379315523,50.191030056528604,high,residential,9.0
1696.6162940021777,1102.8005911014156,212411.93930565703,121.1385289860162,49.24705000683819,high,residential,9.0
2162.301919264268,1405.4962475217742,270714.5661980055,154.38851710272255,50.64046804964717,high,residential,9.0
2310.557763509273,1501.8625462810276,289275.8116020524,164.9739953566505,51.021491000447924,high,residential,9.0
1875.5582889385826,1219.1128878100787,234815.01082043292,133.91500067089288,49.823099134635626,high,residential,9.0
1903.6910684849654,1237.3991945152275,238337.1615168696,135.92368321307075,49.90863437830611,high,residential,9.0
2127.2230766410767,1382.6949998167,266322.78650301433,151.88388514266907,50.546495060647544,high,residential,9.0
3506.803555935168,2279.422311357859,439042.6678757377,250.38603348953325,53.41887206020148,high,residential,9.0
3300.711612935669,2145.462548408185,413240.49360536714,235.67105350314088,53.07082558806534,high,residential,9.0
2653.9522442371176,1725.0689587541265,332267.9058405196,189.49238670084833,51.81764165652834,high,residential,9.0
4813.2783107952955,3128.6309020169424,602609.9030336045,343.6684277000647,55.23872079543426,high,residential,9.0
1085.4527475352945,705.5442858979414,135895.8557357399,77.50140652609247,46.68160022633954,high,residential,9.0
1187.8737603226623,772.1179442097305,148718.69966852744,84.8142744209612,47.19944391089845,high,residential,9.0
3662.0732571824133,2380.347617168569,458482.0299011593,261.47230165263113,53.66783924008469,high,residential,9.0
6049.588047864479,3932.232231111912,757392.6607860154,431.9410344462646,56.55257655513309,high,residential,9.0
1060.1007999996868,689.0655199997965,132721.85796131633,75.69127559533871,46.54587916099251,high,residential,9.0
1846.011782121544,1199.9076583790036,231115.8651533178,131.80537789693716,49.73187379563373,high,residential,9.0
2373.844287500453,1542.9987868752944,297199.1195063812,169.49265785448924,51.17675038456232,high,residential,9.0
2084.4583558786385,1354.897931321115,260968.7548913135,148.83048091451607,50.42981447174129,high,residential,9.0
2268.8634590159186,1474.761248360347,284055.7933181642,161.99701892934905,50.916862919600916,high,residential,9.0
2453.0276243568205,1594.4679558319333,307112.66696069593,175.14635396768492,51.365283134707326,high,residential,9.0
2311.204043905635,1502.2826285386627,289356.7242237287,165.0201398247925,51.02309788727546,high,residential,9.0
3119.3540455717753,2027.580129621654,390534.9987166851,222.7221097681255,52.74608528896583,high,residential,9.0
2292.0979783363146,1489.8636859186045,286964.69459721417,163.65596532879124,50.97540260791056,high,residential,9.0
1220.4979840695132,793.3236896451837,152803.16747595576,87.14364641153757,47.35505567996969,high,residential,9.0
1034.5269692610666,672.4425300196933,129520.08098801445,73.86530218746465,46.40564437661851,high,residential,9.0
3344.0822806144506,2173.653482399393,418670.38819213887,238.7677223859768,53.14584088246297,high,residential,9.0
3308.0713882122027,2150.2464023379316,414161.91829335864,236.19654200270244,53.08362445694943,high,residential,9.0
3064.3827131527496,1991.8487635492872,383652.7311311269,218.79715256408164,52.643917023280906,high,residential,9.0
3369.028108632978,2189.8682706114355,421793.5408612089,240.54885635314744,53.18854861594298,high,residential,9.0
2912.4521007473013,1893.093865485746,364631.4143283684,207.94929559146848,52.35171582083649,high,residential,9.0
3638.587942771471,2365.082162801456,455541.7297302445,259.7954484651584,53.63086693891809,high,residential,9.0
2025.5424620109548,1316.6026003071206,253592.63849033252,144.62388173103665,50.265085966332904,high,residential,9.0
1498.870009837406,974.265506394314,187654.61977594564,107.01942965822181,48.53515818906409,high,residential,9.0
1303.438335628157,847.234918158302,163187.08338171794,93.06559365259375,47.73267950482957,high,residential,9.0
1368.8244001580551,889.7358601027358,171373.24829093146,97.73416350031822,48.01382261736849,high,residential,9.0
1305.6714786027371,848.6864610917792,163466.66706345804,93.22504022629012,47.74251171733485,high,residential,9.0
1257.9248003884081,817.6511202524653,157488.9073597688,89.81592386727615,47.52853587223433,high,residential,9.0
976.0154956841087,634.4100721946706,122194.59695367486,69.68757864268078,46.07131221934586,high,residential,9.0
1106.3034807387087,719.0972624801607,138506.3132041369,78.9901504203193,46.790871448644296,high,residential,9.0
1065.9306011704293,692.8548907607791,133451.73387776336,76.10752383048845,46.57737379428192,high,residential,9.0
957.5447825019744,622.4041086262833,119882.11179056192,68.36876835415747,45.96160128701091,high,residential,9.0
1833.6251131832357,1191.8563235691033,229565.08647694622,130.92096881780245,55.18368436161993,high,residential,20.0
1031.869877253252,670.7154202146139,129187.419991955,73.67558562141194,51.88136554372152,high,residential,20.0
1019.9263388603619,662.9521202592352,127692.12010524879,72.82281609602339,51.814509555163625,high,residential,20.0
1262.96620069117,820.9280304492604,158120.07754180196,90.17588022208966,53.041998167159164,high,residential,20.0
2863.9102073818012,1861.541634798171,358554.0957597652,204.4834008117941,52.25513699572932,high,residential,9.0
1961.9263692039294,1275.2521399825541,245628.06942898437,140.0816879953498,50.0817496554278,high,residential,9.0
2212.462044086979,1438.1003286565365,276994.4831285877,157.96995372823358,50.772228252929864,high,residential,9.0
2647.9964257368956,1721.1976767289823,331522.2528827725,189.06714081904516,51.80473237467498,high,residential,9.0
1911.1330458072107,1242.236479774687,239268.87768679863,136.45504094478127,49.931049778849754,high,residential,9.0
2005.4943291997383,1303.57131397983,251082.6644997831,143.1924435642263,50.207937433853175,high,residential,9.0
1670.2078818166444,1085.635123180819,209105.67490978705,119.25296640105155,49.15692763779448,high,residential,9.0
2411.296071103316,1567.3424462171556,301887.98522909236,172.16671797615138,51.26669288633212,high,residential,9.0
2401.2559139507384,1560.81634406798,300630.9837142231,171.44985001222142,51.24271863696481,high,residential,9.0
3771.9741906991376,2451.7832239544396,472241.3404195807,269.3192364412869,60.61850223872044,high,residential,24.0
2147.002371154165,1395.5515412502073,268799.10263912316,153.29612823509194,57.380411348490114,high,residential,24.0
1146.8255010410087,745.4365756766557,143579.5645618088,81.88342566959956,53.77821010180526,high,residential,24.0
1135.093312460134,737.8106530990872,142110.72512087386,81.04574653643436,46.93841377712684,high,residential,9.0
1223.2642991857429,795.1217944707329,153149.50292059706,87.3411615156165,47.36805879337625,high,residential,9.0
3493.4123723656003,2270.7180420376403,437366.1265848957,249.42990199136602,53.396886185305405,high,residential,9.0
1506.1282317753144,978.9833506539544,188563.33025054866,107.5376672418879,48.562907849393376,high,residential,9.0
1104.4997937451596,717.9248659343538,138280.49629223143,78.86136703545958,46.781500615114425,high,residential,9.0
2533.1616787511966,1646.5550911882779,317145.24177357974,180.86793138347252,51.54998501338761,high,residential,9.0
1076.90777934447,699.9900565739056,134826.04798301778,76.89129516471505,46.63621203671931,high,residential,9.0
1146.0560646030558,744.9364419919863,143483.23312462066,81.82848785097117,46.993614957558485,high,residential,9.0
1556.3579936528727,1011.6326958743673,194851.9655589514,111.12407595826998,48.75136043552229,high,residential,9.0
1283.4594420170165,834.2486373110607,160685.77795860835,91.63909916979433,47.64395881464998,high,residential,9.0
1410.9937233752248,917.1459201938961,176652.7376813325,100.74505629966393,48.18810798484468,high,residential,9.0
2743.2134030873212,1783.088712006759,343443.17034968955,195.86564005042797,52.007721120809336,high,residential,9.0
1940.6380560781618,1261.414736450805,242962.82809446694,138.5617008622745,50.01906911701517,high,residential,9.0
450.97442219484617,293.13337442665,56460.82259984027,32.19960712868891,46.941890851972914,high,commercial,10.5
908.1659608271597,590.3078745376538,113700.01197833287,64.84311683124324,45.65758833844345,high,residential,9.0
1323.2877470982953,860.137035613892,165672.17797815276,94.48284310094051,47.81948961612732,high,residential,9.0
1924.0595398771516,1250.6387009201485,240887.24106308227,137.37799357827583,49.96977808974628,high,residential,9.0
2908.7340309673514,1890.6771201287784,364165.92167972133,207.6838251339451,58.716506973545904,high,commercial,10.5
1222.8545145941696,794.8554344862102,153098.1989574668,87.31190286544332,47.366134448554966,high,residential,9.0
1327.3606237977817,862.7844054685581,166182.0915286409,94.77364679878391,47.837141118593884,high,residential,9.0
2466.7322470398017,1603.3759605758712,308828.45001184026,176.1248650417525,51.397294746602086,high,residential,9.0
3016.9887025234034,1961.0426566402123,377719.1244901668,215.41321669674213,52.554350096253934,high,residential,9.0
1376.3696581236197,894.6402777803529,172317.894928296,98.27289547760722,48.04539778061097,high,residential,9.0
1041.10640435077,676.7191628280004,130343.8091178692,74.3350743399208,46.44205104216452,high,residential,9.0
1266.2968748398298,823.0929686458894,158537.06926680962,90.41369060286154,52.31648698101517,high,residential,18.0
1197.187488820076,778.1718677330493,149884.75420855262,85.47927532513756,51.994151343096576,high,residential,18.0
1281.5086849112395,832.9806451923057,160441.5482518578,91.49981496803451,52.38507349687267,high,residential,18.0
1033.3527718534606,671.6793017047494,129373.07453207092,73.78146440564005,51.14897403629417,high,residential,18.0
1023.7650367851977,665.4472739103785,128172.7150833269,73.09689941202133,46.345592692181015,high,residential,9.0
953.3631755531101,619.6860641095216,119358.58549615915,68.07020130845957,45.93647029771692,high,residential,9.0
1270.9892451690373,826.1430093598743,159124.5418055863,90.74872619172588,47.58787992163583,high,residential,9.0
1621.9724934624196,1054.2821207505729,203066.729969966,115.8089561018716,55.025131025816435,high,commercial,10.5
1295.2684586696166,841.9244981352508,162164.2360739401,92.48226383296803,47.696564696790986,high,residential,9.0
1279.9372996754537,831.9592447890449,160244.81491473876,91.38761794587552,47.62817498460784,high,residential,9.0
10904.442934071401,7087.887907146411,1365207.8427292304,778.5780327084801,59.93886239904076,high,residential,9.0
1605.6823568375466,1043.6935319444053,201027.24731011188,114.64583914095681,48.93059196721764,high,residential,9.0
1045.7870429584998,679.7615779230249,130929.81287568503,74.66927228300318,46.467811246779206,high,residential,9.0
1250.2157058809285,812.6402088226035,156523.748814249,89.2654939487662,47.49322841337255,high,residential,9.0
1007.1750653476062,654.663792475944,126095.69388617003,71.91237422328278,46.25177376666005,high,residential,9.0
941.2433859661662,611.808200878008,117841.21941919753,67.20484743476835,45.86300478710213,high,residential,9.0
1129.7715047970398,734.3514781180759,141444.4486679565,80.66576907533559,46.91142432250424,high,residential,9.0
1689.3738575216205,1098.0930073890534,211505.20512918374,120.62141848517349,49.22247447213734,high,residential,9.0
2819.696203319452,1832.8025321576438,353018.61765516805,201.32651764874237,52.16573410366288,high,residential,9.0
1532.7681048703648,996.2992681657372,191898.57294919563,109.43975615292628,48.66362453032171,high,residential,9.0
1198.960259666863,779.324168783461,150106.70049943865,85.60585129482988,47.25279844560641,high,residential,9.0
1154.0108521015356,750.1070538659982,144479.15179243602,82.39646026722627,47.03334070946339,high,residential,9.0
1679.6113722311134,1091.7473919502238,210282.9674079439,119.92437631275043,49.189180584037835,high,residential,9.0
1841.3464910330586,1196.8752191714882,230531.78286492193,131.47227576786497,49.71733635664971,high,residential,9.0
900.1771831833199,585.115169069158,112699.83783288317,64.27271751609328,45.60685633546135,high,residential,9.0
956.2879936264949,621.5871958572217,119724.76509804095,68.27903353541276,45.95405966867867,high,residential,9.0
1015.0963490521306,659.8126268838848,127087.41796627965,72.4779544661693,46.2967609498222,high,residential,9.0
1004.6392956777984,653.0155421905689,125778.22213071154,71.73132008114479,53.01803831423007,high,residential,24.0
1257.4795462605641,817.3617050693667,157433.1627031169,89.78413268958757,47.526502510062954,high,residential,9.0
2170.195316398957,1410.626955659322,271702.798952233,154.95210624245848,50.66140365205614,high,residential,9.0
979.3077491129727,636.5500369234322,122606.7785046731,69.92264578121508,46.09064929841207,high,residential,9.0
906.6301862940737,589.309621091148,113507.73700840464,64.73346241589317,45.64787024382034,high,residential,9.0
886.899110396531,576.4844217577452,111037.45771732363,63.324662136189666,45.52153180312066,high,residential,9.0
1037.0078544365751,674.0551053837738,129830.68134779367,74.04243757264672,46.41939920880631,high,residential,9.0
1008.8413621084325,655.7468853704811,126304.30989892264,72.03134793535558,46.261266417568876,high,residential,9.0
1318.9060288371454,857.2889187441446,165123.59826886188,94.16998809273193,47.80043889906781,high,residential,9.0
974.5644851275033,633.4669153328772,122012.93421274098,69.58397638152618,46.06276899958151,high,residential,9.0
1089.952415089319,708.4690698080574,136459.20238916998,77.82268312254365,46.70535777112874,high,residential,9.0
1077.2576503676796,700.2174727389918,134869.8509234997,76.91627598167189,46.63807749550657,high,residential,9.0
1004.6134239042137,652.9987255377389,125774.98305207024,71.72947283459565,46.23714982386743,high,residential,9.0
1365.1795643350126,887.3667168177583,170916.92434287077,97.47392195273922,47.998507467044575,high,residential,9.0
4528.159420030164,2943.3036230196067,566913.7608155918,323.31091779313203,54.88779611446996,high,residential,9.0
1111.5174500188123,722.486342512228,139159.08857248756,79.36242821288965,46.81787439061714,high,residential,9.0
1991.2234347518263,1294.2952325886872,249295.9856991471,142.1735006442236,50.166908328771775,high,residential,9.0
1427.5392776637937,927.9005304814659,178724.19796716512,101.92641010067427,48.25507271943895,high,residential,9.0
1566.2414075264837,1018.0569148922144,196089.34322370432,111.82975244047859,48.78772461928704,high,residential,9.0
1512.9057804906156,983.3887573189002,189411.86169012345,108.02158472187742,48.58869940398844,high,residential,9.0
1129.3695602612709,734.0902141698261,141394.12625938488,80.6370702057272,46.909380711489824,high,residential,9.0
981.5995604969963,638.0397143230476,122893.70731840911,70.08628128368872,46.10407197220886,high,residential,9.0
1593.2915187571,1035.639487192115,199475.94666800764,113.76113238476476,48.88608986982993,high,residential,9.0
916.8248488364304,595.9361517436798,114784.08219549496,65.46136207609078,45.712074820729384,high,residential,9.0
1011.3213319073325,657.3588657397661,126614.79565593561,72.20841796258007,46.27536548131867,high,residential,9.0
1054.308515037752,685.3005347745387,131996.67897645975,75.277706020275,46.51441536640418,high,residential,9.0
1050.2264102264173,682.6471666471713,131485.61009041296,74.98624343456251,46.49213738743623,high,residential,9.0
2175.2511862045017,1413.913271032926,272335.7806783128,155.3130957208418,50.67477334981788,high,residential,9.0
1381.9684341421296,898.2794821923843,173018.84709764263,98.67264849978561,48.06871577369194,high,residential,9.0
1701.1912477120334,1105.7743110128217,212984.71158963154,121.46518101956687,49.26252008086438,high,residential,9.0
915.8236298183938,595.285359381956,114658.73218321305,65.38987496408642,45.70580094334154,high,residential,9.0
1071.2935551015662,696.340810816018,134123.1617362289,76.49043913817135,46.60619475414445,high,residential,9.0
919.7660488859119,597.8479317758428,115152.31277809919,65.67136397734997,45.730465576959055,high,residential,9.0
2447.502988250684,1590.8769423629449,306420.9969151995,174.75189454073828,51.35232795905995,high,residential,9.0
1961.480167761999,1274.9621090452993,245572.20617107712,140.0498291793653,50.08044286456735,high,residential,9.0
1420.0215690244136,923.0140198658688,177783.00043365633,101.38964514731421,48.22474300501617,high,residential,9.0
1223.9057952741175,795.5387669281764,153229.81655937937,87.38696438381406,47.371069960312944,high,residential,9.0
2439.0589465670814,1585.388315268603,305363.8248982075,174.14898933944775,51.33247023657066,high,residential,9.0
1282.0752110664278,833.348887193178,160512.4758503468,91.54026497745278,47.63776080793621,high,residential,9.0
2410.2504045131627,1566.6627629335558,301757.070496594,172.09205730420757,51.2642006654528,high,residential,9.0
3233.1302056116456,2101.5346336475695,404779.4774985143,230.8457360174027,52.951947739755525,high,residential,9.0
1297.286975713277,843.23653421363,162416.94914835837,92.62638609930879,47.705508645763665,high,residential,9.0
1263.609760018502,821.3463440120263,158200.64949272573,90.2218304057015,47.554434611376394,high,residential,9.0
2000.0416011706373,1300.0270407609144,250399.9971581678,142.8031183793031,50.19229528414186,high,residential,9.0
1424.7474023411871,926.0858115217717,178374.6624512851,101.72706999596791,48.24382774879027,high,residential,9.0
3738.460533914428,2429.9993470443783,468045.51791331917,266.92635886596594,53.78647505097482,high,residential,9.0
1746.7246596896136,1135.371028798249,218685.37612736635,124.71627000543704,49.41426238129411,high,residential,9.0
2757.7385090812154,1792.53003090279,345261.6757735089,196.90273369363214,52.03806592641094,high,residential,9.0
985.16774059397,640.3590313860806,123340.43416930016,70.34104960675188,46.12490788892421,high,residential,9.0
1751.240383207392,1138.3062490848047,219250.732945623,125.0386929988888,49.429095198220445,high,residential,9.0
1265.2785783838422,822.4310759494974,158409.5812037932,90.34098416052326,47.5620150774299,high,residential,9.0
2174.1528373341152,1413.1993442671749,272198.2702615982,155.23467353018947,50.67187152850278,high,residential,9.0
1162.2426122436218,755.4576979583542,145509.746713551,82.98420855073815,47.0741626244318,high,residential,9.0
4429.086684210108,2878.90634473657,554510.1124348411,316.2371171215899,54.760662571229176,high,residential,9.0
4789.487660258971,3113.166979168331,599631.3755753756,341.9697734906367,55.2102447172298,high,residential,9.0
1085.4918087104572,705.5696756617972,135900.74609309246,77.50419549689063,46.68180688633633,high,residential,9.0
1386.376030718666,901.144419967133,173570.66670459136,98.98735122162846,48.08700638368103,high,residential,9.0
1783.0155317153994,1158.9600956150098,223228.89874549862,127.30744095455786,49.53239877274763,high,residential,9.0
1102.6766873133026,716.7398467536467,138052.24811724902,78.73119710126713,46.772013340552185,high,residential,9.0
1026.4791218465803,667.2114292002772,128512.51146119196,73.29068528631778,46.360796572354715,high,residential,9.0
2415.878201967438,1570.320831278835,302461.65607408027,172.49388245904797,51.27760112166695,high,residential,9.0
1978.650637573378,1286.1229144226957,247721.90425208566,141.27580199496444,50.13051702224849,high,residential,9.0
1603.492810655608,1042.2703269261453,200753.1218332147,114.48950538148236,48.92275316081127,high,residential,9.0
1235.2751700302624,802.9288605196706,154653.23265480582,88.19873858303576,47.42417746327878,high,residential,9.0
1173.4934963196022,762.7707726077415,146918.3280845602,83.78752250662468,47.129491809875326,high,residential,9.0
1282.646455971149,833.7201963812469,160583.9942239822,91.58105190593706,47.640319413431456,high,residential,9.0
1136.1905124485395,738.5238330915507,142248.0917005579,81.12408669682817,46.94396248581712,high,residential,9.0
1099.5152380263519,714.6849047171288,137656.44290399508,78.5054693881484,46.75552424370256,high,residential,9.0
1060.5138937542902,689.3340309402886,132773.57622303555,75.72077051999719,46.548116527985385,high,residential,9.0
980.1318247457999,637.0856860847699,122709.95062669157,69.98148484240221,46.09547935171311,high,residential,9.0
2021.1000811891367,1313.7150527729389,253036.46398650837,144.30669541150573,50.25247157546089,high,residential,9.0
1325.3515782124744,861.4785258381083,165930.5642561296,94.63020079527072,47.828440859493625,high,residential,9.0
892.9084346100019,580.3904824965012,111789.80945095501,63.75372832987965,45.560304521176306,high,residential,9.0
2172.4638210137787,1412.101483658956,271986.80981919303,155.1140776398858,50.66740631220552,high,residential,9.0
1097.4188336585587,713.3222418780632,137393.97853953857,78.35578596109885,46.74456393623795,high,residential,9.0
1583.4250347482955,1029.226272586392,198240.68857821604,113.05666469615662,48.850406014826916,high,residential,9.0
974.661718010354,633.5301167067302,122025.1075163239,69.59091881655952,46.063341881746084,high,residential,9.0
966.3192512770577,628.1075133300875,120980.6524184465,68.99526607424004,46.013980379999516,high,residential,9.0
1709.1570331520654,1110.9520715488425,213982.007171073,122.03393868966293,49.28935719423689,high,residential,9.0
1023.3560064559426,665.1814041963627,128121.50555187358,73.06769461623351,46.34329787727199,high,residential,9.0
1254.4511593535694,815.3932535798201,157054.0165531261,89.56790564024782,47.51265352247916,high,residential,9.0
917.8340094943646,596.592106171337,114910.42648039933,65.53341622177174,45.71839154057257,high,residential,9.0
1110.2128975640096,721.6383834166063,138995.76200428812,79.26928307104552,46.811130054102215,high,residential,9.0
1847.3037055681943,1200.7474086193263,231277.6106026027,131.89762132666434,49.73589304576051,high,residential,9.0
886.089318709239,575.9580571610054,110936.07390806789,63.26684294977112,45.51628689872029,high,residential,9.0
892.1438879342325,579.8935271572511,111694.09019925153,63.69913964063315,45.555386090878784,high,residential,9.0
1381.5961606838077,898.0375044444751,172972.23943065648,98.6460681473034,48.06716824742862,high,residential,9.0
1899.4479541002142,1234.6411701651393,237805.93465175765,135.6207245318974,49.89581478789854,high,residential,9.0
997.5693894481926,648.4201031413252,124893.08829211257,71.2265282529918,46.19674384011519,high,residential,9.0
1147.3165932636014,745.7557856213409,143641.04802848748,81.91848969064641,46.99992829965432,high,residential,9.0
1348.5884146769095,876.5824695399912,168839.7556355758,96.28931263896888,47.92827321221339,high,residential,9.0
1319.907275674175,857.9397291882138,165248.95176400925,94.24147719101448,47.804797661881814,high,residential,9.0
1361.9106402981392,885.2419161937905,170507.66357096267,97.24052053452002,47.984737055997925,high,residential,9.0
3228.557841501312,2098.562596975853,404207.02942565246,230.51926888144962,52.943815311325125,high,residential,9.0
1139.568725702836,740.7196717068434,142671.0351977234,81.36529137326166,46.96101307229538,high,residential,9.0
933.3906030139931,606.7038919590955,116858.0714547967,66.64415815067056,45.81489800480114,high,residential,9.0
2042.3069955093833,1327.4995470810993,255691.5144026673,145.82087066384116,50.31244200240652,high,residential,9.0
2831.404995045784,1840.4132467797594,354484.527870877,202.16252624476115,52.189545545869144,high,residential,9.0
9900.206211220482,6435.134037293314,1239480.0216675007,706.8754563569757,59.383557777651106,high,residential,9.0
10729.162475459247,6973.95560904851,1343263.1860217517,766.062994988205,59.84572294048051,high,residential,9.0
5165.392503237985,3357.50512710469,646693.6824586893,368.8094071061905,55.64447575405702,high,residential,9.0
1067.0588596326936,693.5882587612509,133592.9888974486,76.18808156821494,46.58344916331162,high,residential,9.0
3600.6223415105487,2340.4045219818568,450788.5353755476,257.0847017246748,53.57059115592864,high,residential,9.0
1591.214007789851,1034.2891050634032,199215.84770807065,113.6127979479127,48.878594579340955,high,residential,9.0
1099.7297793486077,714.824356576595,137683.3029185326,78.52078765443915,46.75664471910467,high,residential,9.0
1270.6110233781346,825.8971651957876,159077.18942285996,90.72172112785704,47.58617046752773,high,residential,9.0
4112.194434708185,2672.9263825603207,514836.0284916458,293.6109870487856,54.33403789318114,high,residential,9.0
2174.454815082433,1413.3956298035814,272236.07708885445,155.2562347637737,50.67266949522875,high,residential,9.0
1168.7485102774756,759.6865316803592,146324.26819562155,83.44873015196296,47.10622199935174,high,residential,9.0
1075.1204633334044,698.8283011667129,134602.28067546297,76.76368066921654,46.62667288380292,high,residential,9.0
902.1330746506251,586.3864985229063,112944.71034831894,64.41236831164629,45.61931849946989,high,residential,9.0
926.6651815259349,602.3323679918577,116016.06620825008,66.16396255856502,45.77337502936303,high,residential,9.0
1178.012134833709,765.7078876419109,147484.04985276185,84.11015363103009,47.1515643670291,high,residential,9.0
915.0739893495071,594.7980930771796,114564.87914977164,65.33635057911476,45.70109903023118,high,residential,9.0
892.7727639283996,580.3022965534598,111772.82383512193,63.74404143317005,45.55943204074784,high,residential,9.0
1410.7960998847761,917.0174649251045,176627.99573525612,100.73094596781657,48.18730341091519,high,residential,9.0
1781.5285532926744,1157.9935596402383,223042.7329214444,127.20127058509975,49.52760566873282,high,residential,9.0
2068.67573857619,1344.6392300745235,258992.81232823455,147.70360087079217,50.386147223097396,high,residential,9.0
1897.8112185852838,1233.5772920804345,237601.01962996638,135.50386149496984,49.89086211813551,high,residential,9.0
1020.7666841700226,663.4983447105147,127797.32914841457,72.88281681334084,46.32874950424455,high,residential,9.0
1136.5552003249738,738.760880211233,142293.74967245676,81.1501254382021,46.94580558299038,high,residential,9.0
1582.6989588326892,1028.754323241248,198149.78576544556,113.0048228220336,48.84777126353171,high,residential,9.0
891.6871797330227,579.5966668264648,111636.91152245895,63.66653064125834,45.55244601726559,high,residential,9.0
1842.7039367803725,1197.7575589072421,230701.73153552494,131.5691974947099,49.7215700654853,high,residential,9.0
1096.485569956013,712.7156204714084,137277.13635569176,78.28915086365102,46.73967796697961,high,residential,9.0
1267.4935641235027,823.8708166802768,158686.89164703188,90.49913430630228,47.57206104745638,high,residential,9.0
2332.0266021914094,1515.8172914244162,291963.6542658498,166.50687202781415,51.07463136731363,high,residential,9.0
3198.5673035913123,2079.0687473343532,400452.2922226661,228.3779422545865,52.89018685644295,high,residential,9.0
907.8934175308766,590.1307213950698,113665.89026777705,64.82365721971325,45.65586493402261,high,residential,9.0
1173.8584773687671,763.0080102896986,146964.022760921,83.81358218055325,47.131277812080405,high,residential,9.0
892.9835853338418,580.4393304669971,111799.21812576706,63.75909409712496,45.56078774867544,high,residential,9.0
1178.4513444671393,765.9933739036405,147539.03775446268,84.14151323137007,47.15370529701571,high,residential,9.0
891.2835413939283,579.3343019060534,111586.37705412437,63.637710833967134,45.54984633016302,high,residential,9.0
2552.3818807687967,1659.048222499718,319551.5609860248,182.24025523032995,51.5934171937422,high,residential,9.0
2017.8441719291004,1311.5987117539153,252628.832630749,144.07422324931616,50.24320862617741,high,residential,9.0
2018.3504306460313,1311.9277799199203,252692.21490300103,144.1103701591815,50.24464989512878,high,residential,9.0
1691.4753481789455,1099.4589763163146,211768.30628383678,120.77146507367212,49.229616222062354,high,residential,9.0
942.7138474276233,612.7640008279551,118025.31736273757,67.30983849196923,45.871968370282346,high,residential,9.0
918.3284953903265,596.9135220037122,114972.33482614128,65.56872255134837,45.72148418346437,high,residential,9.0
925.7938661893749,601.7660130230937,115906.97979841201,66.10175057903437,45.767973485567786,high,residential,9.0
775.0224695669162,503.7646052184956,97030.79379123123,55.33666169913918,51.528127866122,high,residential,24.0
934.2269144186648,607.2474943721321,116962.77546356861,66.70387084687317,52.600781120537945,high,residential,24.0
439.11091799888266,285.4220966992737,54975.542786052174,31.352552050885556,48.26802507515172,high,residential,24.0
1029.8314148297156,669.3904196393152,128932.20980794591,73.53003925347156,53.16026085948982,high,residential,24.0
3896.6015259878786,2532.7909918921214,487844.35806874634,278.21763740660606,60.805305014760656,high,residential,24.0
1675.0813720981569,1088.802891863802,209715.82319466607,119.60093396791807,64.65389174146338,high,residential,80.0
959.1136918127901,623.4238996783135,120078.53514832594,68.48078859509029,61.4512279573033,high,residential,80.0
1303.489968674489,847.268479638418,163193.54770458367,93.06928025592408,47.732907027859774,high,residential,9.0
798.4686653533456,519.0046324796747,99966.19641228444,57.01072181392582,60.398712538362176,high,residential,80.0
928.3732042657812,603.4425827727578,116229.90620485478,66.28591550862868,45.78394886726816,high,residential,9.0
1240.997292029349,806.6482398190768,155369.62741953038,88.60729851735819,47.45072159917463,high,residential,9.0
1409.8976735853448,916.4334878304742,176515.5151035069,100.66679826353,48.18364427564783,high,residential,9.0
1124.660832598705,731.0295411891582,140804.6058250924,80.3008667020502,46.88538580752753,high,residential,9.0
1004.6360359963188,653.0134233976072,125777.81402708372,71.73108733964585,46.237279075061466,high,residential,9.0
1027.6031526202546,667.9420492031655,128653.23718528142,73.370941166766,46.36708145994214,high,residential,9.0
986.5587145651145,641.2631644673245,123514.58048616567,70.44036525126029,46.133009882068585,high,residential,9.0
3223.077522076359,2095.000389349633,403520.9077131686,230.12797366882006,52.93405280537436,high,residential,9.0
987.5607690941457,641.9144999111948,123640.0351022471,70.51191201881151,46.13883947125427,high,residential,9.0
2182.3721192730927,1418.5418775275102,273227.3029441972,155.82153086907567,50.69355129569277,high,residential,9.0
1450.201918354483,942.631246930414,181561.50153186283,103.54452432362137,48.34554713332036,high,residential,9.0
1614.651755704559,1049.5236412079635,202150.19267759612,115.28625488403307,48.96259223765916,high,residential,9.0
920.3471880377083,598.2256722245104,115225.06988568793,65.71285735580784,45.73409237677321,high,residential,9.0
1105.2507025451916,718.4129566543746,138374.50811742747,78.91498197936889,46.78540372551615,high,residential,9.0
1042.581248626626,677.6778116073068,130528.45577835213,74.44037833039422,46.45018040911698,high,residential,9.0
1615.1570758258636,1049.8520992868114,202213.45744012136,115.32233477810121,48.9643897864628,high,residential,9.0
1441.5696807271966,937.0202924726777,180480.7678730849,102.92818191802033,48.311252972208784,high,residential,9.0
887.4327159549352,576.8312653707079,111104.2637428732,63.36276161256058,45.524985275757906,high,residential,9.0
972.3975393850711,632.0584006002963,121741.63825198228,69.4292562951055,46.04998682933182,high,residential,9.0
1434.8650975108208,932.6623133820335,179641.37152385668,102.44947418005547,48.28447510792484,high,residential,9.0
1260.3567125229024,819.2318631398866,157793.37642241723,89.98956257370455,47.53962912016069,high,residential,9.0
1326.7633860236576,862.3962009153774,166107.3189154833,94.73100397750014,47.83455612967107,high,residential,9.0
2274.270230262109,1478.275649670371,284732.7069903041,162.38306279657044,50.9305386741302,high,residential,9.0
1159.779636598257,753.856763788867,145201.38858028068,82.80835190733407,47.061978908713094,high,residential,9.0
986.5984203554135,641.2889732310188,123519.5515476537,70.4432002476269,46.13324098845727,high,residential,9.0
1137.2445726467577,739.2089722203925,142380.0572909156,81.19934667300917,46.94928799029063,high,residential,9.0
1068.600009065831,694.5900058927903,133785.93679085845,76.29811975182659,46.59173747708022,high,residential,9.0
1741.8748363260704,1132.2186436119457,218078.1908789505,124.36999225826547,49.398289401669345,high,residential,9.0
1518.5232278755102,987.0400981190817,190115.15146589137,108.42267088099784,48.60998890256239,high,residential,9.0
1340.3190078555656,871.2073551061177,167804.44744830998,95.69887637977119,47.892943774374984,high,residential,9.0
1213.5659696334765,788.8178802617597,151935.2973306208,86.64870006765304,47.3223418265368,high,residential,9.0
1269.3078580855201,825.0501077555881,158914.03652375212,90.62867502949584,47.58027663740205,high,residential,9.0
1749.6550503232556,1137.2757827101161,219052.2533992725,124.92550011360511,49.42389220711905,high,residential,9.0
1188.1631998209905,772.3060798836439,148754.9367395546,84.834940422568,47.20084317263126,high,residential,9.0
1511.750604172751,982.6378927122882,189267.2366250542,107.93910504726843,48.5843116230408,high,residential,9.0
1316.4897595205268,855.7183436883424,164821.08764625256,93.99746628465785,47.78990643683161,high,residential,9.0
1355.198926743908,880.8793023835402,169667.3745220138,96.76130368990447,47.956359999439265,high,residential,9.0
983.9570020385396,639.5720513250508,123188.85285686067,70.25460278426765,46.117846403350775,high,residential,9.0
1056.5295684606024,686.7442194993915,132274.74907782383,75.43628939908294,46.52650053481608,high,residential,9.0
1648.4609194610066,1071.4995976496543,206383.0118867463,117.70023167901142,49.08163734114677,high,residential,9.0
1022.9076178311444,664.8899515902439,128065.36846437024,73.03567963523035,46.340781194364425,high,residential,9.0
1847.182483969007,1200.6686145798546,231262.43397423948,131.88896609550878,49.735516037661704,high,residential,9.0
905.2012136738887,588.3807888880276,113328.8333596885,64.63143366503036,45.63881319226136,high,residential,9.0
996.6645540233587,647.8319601151832,124779.80525456253,71.16192293667702,46.19153287762012,high,residential,9.0
1530.9762386993857,995.1345551546008,191674.23597347553,109.3118167756731,48.65690514660304,high,residential,9.0
1118.5505121304188,727.0578328847723,140039.60962351406,79.86458936829007,46.85409854321861,high,residential,9.0
916.5970976838324,595.7881134944911,114755.5683446181,65.44510062693571,45.71064827918499,high,residential,9.0
887.9693517246418,577.1800786210172,111171.44914298231,63.401077446242816,45.52845626851989,high,residential,9.0
2526.821265966315,1642.4338228781048,316351.43861349206,180.41522544127452,51.535585200758426,high,residential,9.0
1929.0833210300007,1253.9041586695005,241516.2053734548,137.73669192448128,49.984759415251325,high,residential,9.0
1310.5079721484638,851.8301818965015,164072.18345341546,93.57036622348284,47.76374863362303,high,residential,9.0
1611.1601411424597,1047.2540917425988,201713.0516321722,115.0369533458278,48.95015631518338,high,residential,9.0
929.9284212832775,604.4534738341305,116424.61532317186,66.39695811880492,45.79355984329272,high,residential,9.0
1352.8378341456087,879.3445921946457,169371.77188076955,96.59272150360287,47.94634392125008,high,residential,9.0
1628.5187828374853,1058.5372088443655,203886.3083427126,116.27636164784901,49.01171788006863,high,residential,9.0
1440.3572329790572,936.2322014363872,180328.97257417173,102.84161305905015,48.30641972993564,high,residential,9.0
1344.3870992693442,873.8516145250737,168313.76189349603,95.9893384078608,47.910351042997675,high,residential,9.0
937.5182423865069,609.3868575512295,117374.8411492583,66.93887190742201,45.84023444333067,high,residential,9.0
3869.200975854212,2514.980634305238,484413.8805868847,276.26123609870035,53.98401143767884,high,residential,9.0
2096.009572690798,1362.4062222490188,262414.9371383453,149.65523864999835,50.461565367251495,high,residential,9.0
945.9103977276873,614.8417585229968,118425.51713137413,67.53807242002267,45.89140569509652,high,residential,9.0
1388.1116109941513,902.2725471461983,173787.95683285416,99.11127178177674,48.09419274048389,high,residential,9.0
1330.3768745971404,864.7449684881412,166559.7182695775,94.98900732914007,47.85017844739146,high,residential,9.0
1454.4327705076726,945.3813008299871,182091.19319753378,103.84660748055352,48.36228104460186,high,residential,9.0
5908.157364451565,3840.3022868935172,739685.9077345072,421.84287318098944,56.41661951246785,high,residential,9.0
1125.5144872914414,731.584416739437,140911.4811683404,80.36181771030454,46.889743331814614,high,residential,9.0
1551.1534455193337,1008.249739587567,194200.36969360293,110.75247083626175,48.73211839899955,high,residential,9.0
2222.2131271221087,1444.4385326293707,278215.293317164,158.66618177877865,50.7974953692232,high,residential,9.0
1611.8422799792133,1047.6974819864888,201798.45363715282,115.08565810926827,48.95258797319788,high,residential,9.0
922.5492094985427,599.6569861740528,115500.75723499729,65.87008185111895,45.747814127614944,high,residential,9.0
2386.8988162114706,1551.484230537456,298833.5124861206,170.4247521708346,51.20826158055907,high,residential,9.0
929.5287692543451,604.1937000153243,116374.57993048284,66.36842293435437,45.79109159562992,high,residential,9.0
908.892133991291,590.7798870943392,113790.92696636531,64.89496564891815,45.66217771198742,high,residential,9.0
888.2814698309751,577.3829553901338,111210.52551664028,63.423362702139954,45.530474103787185,high,residential,9.0
910.4537864525411,591.7949611941517,113986.44178547217,65.00646775025479,45.67203487225054,high,residential,9.0
1800.3951843327877,1170.256869816312,225404.78596877275,128.5483494379911,49.588125731106835,high,residential,9.0
926.0238083324086,601.9154754160656,115935.76795558257,66.11816846506873,45.769399458615126,high,residential,9.0
1206.1845641499647,784.0199666974771,151011.16459707526,86.12166716971201,47.28730128879287,high,residential,9.0
1286.2178087379098,836.0415756796414,161031.11828486386,91.83604675785787,47.656289734261186,high,residential,9.0
1026.838260246735,667.4448691603777,128557.47465312033,73.31632779467452,46.36280540016187,high,residential,9.0
2802.043823662922,1821.3284853808993,350808.5857172109,200.0661364345254,52.1296480651537,high,residential,9.0
2597.046584816319,1688.0802801306074,325143.46555442177,185.42931840568673,51.693097055903124,high,residential,9.0
2419.4111278726873,1572.6172331172468,302903.96919202566,172.74613363021226,51.285997505825875,high,residential,9.0
1138.986267902188,740.3410741364222,142598.1129987343,81.32370384317817,46.95807688547719,high,residential,9.0
1963.7959973857996,1276.46739830077,245862.14200585138,140.21517958593705,50.08722201033049,high,residential,9.0
947.8282368131917,616.0883539285746,118665.62558775775,67.67500627269824,45.903036067231554,high,residential,9.0
906.8078447176241,589.4250990664557,113529.97938012634,64.74614724048605,45.64899527390167,high,residential,9.0
914.9414623845231,594.7119505499401,114548.28711906791,65.32688814400443,45.70026739117053,high,residential,9.0
1001.3432397900872,650.8731058635567,125365.56452177333,71.49598144676733,46.21842671289158,high,residential,9.0
1263.3075058233642,821.1498787851867,158162.80805504802,90.2002494337939,47.553060577385615,high,residential,9.0
1051.330691342753,683.3649493727895,131623.86320886333,75.06508918801477,46.49817249671665,high,residential,9.0
1732.6539229600983,1126.225049924064,216923.75655154267,123.71161836134479,49.367797192365295,high,residential,9.0
996.4947175455065,647.7215664045792,124758.54217006137,71.149796599586,46.190554259701464,high,residential,9.0
925.7529902473657,601.7394436607877,115901.86223697882,66.09883203374903,45.76771995871588,high,residential,9.0
3412.1737589037057,2217.912943287409,427195.26385479775,243.6294589763912,59.72553530447182,high,commercial,10.5
995.0173062812594,646.7612490828186,124573.57412932043,71.04430932595145,51.93793157948626,high,commercial,10.5
931.3914673500601,605.4044537775391,116607.78487862021,66.5014197162771,51.520539184106,high,commercial,10.5
923.0461659000944,599.9800078350613,115562.97488160194,65.90556457497759,51.46369094271306,high,commercial,10.5
1979.8866568920866,1286.9263269798564,247876.6506502161,141.36405386581825,56.28520928301266,high,commercial,10.5
1330.666939963907,864.9335109765395,166596.03369770237,95.00971801779966,53.77426767764983,high,commercial,10.5
1417.9648972871446,921.677183236644,177525.51049101417,101.24279863302539,54.175753247093084,high,commercial,10.5
959.8290428634941,623.8888778612712,120168.09523595539,68.53186471306537,45.97528317400719,high,residential,9.0
1642.5838360988964,1067.6794934642828,205647.21636313852,117.2806074918979,49.06111984137406,high,residential,9.0
1006.2727324371019,654.0772760841163,125982.72415689354,71.8479475866764,46.24662675643394,high,residential,9.0
931.7482983460347,605.6363939249226,116652.45918955738,66.52689747580457,45.80478600691073,high,residential,9.0
3185.4481522230394,2070.5412989449756,398809.80865461915,227.44123387572932,52.866569235547914,high,residential,9.0
2298.9134497923123,1494.293742365003,287817.9738651127,164.1425904952738,50.99246179980559,high,residential,9.0
1656.823418099632,1076.9352217647609,207429.97492697576,118.29731470085429,49.110706014380135,high,residential,9.0
1591.042664848806,1034.1777321517238,199194.39601830297,113.60056404923819,48.877975967956,high,residential,9.0
1558.9294528258265,1013.3041443367873,195173.9055472112,111.30767833357456,48.76084380431338,high,residential,9.0
1224.2511397508838,795.7632408380745,153273.05278804092,87.41162200501975,47.372690345907806,high,residential,9.0
935.5283453748077,608.093424493625,117125.71122826923,66.79679311348194,45.828033920032205,high,residential,9.0
3374.6321492818834,2193.5108970332244,422495.1521485637,240.9489852703259,53.19809934821112,high,residential,9.0
899.101989401775,584.4162931111538,112565.22637295866,64.19594860049833,45.5999941014098,high,residential,9.0
958.0481809862392,622.7313176410555,119945.13596913678,68.40471104319872,45.964619259278045,high,residential,9.0
987.0794181921558,641.6016218249013,123579.77122352585,70.47754352877679,46.13603988446015,high,residential,9.0
1272.6379156435733,827.2146451683226,159330.95105322238,90.86644138565272,47.59532550762265,high,residential,9.0
1010.5265014946044,656.8422259714929,126515.28495927216,72.15166701227291,46.270850495392715,high,residential,9.0
1419.6567956773158,922.7769171902553,177737.33176105315,101.36360030332861,48.22326727150867,high,residential,9.0
1546.5915598230079,1005.2845138849551,193629.2334908723,110.42675185984449,48.715199250492056,high,residential,9.0
1564.2568017442163,1016.7669211337407,195840.87575085327,111.68805144071163,48.78044106707887,high,residential,9.0
1470.563714569858,955.8664144704077,184110.74536333155,104.99835808070799,48.425639085461405,high,residential,9.0
802.2990980411687,521.4944137267597,100445.75660422447,57.28421499138922,60.42618754597166,high,residential,80.0
866.7203211701774,563.3682087606153,108511.12588403735,61.8838950916665,60.86961494546331,high,residential,80.0
1736.4037173357278,1128.662416268223,217393.22103690726,123.97935395734821,64.86044270769952,high,residential,80.0
1485.629289566995,965.6590382185468,185996.9160981109,106.07404125075264,48.484188521926505,high,residential,9.0
1465.412526818126,952.5181424317819,183465.8300787495,104.63056289391086,48.4054823914286,high,residential,9.0
1089.423095815604,708.1250122801426,136392.93299529518,77.78488968721685,46.70256813832261,high,residential,9.0
1643.164469440678,1068.0569051364407,205719.9101446313,117.32206475548324,49.063150155195764,high,residential,9.0
1266.9030626675287,823.4869907338937,158612.9624033545,90.45697245863308,47.56938457010814,high,residential,9.0
1496.8641544181824,972.9617003718186,187403.4919039157,106.87621143280313,48.52746570983966,high,residential,9.0
2891.8839479960557,1879.7245661974362,362056.33519629133,206.48072796244494,52.31099142064777,high,residential,9.0
5199.704932882735,3379.808206373778,650989.5092457454,371.2593171228486,55.6825258394107,high,residential,9.0
1287.5019600444125,836.8762740288681,161191.89068245338,91.92773525620316,47.66202135415283,high,residential,9.0
918.8048387199836,597.2231451679894,115031.9717698542,65.60273350034785,45.724461785414896,high,residential,9.0
3069.41538397443,1995.1199995833795,384282.8084048741,219.15648563329972,52.65334649408919,high,residential,9.0
1389.5399274920226,903.2009528698147,173966.77833676618,99.21325368545774,48.10010010668429,high,residential,9.0
973.75517706348,632.940865091262,121911.61095185834,69.52619172584481,46.05799845617196,high,residential,9.0
1197.659458541036,778.4786480516734,149943.84358785252,85.5129739981523,47.246563835407294,high,residential,9.0
1159.2380107179204,753.5047069666483,145133.5784313229,82.76967977938345,47.05929615544998,high,residential,9.0
2567.9785035145956,1669.1860272844872,321504.2175152386,183.3538552489406,51.628421505089385,high,residential,9.0
945.0323011211353,614.270995728738,118315.58172420233,67.4753762573126,45.88607278059791,high,residential,9.0
1084.2011963801835,704.7307776471193,135739.1647921617,77.41204568096983,46.67497473957154,high,residential,9.0
973.595475986387,632.8370593911516,121891.61679312342,69.51478905711829,46.05705661507508,high,residential,9.0
923.6760634011266,600.3894412107323,115641.83640747027,65.95053930318029,45.754823393279175,high,residential,9.0
1023.5878347069646,665.332092559527,128150.52984484987,73.08424717051787,46.344598633949396,high,residential,9.0
993.0934994045887,645.5107746129827,124332.71852103247,70.90694937254483,46.17092087757622,high,residential,9.0
1056.3621461663733,686.6353950081427,132253.7882428219,75.42433543488133,46.52559044362144,high,residential,9.0
1100.7985886659508,715.519082632868,137817.1150601744,78.59710071881747,46.76222348982621,high,residential,9.0
3431.438328600401,2230.4349135902607,429607.1377850612,245.00495067882042,53.29402646137284,high,residential,9.0
1495.45084357903,972.0430483263696,187226.54906937655,106.77530093426546,48.52203945739066,high,residential,9.0
3465.3504218304192,2252.4777741897724,433852.84349610936,247.4262766458312,53.350539024815525,high,residential,9.0
1613.6054561376873,1048.8435464894967,202019.19869806195,115.21154901750475,48.95886850310781,high,residential,9.0
1783.1665360916597,1159.0582484595789,223247.80409994937,127.31822267820112,49.53288529452677,high,residential,9.0
3395.5482633326733,2207.1063711662378,425113.7951286958,242.44239736189522,53.23360631888021,high,residential,9.0
651.9847481779456,423.7900863156646,81626.79166041894,46.551759283936924,47.233217412901126,high,residential,15.0
540.494581661251,351.3214780798132,67668.51331130665,38.591353141438184,46.15704053723042,high,residential,15.0
604.9753809451909,393.23399761437406,75741.3413704853,43.19528698358777,46.80374610981403,high,residential,15.0
682.3678448957378,443.53909918222956,85430.67620328971,48.721114638736125,47.49464148925719,high,residential,15.0
3847.9804937151503,2501.1873209148475,481757.13151516236,274.7460921030971,53.95240723423835,high,residential,9.0
3130.3777761986594,2034.7455545291286,391915.1410677385,223.50920495093132,52.76635690917284,high,residential,9.0
968.9604096102591,629.8242662466685,121311.31855996116,69.18384497474585,46.02965374133191,high,residential,9.0
1028.0327716750858,668.2213015888058,128707.02437153086,73.40161599908406,46.36948181101859,high,residential,9.0
1153.3925680022567,749.7051692014669,144401.74423420735,82.35231473676846,47.030262855272305,high,residential,9.0
4988.92016002522,3242.798104016393,624599.8049047886,356.20926873720094,55.44469941025236,high,residential,9.0
1092.4219662602954,710.074278069192,136768.3837611137,77.99900925896316,46.718355003950705,high,residential,9.0
14577.679475086697,9475.491658806353,1825087.4866792143,1040.847393653156,61.60754604180549,high,residential,9.0
977.0588291299563,635.0882389344716,122325.21958258534,69.76207272794842,46.07744729124924,high,residential,9.0
889.2706184489414,578.0259019918119,111334.36434628403,63.49398798668578,45.53686424782074,high,residential,9.0
994.0383003047458,646.1248951980848,124451.0051319589,70.97440822675615,46.17638142934947,high,residential,9.0
1943.4160789487714,1263.2204513167014,243310.62931945088,138.76005190088284,50.02728750808176,high,residential,9.0
1316.5376638694618,855.7494815151501,164827.08514591964,94.00088665871797,47.790115438407746,high,residential,9.0
1575.3570562888622,1023.9820865877605,197230.5986970197,112.48061043691034,48.82106123362186,high,residential,9.0
1422.5490814712878,924.656902956337,178099.43840631854,101.57010972312348,48.2349579598563,high,residential,9.0
1865.5128099435083,1212.5833264632804,233557.34302474966,133.19775272701474,49.79224571013231,high,residential,9.0
2523.2673955525443,1640.1238071091539,315906.50329765276,180.1614788306514,57.81794191316857,high,commercial,10.5
2904.9864364658147,1888.2411837027796,363696.73261286115,207.41624660911472,58.70835802505117,high,commercial,10.5
4726.280327684847,3072.0822129951507,591717.9822301212,337.4567652658381,61.78498018297711,high,commercial,10.5
658.794018229874,428.21611184941816,82479.29452868633,47.03794166970982,49.33389100469531,high,commercial,10.5
2504.1093526670984,1627.671079233614,313507.9662465914,178.7935931504311,57.769770263893996,high,commercial,10.5
5471.118754733104,3556.2271905765174,684969.8125455573,390.6382840947313,62.71013360512482,high,commercial,10.5
11344.963933586872,7374.226556831467,1420359.9240470512,810.0312646840333,67.32083337310712,high,commercial,10.5
11161.453434516352,7254.944732435629,1397384.8877183783,796.9286014657912,67.21772877747055,high,commercial,10.5
974.354612187296,633.3304979217424,121986.65866747196,69.56899143805927,46.0615322637405,high,residential,9.0
1177.1123581176303,765.1230327764597,147371.400152367,84.0459095068949,47.14717590839034,high,residential,9.0
2457.8398999928286,1597.5959349953387,307715.1513314587,175.4899508043309,62.93242049175123,high,commercial,21.0
3192.2341999569603,2074.9522299720243,399659.40414918005,227.9257581862774,63.17442847593815,high,commercial,17.5
1809.3932871578877,1176.105636652627,226531.32499701853,129.1908146457997,49.616766805233695,high,residential,9.0
1971.403338547074,1281.4121700555982,246814.56129755473,140.75834430799546,50.109434937310816,high,residential,9.0
3479.2642108953637,2261.5217370819864,435594.8136332716,248.41972221505483,53.37356576960266,high,residential,9.0
2913.423455938727,1893.7252463601726,364753.0254673718,208.01865042404214,62.596745983177236,high,commercial,17.5
2488.242634636326,1617.357712513612,311521.4944914592,177.6607083084792,61.59965158172146,high,commercial,17.5
2247.919468050245,1461.1476542326593,281433.6602209247,160.50161642399337,57.08763022419711,high,commercial,10.5
2038.6966514008511,1325.1528234105533,255239.5087273917,145.5630918272315,56.47019810778461,high,commercial,10.5
978.7414148810054,636.1819196726535,122535.87493447127,69.88220947512897,46.08732755854447,high,residential,9.0
1195.922929989457,777.3499044931472,149726.43473789367,85.38898573102075,47.238230273784076,high,residential,9.0
1281.2358123743236,832.8032780433103,160407.3853212326,91.48033184869895,47.6339990743487,high,residential,9.0
999.1763823876988,649.4646485520043,125094.27962095797,71.34126766783233,51.964279555625424,high,commercial,10.5
425.7173547473476,276.71628058577596,53298.703565228396,30.396250643249754,46.578295389205074,high,commercial,10.5
799.1052103968645,519.418386757962,100045.89019315125,57.05617117715416,50.55306159967628,high,commercial,10.5
3008.526575145079,1955.5422738443012,376659.6881913197,214.80902017550966,58.929725151794386,high,commercial,10.5
1660.797442840823,1079.518337846535,207927.51246985397,118.58106036155773,55.1746094842085,high,commercial,10.5
479.8996901083988,311.93479857045924,60082.190774938994,34.264873398947714,47.33412556725878,high,commercial,10.5
1899.1526290938145,1234.4492089109795,237768.96073045523,135.59963830457863,49.89492146647203,high,residential,9.0
938.9237797217386,610.3004568191301,117550.81076136122,67.03922737720431,45.848836542215274,high,residential,9.0
1378.4139221843848,895.9690494198501,172573.83146216933,98.41885608287518,48.05392277610817,high,residential,9.0
1463.4576094236782,951.2474461253909,183221.0795146974,104.49098164723193,48.3978142227417,high,residential,9.0
1255.6079267438183,816.1451523834819,157198.84081631212,89.6504989175428,47.51794742543877,high,residential,9.0
1007.0791167110551,654.6014258621858,126083.68136687759,71.9055234835303,46.25122668357746,high,residential,9.0
2465.1594453799134,1602.3536394969437,308631.53934211424,176.01256688680778,51.393629998569956,high,residential,9.0
1212.2176617317689,787.9414801256498,151766.49269447807,86.55243078366085,47.31595714993954,high,residential,9.0
1752.7634206369262,1139.296223414002,219441.41326337436,125.14743798410241,49.434089306788934,high,residential,9.0
1360.5716879235288,884.3715971502937,170340.03022243577,97.14491923585513,47.97908715382723,high,residential,9.0
1001.5864289613503,651.0311788248777,125396.01117236174,71.5133451715979,46.21982116900571,high,residential,9.0
932.9306338200764,606.4049119830497,116800.4845102141,66.6113163161751,45.81206767552884,high,residential,9.0
888.5335559476991,577.5468113660045,111242.08604161856,63.44136166953506,45.53210331691285,high,residential,9.0
1994.0253178750763,1296.1164566187997,249646.77416559134,142.37355530663675,50.17498693638445,high,residential,9.0
561.7113816395292,365.11239806569404,70324.80138609307,40.10623423048888,48.327518716038156,high,commercial,10.5
1580.4742707815467,1027.3082760080054,197871.2606180897,112.84597993049655,48.83969088942425,high,residential,9.0
934.4479327742414,607.3911563032569,116990.4463858014,66.71965157382255,45.82139879507341,high,residential,9.0
907.5748763462431,589.923669625058,113626.00974145181,64.80091335554997,45.653850010761595,high,residential,9.0
1011.2532524850951,657.3146141153119,126606.27228965923,72.20355708679266,59.656689172287024,high,residential,60.0
895.1113808501519,581.8223975525988,112065.61258022509,63.91101885450237,45.574452879101116,high,residential,9.0
1024.9379999591001,666.2096999734151,128319.56701642666,73.18064906946813,46.352168383357764,high,residential,9.0
1089.957206376549,708.4721841447569,136459.802245847,77.82302522080656,46.705383016119036,high,residential,9.0
973.7313012637893,632.9253458214631,121908.62176394787,69.52448699197947,46.05785765785681,high,residential,9.0
1137.1452685107367,739.1444245319789,142367.62467183263,81.19225635034616,46.94878647929749,high,residential,9.0
1452.9349913541917,944.4077443802246,181903.67515013134,103.73966593811991,48.35636258133717,high,residential,9.0
1439.3484457883742,935.5764897624432,180202.6750463941,102.76958557895856,48.30239525049655,high,residential,9.0
4302.887169899834,2796.876660434892,538710.2620686493,307.2264624577507,51.95506904039936,high,residential,6.0
3060.539698637566,1989.3508041144178,383171.5957271845,218.52276104321334,52.63670612350124,high,residential,9.0
2362.7826679159416,1535.808734145362,295814.23355655634,168.7028573973041,51.149913830754066,high,residential,9.0
905.553238563355,588.6096050661807,113372.90595861364,64.65656826819736,45.64104570607265,high,residential,9.0
3730.9960034200394,2425.147402223026,467110.9781450025,266.3933908360949,51.75628915129011,high,mixed_unknown,10.0
2360.3927154816192,1534.2552650630525,295515.01773903926,168.53221461657412,51.14409907977722,high,residential,9.0
1149.8931232836353,747.4305301343629,143963.6228735891,82.10245412480788,52.85178636909242,high,commercial,10.5
492.5699305365727,320.1704548487723,61668.4718629679,35.16952950345059,47.49856026736667,high,commercial,10.5
2974.221677518948,1933.2440903873164,372364.8043933694,212.3596479455386,58.85723693083785,high,commercial,10.5
2081.8624420153883,1353.2105873100024,260643.75323954772,148.64513247251406,50.42265486848139,high,residential,9.0
2227.4746077074983,1447.8584950098739,278874.0169771409,159.04185188206347,50.81108298444661,high,residential,9.0
9130.64550646364,5934.919579201366,1143133.0265993162,651.9287650695901,58.9184692629675,high,residential,9.0
1151.755203416319,748.6408822206074,144196.75045436513,82.23540678412444,47.02210398904245,high,residential,9.0
1033.1601372541759,671.5540892152144,129348.9571821692,73.7677102809911,46.398052130686686,high,residential,9.0
2018.0823285455076,1311.75351355458,252658.6492185823,144.09122764935748,50.24388667973814,high,residential,9.0
3640.88682882343,2366.5764387352297,455829.5442739723,259.9595890994464,51.62282096408457,high,mixed_unknown,10.0
572.1944214109546,371.92637391712054,71637.25065086709,40.8547240461895,49.16964057314954,high,residential,22.0
554.4369096886961,360.38399129765247,69414.05645221286,39.58683639469699,48.988745971569855,high,residential,22.0
1712.942492373412,1113.412620042718,214455.93680219306,122.3042207582907,49.30206680142311,high,residential,9.0
1552.286589166853,1008.9862829584545,194342.23632575327,110.83337737657709,48.73631329886731,high,residential,9.0
1468.4004521482643,954.4602938963718,183839.91054474458,104.84390098366784,48.41718280633208,high,residential,9.0
1355.8203364751678,881.2832187088591,169745.1734012223,96.80567239071708,63.79592468610207,high,residential,84.0
1690.1342305942735,1098.5872498862777,211600.40185665182,120.67570917884854,63.935740187200274,high,residential,72.0
581.3142285178336,377.85424853659185,72779.02673807894,41.50587894872642,58.391888598002794,high,residential,78.0
751.2581190646937,488.3177773920509,94055.55902874462,53.63988531409306,48.04673170098147,high,residential,15.0
1078.9910925790412,701.3442101763768,135086.87337170512,77.04004388388344,48.588860753348776,high,residential,12.0
2719.651634923033,1767.7735626999713,340493.29836806376,194.18332805930677,51.95815432023751,high,residential,9.0
2176.8157821995705,1414.9302584297209,272531.66402018414,155.424807990711,50.67890446103311,high,residential,9.0
1479.7870737252936,961.8615979214409,185265.4858972075,105.65690660717743,49.166869629684655,high,residential,10.0
2249.015337685582,1461.8599694956283,281570.86024387105,160.57986159707966,51.57169376553266,high,residential,10.0
8070.782770006935,5246.008800504508,1010440.973573283,576.2544872288432,58.2093084299405,high,residential,9.0
15705.00166027114,10208.251079176242,1966225.2869136208,1121.338281126838,62.03568576038757,high,residential,9.0
2493.2448295349386,1620.6091391977102,312147.7562590465,178.01786539453423,51.4587220104166,high,residential,9.0
3623.9076164971502,2355.5399507231477,453703.79113175767,258.7472720824414,53.607634725153815,high,residential,9.0
3243.859239619917,2108.508505752946,406122.72460077883,231.61178983982416,52.970985397063544,high,residential,9.0
1726.8824151605677,1122.473569854369,216201.17881328214,123.29953227721481,49.34862902676333,high,residential,9.0
1013.1333798469858,658.5366969005408,126841.65933650812,72.33779831961058,46.285645470441054,high,residential,9.0
1039.5257878824673,675.6917621236038,130145.92005449199,74.22221820707679,46.4333258747815,high,residential,9.0
2154.8881862434864,1400.6773210582662,269786.3861410264,153.85917601622737,50.620734972769554,high,residential,9.0
1744.3458426264353,1133.824797707183,218387.55442930214,124.54642229103102,49.406433251025064,high,residential,9.0
1877.2187957534131,1220.1922172397185,235022.9019470331,134.03356098039296,49.82818326046315,high,residential,9.0
1684.2033892832978,1094.7322030341436,210857.87597791778,120.25224667020652,49.204865179046976,high,residential,9.0
3229.421991568146,2099.124294519295,404315.2187623906,230.58096926019138,52.945353174744916,high,residential,9.0
1059.5461608457126,688.7050045497132,132652.41858440652,75.65167431868704,46.542873796344175,high,residential,9.0
10166.74043360986,6608.381281846409,1272849.4118290807,725.9060195661248,59.53624886771072,high,residential,9.0
968.3652567140797,629.4374168641518,121236.80696808989,69.14135101390167,46.026125668205054,high,residential,9.0
1154.7583554816842,750.5929310630947,144572.73726793585,82.44983206390381,47.03705962541086,high,residential,9.0
948.383959334024,616.4495735671156,118735.20059937537,67.71468490182377,45.90640174867693,high,residential,9.0
934.8914116042923,607.67941754279,117045.96877979532,66.75131599511727,45.82412325303527,high,residential,9.0
1039.421566700091,675.6240183550592,130132.8718340172,74.21477680694002,46.43275009731887,high,residential,9.0
1272.0478697881406,826.8311153622914,159257.07884954568,90.8243120678959,47.59266190050839,high,residential,9.0
1015.1330548484648,659.8364856515021,127092.01343634009,72.48057526274475,46.296968594918006,high,residential,9.0
1469.9862463002696,955.4910600951753,184038.4478406304,104.95712680351151,48.42338295585554,high,residential,9.0
932.0785110669906,605.8510321935439,116693.80096181878,66.55047468852526,45.80682062187258,high,residential,9.0
5203.928756316949,3382.553691606017,651518.3209341146,371.5608984287256,55.687192401025754,high,residential,9.0
2208.619152788621,1435.6024493126035,276513.36315107084,157.6955710050557,56.9761578648525,high,commercial,10.5
7369.118766204554,4789.92719803296,922594.4685529529,526.155625415749,57.686566495694244,high,residential,9.0
27377.41989769105,17795.32293349918,3427581.6365856337,1954.749807344787,65.23001511247311,high,residential,9.0
1210.7090357032657,786.9608732071227,151577.61664658546,86.44471477354769,47.30880489813512,high,residential,9.0
11551.521590874027,7508.489034068118,1446220.404532771,824.7794967050394,67.43491054958038,high,commercial,10.5
1579.0600122640747,1026.3890079716487,197694.1991366942,112.7450017676567,48.83454819529241,high,residential,9.0
1718.3105293674516,1116.9018440888435,215128.0010468896,122.68749899704116,49.32004183877704,high,residential,9.0
1391.8072789212938,904.674731298841,174250.64482790005,99.37514274535141,48.10946518272816,high,residential,9.0
951.6979834945957,618.6036892714873,119150.1077892576,67.95130647221362,45.926432011395114,high,residential,9.0
992.0474853159517,644.8308654553687,124201.7602826294,70.83226388918355,46.16486929934603,high,residential,9.0
1150.9748175412124,748.1336314017881,144099.0481761752,82.17968717487271,47.01821130534453,high,residential,9.0
920.2607877339697,598.1695120270803,115214.25279278448,65.70668836772498,45.73355331059879,high,residential,9.0
2172.1456532411466,1411.8946746067454,271946.9760430775,155.0913604373671,50.66656479049547,high,residential,9.0
1158.5205337245636,753.0383469209664,145043.7521812127,82.71845186894562,47.05574045662001,high,residential,9.0
4560.740930985599,2964.4816051406397,570992.8810928273,325.63724008723943,54.92899883963158,high,residential,9.0
1183.4296059356411,769.2292438581668,148162.30311896105,84.49696146874349,47.177916284466534,high,residential,9.0
1289.3348533253575,838.0676546614824,161421.36414544095,92.05860397214498,47.67019231537811,high,residential,9.0
991.7775566597898,644.6554118288634,124167.96591820405,70.81299096315176,46.16330662756113,high,residential,9.0
1172.9875345370842,762.4418974491048,146854.98298772296,83.75139679789841,47.12701501282092,high,residential,9.0
908.5873837944303,590.5817994663797,113752.77303577548,64.87320646230276,45.6602521540682,high,residential,9.0
967.5910279621453,628.9341681753945,121139.87554567814,69.08607102370026,46.02153278818273,high,residential,9.0
1177.2511550033469,765.2132507521754,147388.77716080955,84.05581961480969,47.14785307758202,high,residential,9.0
1593.7445903240925,1035.9339837106602,199532.67004767185,113.79348172818727,48.88772317423395,high,residential,9.0
1702.4037845069488,1106.5624599295168,213136.51803696912,121.5517562364835,49.26661326893292,high,residential,9.0
2238.214530141483,1454.839444591964,280218.62728193396,159.80868313888695,50.838719214078864,high,residential,9.0
944.3831606840738,613.849054444648,118234.31103288257,67.42902758205294,45.8821271946864,high,residential,9.0
1427.6759391053847,927.9893604185,178741.30762356723,101.93616773772041,48.25562259295387,high,residential,9.0
1107.1643687647731,719.6568396971026,138614.09414187036,79.05161788910867,46.79533870623746,high,residential,9.0
6580.391011118809,4277.254157227226,823847.8087252562,469.8404053160137,63.87723249392948,high,commercial,10.5
3378.2084835236296,2195.8355142903592,422942.8998771338,241.2043357999294,59.66229862086079,high,commercial,10.5
2517.6634875964805,1636.4812669377125,315204.90862309607,179.7613593877517,57.803889186474045,high,commercial,10.5
923.6132799605534,600.3486319743597,115633.97608429902,65.94605656087573,45.75443309197426,high,residential,9.0
641.2168771894396,416.79097017313575,80278.68226942264,45.78293249825173,49.16315997949107,high,commercial,10.5
3342.925721218871,2172.9017187922664,418525.5899693435,238.6851439595166,59.59593237844737,high,commercial,10.5
12871.353376209892,8366.37969453643,1611459.9051031217,919.0155838803103,68.11891970798294,high,commercial,10.5
1547.1583743965093,1005.6529433577311,193700.19719858267,110.4672224623517,54.72672853784846,high,commercial,10.5
1962.0980773912338,1275.363750304302,245649.566846632,140.09394797263423,56.228171658162374,high,commercial,10.5
1896.5506289484529,1232.7579088164944,237443.19709202752,135.4138553015833,49.88704473362666,high,residential,9.0
1645.2350485637285,1069.4027815664235,205979.1412557363,117.46990425814641,49.070384563457445,high,residential,9.0
2940.1990757505973,1911.1293992378883,368105.26330126304,209.9304316607103,52.40620090528372,high,residential,9.0
10832.494986791105,7041.121741414218,1356200.147197309,773.4409439466253,59.900813558277335,high,residential,9.0
38473.82969505772,25007.98930178752,4816823.230410573,2747.03428830315,67.18582575805986,high,residential,9.0
2212.1302281505386,1437.8846482978502,276952.940637925,157.94626204580862,50.77136649065482,high,residential,9.0
8776.79698607202,5704.918040946814,1098832.11383399,626.6639545195245,58.69129893955925,high,residential,9.0
1188.9815132103722,772.837983586742,148857.3874437078,84.89336805914655,47.20479737210322,high,residential,9.0
974.4824818954578,633.4136132320476,122002.6676217565,69.57812134468773,46.062285803944235,high,residential,9.0
1074.81618973288,698.6305233263721,134564.18641349263,76.74195551161486,46.62504735543788,high,residential,9.0
1027.2097940785957,667.6863661510872,128603.98972080072,73.34285533777265,46.36488282284403,high,residential,9.0
1126.117908812668,731.9766407282342,140987.02797052285,80.40490205158919,46.89282153644563,high,residential,9.0
6726.730059690958,4372.374538799123,842169.0763054645,480.2890242170064,57.16235607193877,high,residential,9.0
2834.885437776326,1842.6755345546119,354920.27023209934,202.41103011336625,52.196604530079725,high,residential,9.0
963.0858458113609,626.0057997773846,120575.83847910255,68.7644006846322,45.994734092935424,high,residential,9.0
1247.7096772546415,811.011290215517,156210.00055994606,89.08656331933723,47.481703998469726,high,residential,9.0
1164.129025801102,756.6838667707163,145745.92077570836,83.1188986183865,47.083476800902716,high,residential,9.0
1468.8883294363718,954.7774141336417,183900.9915100026,104.8787354581545,48.41909102485201,high,residential,9.0
2949.722307373858,1917.3194997930077,369297.54708676296,210.61039110358092,52.42478269498625,high,residential,9.0
982.3084065252779,638.5004642414307,122982.45299418076,70.13689294258128,51.856732875105614,high,commercial,10.5
1959.0255015478822,1273.3665760061235,245264.88835694804,139.87456582996748,56.21826737255318,high,commercial,10.5
1347.9351660824443,876.1578579535889,168757.9706136533,96.2426706409665,53.855733195717924,high,commercial,10.5
5104.952560362479,3318.2191642356115,639126.7590929911,364.4939907107329,55.57683332174301,high,residential,9.0
3609.8880688930403,2346.4272447804765,451948.5803010564,257.7462753456925,53.585360222993536,high,residential,9.0
8028.23520034763,5218.35288022596,1005114.1287138853,573.2165876055288,58.178928820053656,high,residential,9.0
3641.6524260953693,2367.07407696199,455925.3950575788,260.0142528013372,53.6357047848853,high,residential,9.0
1239.4312030411693,805.6302819767601,155173.55715881177,88.49547964767036,47.443468902672855,high,residential,9.0
1468.7094794849836,954.6611616652393,183878.59996210018,104.86596555838574,48.41839156841629,high,residential,9.0
2302.043973212012,1496.328582587808,288209.9072403673,164.3661100991815,51.000280594774964,high,residential,9.0
1523.3685291302409,990.1895439346566,190721.77055806667,108.76862574926542,48.628288928491884,high,residential,9.0
1327.209999206787,862.6864994844116,166163.2337223158,94.76289219183671,47.83648928870025,high,residential,9.0
1794.5195695375326,1166.4377201993962,224669.17430590867,128.1288301066597,49.56934626179984,high,residential,9.0
1557.9590050730176,1012.6733532974615,195052.40801715822,111.23838829218533,48.75726669602113,high,residential,9.0
1295.3615009315793,841.9849756055265,162175.8847227069,92.48890705735974,47.696977268537374,high,residential,9.0
1078.9525682557617,701.3191693662451,135082.05022680952,77.03729324434947,46.64710597813023,high,residential,9.0
1240.293215215232,806.1905898899008,155281.4788369455,88.55702738071001,47.447462089423546,high,residential,9.0
1119.1999289652488,727.4799538274117,140120.9149191142,79.91095777837084,46.85743191444695,high,residential,9.0
1692.1204296969502,1099.8782793030177,211849.06880906658,120.81752394181068,49.23180670189268,high,residential,9.0
1738.0869258762882,1129.7565018195874,217603.95436041724,124.09953517174596,49.38578290604281,high,residential,9.0
1154.8744245391006,750.6683759504155,144587.2688114948,82.4581194031955,47.03763686667902,high,residential,9.0
1394.1507267789148,906.1979724062946,174544.03839358644,99.54246509586235,48.11912855983148,high,residential,9.0
1375.3899800633558,894.0034870411813,172195.2417878001,98.2029463915824,48.04130783880342,high,residential,9.0
1293.4454610901153,840.7395497085749,161936.00152698904,92.35210167084186,47.68847510767448,high,residential,9.0
991.1507043390653,644.2479578203925,124089.48564097576,70.76823366104848,46.15967601257627,high,residential,9.0
1081.7521489924711,703.1388968451063,135432.55044045797,77.23718351619318,46.66198778863212,high,residential,9.0
2244.511076147978,1458.9321994961858,281006.93843566685,160.25825698986083,50.85486006954048,high,residential,9.0
1436.1918501991736,933.5247026294628,179807.47750345164,102.54420442021848,48.28978401998273,high,residential,9.0
5454.853073694158,3545.6544979012033,682933.3916613399,389.47691326446215,55.95783345287203,high,residential,9.0
1386.8550473167916,901.4557807559146,173630.638334551,99.02155304219444,48.08899070123687,high,residential,9.0
2030.962248753137,1320.125461689539,254271.18166865734,145.01085490563528,50.280438362207406,high,residential,9.0
1759.1943738047607,1143.4763429730945,220246.5518434957,125.6066085163456,49.455128982872196,high,residential,9.0
1998.1139145772734,1298.7740444752278,250158.65581945886,142.6654814138374,50.18675516195488,high,residential,9.0
1369.285886249956,890.0358260624715,171431.02514718933,97.76711364144208,48.01575881790672,high,residential,9.0
1220.0130858040425,793.0085057726276,152742.45947656975,87.10902463948773,47.352773374063574,high,residential,9.0
1305.6441712184314,848.6687112919805,163463.2482500951,93.22309047702923,47.74239158829896,high,residential,9.0
1021.4439632082725,663.9385760853771,127882.12271928518,72.93117458680834,46.332558423470005,high,residential,9.0
1841.5909364347194,1197.0341086825676,230562.38679228292,131.48972918763897,49.71809898248469,high,residential,9.0
1334.264382860178,867.2718488591158,167046.42417481833,95.26657570689889,47.86693816887701,high,residential,9.0
720.9706492583125,468.6309220179031,90263.64672601702,51.477357727847505,49.903319146907684,high,commercial,10.5
1026.7424458647074,667.3825898120598,128545.47894214443,73.30948664070498,46.36226953449933,high,residential,9.0
1264.6101792145187,821.9966164894372,158325.89936937482,90.29326041035446,47.55898013086027,high,residential,9.0
980.5194172218352,637.3376211941929,122758.47619478026,70.00915897388319,46.09774969729506,high,residential,9.0
1500.3049350383044,975.1982077748979,187834.268672257,107.12188342378816,48.540654834740174,high,residential,9.0
1522.2668860281995,989.4734759183297,190583.84771213232,108.68996835022907,48.62413329071854,high,residential,9.0
2027.5962687654555,1317.937574697546,253849.7697445971,144.77052368534373,50.27090852210214,high,residential,9.0
1516.3208802267889,985.6085721474128,189839.42327870848,108.26542309584745,48.601651645139924,high,residential,9.0
1369.284344253414,890.0348237647191,171430.83209324008,97.76700354277482,48.015752349426975,high,residential,9.0
926.1894449852316,602.0231392404006,115956.50523293315,66.12999493434178,45.77042642570022,high,residential,9.0
1264.9779867004213,822.2356913552738,158371.94790825062,90.31952189207533,47.5606504031218,high,residential,9.0
1518.1716273911536,986.8115578042499,190071.13200138012,108.39756658038708,48.60865868666262,high,residential,9.0
2224.969495463227,1446.2301720510975,278560.3834514787,158.8629866823783,50.80461761300696,high,residential,9.0
1028.2889936617582,668.3878458801429,128739.10269665025,73.41991026789964,46.37091288764523,high,residential,9.0
1058.4303254209767,687.9797115236349,132512.7188966504,75.57200358675972,46.53682277200803,high,residential,9.0
1896.0377644156506,1232.424546870173,237378.9877888405,135.37723673597574,49.88549092419398,high,residential,9.0
921.5947597578853,599.0365938426255,115381.26261438122,65.80193406898162,45.74187055879732,high,residential,9.0
885.9470345652505,575.8655724674129,110918.26030397612,63.256683851357586,45.515364850254045,high,residential,9.0
960.7019397004633,624.4562608053012,120277.37964552395,68.59418961184232,45.98050291989387,high,residential,9.0
1901.6326817385184,1236.061243130037,238079.45685954695,135.77671424699963,49.9024190085569,high,residential,9.0
3246.9821456992836,2110.5383947045343,406513.7043048715,231.83476556506824,52.976514872352666,high,residential,9.0
1875.1817991867638,1218.8681694713964,234767.8752844869,133.88811927474288,49.821945775838635,high,residential,9.0
1692.7324521826029,1100.276093918692,211925.69242958445,120.86122239259201,49.233884152990214,high,residential,9.0
14077.902727237944,9150.636772704664,1762516.7400668447,1005.1632968601217,61.40703407688973,high,residential,9.0
2811.539172405901,1827.5004620638356,351997.37863875116,200.74410503767982,52.14908716910196,high,residential,9.0
9445.37105268159,6139.491184243034,1182535.84493692,674.4001923675255,59.11324459793087,high,residential,9.0
582.6834440407426,378.74423862648274,72950.4489539192,41.60364103842012,49.890918039362795,high,residential,24.0
542.5001183881509,352.6250769522981,67919.60128388803,38.734548612201344,49.48090745526289,high,residential,24.0
341.5916782889128,222.03459088779334,42766.38807049494,24.389671116603264,46.82817989655702,high,residential,24.0
2906.3655159204563,1889.1375853482966,363869.38976725284,207.5147129842643,52.33969457152901,high,residential,9.0
40936.7459722837,26608.884881984406,5125173.930944614,2922.8866928177135,75.43443282685188,high,commercial,10.5
2353.351573818764,1529.6785229821967,294633.4851492485,168.02947658061643,57.377321045781,high,commercial,10.5
2622.0061304063192,1704.3039847641076,328268.3356276978,187.21143180847608,58.06055601101314,high,commercial,10.5
1025.5113805315273,666.5823973454927,128391.35277009409,73.22158848478466,46.355380048726374,high,residential,9.0
1097.51427379029,713.3842779636885,137405.92739535254,78.36260039356956,46.74506336546633,high,residential,9.0
1206.9954878694123,784.547067115118,151112.69013380722,86.17956718331027,47.29116131510866,high,residential,9.0
933.6776085207632,606.8904455384961,116894.0037964228,66.66465036509992,45.81666333048691,high,residential,9.0
1036.734848356645,673.8776514318192,129796.50169793107,74.02294491833008,46.41788718523975,high,residential,9.0
1214.1337647548537,789.1869470906549,152006.38380037024,86.68924068135115,47.32502840059501,high,residential,9.0
992.8824866136891,645.373616298898,124306.30026942676,70.89188304365409,46.16970060343643,high,residential,9.0
985.8052808746595,640.7734325685287,123420.2525512675,70.38657002998787,46.12862278146997,high,residential,9.0
394.5076482709793,256.42997137613656,49391.32963439828,28.167875290497342,46.09805337314007,high,commercial,10.5
3597.50330516112,2338.377148354728,450398.04015156033,256.8620022984349,60.05986608926167,high,commercial,10.5
1716.1944983264218,1115.5264239121743,214863.0794740832,122.53641422406966,49.312962953663295,high,residential,9.0
1320.6513897302675,858.4234033246739,165342.11290496844,94.29460698970351,47.8080348999645,high,residential,9.0
1328.6399546620883,863.6159705303573,166342.26041942756,94.86499111719955,47.84267446167554,high,residential,9.0
1093.5022571998486,710.7764671799016,136903.63337193968,78.07614211201721,46.72403134199088,high,residential,9.0
1450.0005021814115,942.5003264179176,181536.28475180425,103.53014319395398,48.344749273859335,high,residential,9.0
2108.409999347168,1370.4664995756593,263967.43824517116,150.5406300312211,50.49545641966391,high,residential,9.0
2913.5641359994715,1893.8166883996566,364770.6382444211,208.02869499079335,52.35390942148375,high,residential,9.0
1266.6453522432773,823.3194789581303,158580.69772972853,90.43857191526418,47.56821609399591,high,residential,9.0
3142.1430389039915,2042.3929752875945,393388.12130287755,224.3492455790311,59.20439887246985,high,commercial,10.5
1782.9127652878547,1158.8932974371055,223216.03265653818,127.30010342402373,49.53206764551457,high,residential,9.0
1077.6852804945145,700.4954323214345,134923.38910114634,76.94680880438376,46.64035673207202,high,residential,9.0
1277.623486981382,830.4552665378983,159955.13159431136,91.22241154823577,47.61778242251048,high,residential,9.0
1291.1421961129258,839.2424274734018,161647.63875323214,92.1876483809683,47.678238016380696,high,residential,9.0
1487.6497993095436,966.9723695512033,186249.87865323777,106.2183057959415,48.49199568164479,high,residential,9.0
1606.8628710638814,1044.4608661915229,201175.0446153011,114.73012794410621,48.934813901438545,high,residential,9.0
1446.1510512726823,939.9981833272435,181054.34352816065,103.25529211411002,48.32947932062192,high,residential,9.0
1540.5321316585682,1001.3458855780694,192870.60887313052,109.99410824034634,48.692648725423254,high,residential,9.0
1531.8662028770482,995.7130318700813,191785.65716962822,109.37536028383897,48.660243437234506,high,residential,9.0
1317.9603575981598,856.6742324388039,165005.20269378184,94.1024670962638,47.79631903813231,high,residential,9.0
1510.0401477240212,981.5260960206137,189053.09193443853,107.8169783302103,48.57780852814974,high,residential,9.0
1500.2724071392377,975.1770646405045,187830.1962640485,107.11956092938688,48.540530291096,high,residential,9.0
1991.4682741891088,1294.4543782229207,249326.63895874118,142.1909821981701,50.167614721802046,high,residential,9.0
1591.55979416298,1034.5138662059371,199259.13926100545,113.63748712055141,48.879842793321565,high,residential,9.0
1095.4809511377957,712.0626182395672,137151.36069728574,78.21742100566206,46.734413782484786,high,residential,9.0
921.6216876433157,599.0540969681552,115384.63391547381,65.80385672199472,45.74203832894712,high,residential,9.0
975.1522123475909,633.8489380259341,122086.51612931388,69.62594014854771,46.06623093370208,high,residential,9.0
1003.2106560701782,652.0869264456159,125599.36017430088,71.62931510740378,46.229125885529804,high,residential,9.0
1024.073017385385,665.6474613005003,128211.2734519961,73.11888924967337,46.34731997547033,high,residential,9.0
889.0570758887817,577.8870993277081,111307.62937415853,63.47874103208261,45.53548531135027,high,residential,9.0
1222.4050425168125,794.5632776359281,153041.92622452613,87.27981052584727,47.36402299055383,high,residential,9.0
1054.3094501204332,685.3011425782817,131996.79604637504,75.27777278524768,46.514420459714536,high,residential,9.0
305.78546926672516,198.76055502337135,38283.543997575274,21.83310514181718,46.19363578879634,high,residential,24.0
981.7130589404444,638.1134883112888,122907.91702779726,70.09438508095278,46.104735895679276,high,residential,9.0
496.07436753671016,322.4483388988616,62107.21824422406,35.41974656468098,47.54329602203966,high,commercial,10.5
976.854261400576,634.9552699103745,122299.60823588863,69.7474665769273,46.0762448957791,high,residential,9.0
995.0189872588397,646.7623417182458,124573.78458333353,71.04442934787512,46.18204390615006,high,residential,9.0
988.6287773980758,642.6087053087493,123773.74695909671,70.58816789077285,46.14504625376264,high,residential,9.0
2504.8335989050124,1628.141839288258,313598.6399884823,178.84530438543146,51.48536733651101,high,residential,9.0
912.1590674486674,592.9033938416338,114199.93852290703,65.12822493961389,45.68277934496126,high,residential,9.0
1961.480167761999,1274.9621090452993,245572.20617107712,140.0498291793653,56.226181105040105,high,commercial,10.5
923.748817700857,600.4367315055571,115650.94505622791,65.95573396556678,45.75527564656154,high,residential,9.0
1123.4067459794153,730.21438488662,140647.59744800546,80.21132482459751,46.87897826089372,high,residential,9.0
1099.702872502446,714.80686712659,137679.93425150166,78.5188665036314,46.756504205896206,high,residential,9.0
3649.2281199181425,2371.9982779467928,456873.85218496225,260.555157901084,53.64764695432057,high,residential,9.0
1214.6031689977085,789.4920598485105,152065.15198849599,86.72275617903927,47.32724848156808,high,residential,9.0
1324.2231648886564,860.7450571776267,165789.28984818136,94.54963200041784,47.82354843517104,high,residential,9.0
1176.8629439890287,764.9609135928687,147340.17415333953,84.02810131964954,47.145958853745626,high,residential,9.0
1274.011083270692,828.1072041259499,159502.86806221213,90.96448565587959,47.60151953796395,high,residential,9.0
1369.0309620993141,889.8701253645543,171399.10930775933,97.74891203821514,48.014689344574194,high,residential,9.0
1424.032430195217,925.6210796268912,178285.1498015411,101.67602093181888,48.24094447945812,high,residential,9.0
1332.4357587236157,866.0832431703502,166817.48519758377,95.13601180818202,47.85906073991096,high,residential,9.0
988.0448244026992,642.2291358617545,123700.63756562349,70.54647360367508,46.14165341280756,high,residential,9.0
1370.4924333202152,890.8200816581399,171582.08169660668,97.8532611915748,48.02081789989856,high,residential,9.0
1422.2376036478945,924.4544423711314,178060.44219441633,101.54787018347564,48.23370010084463,high,residential,9.0
998.254483767088,648.8654144486072,124978.86031575652,71.27544403807595,46.20068616982779,high,residential,9.0
961.8599502090674,625.2089676358938,120422.35954388898,68.67687164787989,45.98742028071431,high,residential,9.0
1795.3114460682177,1166.9524399443414,224768.31518423697,128.18537014957036,49.571880814588525,high,residential,9.0
1583.8410314796404,1029.4966704617664,198292.77028505938,113.08636689356938,48.85191502086864,high,residential,9.0
1923.3255679826782,1250.1616191887408,240795.34969433138,137.3255879306772,49.96758605299077,high,residential,9.0
2168.797731163244,1409.7185252561087,271527.82492226985,154.8523185531705,50.65770239722496,high,residential,9.0
2065.7532516488254,1342.7396135717365,258626.92457976044,147.4949350878374,50.378024777060084,high,residential,9.0
1905.1791506497748,1238.3664479223537,238523.4655265569,136.0299323897954,56.042129817142985,high,commercial,10.5
2343.282626146355,1523.133706995131,293372.879136313,167.31055297143928,51.10229756796978,high,residential,9.0
2484.33803189775,1614.8197207335377,311032.6484024224,177.3819193839015,51.438158898303556,high,residential,9.0
1957.463627842466,1272.351358097603,245069.34583864803,139.763047931781,50.06866622506121,high,residential,9.0
5033.685309907866,3271.895451440113,630204.2850300213,359.4055037526212,55.496036990975576,high,residential,9.0
1015.9054005054825,660.3385103285636,127188.70910017483,72.5357207998297,46.30133602433229,high,residential,9.0
907.5281877354097,589.8933220280163,113620.16444902733,64.79757978528029,45.65355462391667,high,residential,9.0
1858.5528251533328,1208.0593363496664,232685.97106395607,132.70080929777416,49.77077145773073,high,residential,9.0
1411.7922728884269,917.6649773774775,176752.7139996848,100.80207279402025,48.19135793026716,high,residential,9.0
2348.980975496548,1526.8376340727564,294086.2976273381,167.71741553687093,51.11625294485152,high,residential,9.0
1568.6580995256995,1019.6277646917048,196391.90676507345,112.00230442812139,48.79658149484514,high,residential,9.0
1709.9693655699857,1111.4800876204908,214083.70907318333,122.09193928443646,49.292086954022835,high,residential,9.0
1652.0416931921723,1073.827100574912,206831.3154278242,117.95589918848815,49.09410238003277,high,residential,9.0
2169.297172280399,1410.0431619822596,271590.3536487939,154.88797868590714,50.65902535148036,high,residential,9.0
1195.4224138350373,777.0245689927743,149663.7714195052,85.35324884054381,47.235826063253725,high,residential,9.0
1638.720284012597,1065.168184608188,205163.50970880513,117.00474958693158,49.04759177831977,high,residential,9.0
1279.3098857671403,831.5514257486412,160166.26432820762,91.34282054637681,47.625358791606956,high,residential,9.0
1185.5216368924816,770.5890639801131,148424.21994376162,84.64633263392726,47.18806019370752,high,residential,9.0
1895.370086788996,1231.9905564128476,237295.39628968417,135.32956450400687,49.88346745289891,high,residential,9.0
2026.262175835503,1317.070414293077,253682.74478587962,144.67526935138716,50.2671270311317,high,residential,9.0
977.4270359788154,635.32757338623,122371.31812066276,69.78836272421398,46.07961088097963,high,residential,9.0
1079.7817901247486,701.8581635810866,135185.86664418617,77.09649974717938,46.651517913574494,high,residential,9.0
961.4609183641408,624.9495969366915,120372.40179662153,68.64838074461328,45.98503760903549,high,residential,9.0
1486.1805135175011,966.0173337863757,186065.92790044512,106.11339868162386,48.48631947876797,high,residential,9.0
2240.85674903975,1456.5568868758376,280549.42620343145,159.99733776381697,50.84549791934012,high,residential,9.0
2311.0527357322994,1502.1842782259946,289337.78083467565,165.00933641001552,51.022721720698605,high,residential,9.0
1423.6955286932625,925.4020936506207,178242.97061132695,101.65196613963977,48.23958535476072,high,residential,9.0
1671.4826029113958,1086.4636918924073,209265.2666694366,119.34398158157968,49.161310409840965,high,residential,9.0
977.9980886727376,635.6987576372794,122442.8124300069,69.82913592883294,46.08296478628904,high,residential,9.0
15258.059370115609,9917.738590575145,1910269.2767389794,1089.42656852424,61.8697387509637,high,residential,9.0
2181.464762753528,1417.952095789793,273113.7042721558,155.75674554641049,56.89797215205987,high,commercial,10.5
993.4787697097744,645.7612003113534,124380.95335938141,70.93445770085523,46.173148204270355,high,residential,9.0
1989.8102487572946,1293.3766616922414,249119.0584948291,142.07259905960106,50.16282940938511,high,residential,9.0
3378.469840833315,2196.005396541655,422975.6211313138,241.22299673118826,53.20463062307017,high,residential,9.0
946.2733951043467,615.0777068178254,118470.96345710594,67.56399045958753,45.89360883021822,high,residential,9.0
6017.84277812625,3911.5978057820626,753418.2357302639,429.67441983696955,56.522338560082005,high,residential,9.0
3841.160926344911,2496.754602124192,480903.33944947313,274.25917448803455,53.94221367386491,high,residential,9.0
2840.4764264593546,1846.3096771985806,355620.24744733446,202.81022711921486,52.20792597702933,high,residential,9.0
1438.8878214162803,935.2770839205822,180145.00607521084,102.73669696469274,48.300556687306745,high,residential,9.0
4044.6606609602345,2629.0294296241527,506380.9759844032,288.7890706039052,54.23887635005782,high,residential,9.0
1206.8864666502266,784.4762033226473,151099.04096123087,86.17178306018998,47.290642520942995,high,residential,9.0
381.5287301003665,247.99367456523822,47766.40289730674,27.241179572334037,45.88707821362757,high,commercial,10.5
992.7023201856389,645.2565081206653,124283.7439020765,70.87901914735424,46.16865850688248,high,residential,9.0
2552.1184068955035,1658.8769644820773,319518.5747435961,182.22144317627286,51.592824030877196,high,residential,9.0
1488.468745401319,967.5046845108574,186352.40857008213,106.27677860751784,48.49515703545172,high,residential,9.0
1662.8144962301376,1080.8294225495895,208180.04229856186,118.72507812286983,49.13144143854403,high,residential,9.0
4524.209542985258,2940.7362029404176,566419.246501369,323.02889627973076,54.882780950059676,high,residential,9.0
9979.254060106194,6486.515139069026,1249376.6063809164,712.5194786190367,59.429266999017685,high,residential,9.0
2385.5470802069653,1550.6056021345275,298664.2786604399,170.3282381200489,51.20500674782185,high,residential,9.0
1089.9389458494288,708.4603148021288,136457.51607543122,77.82172141781844,46.70528680195915,high,residential,9.0
1701.8665459196795,1106.2132548477916,213069.2571656718,121.51339736158262,49.264800060005,high,residential,9.0
2729.2487897670735,1774.0117133485978,341694.83714819094,194.8685656256133,51.978395436557044,high,residential,9.0
1082.7611999740818,703.7947799831533,135558.8809941724,77.30922983097652,46.667342197482455,high,residential,9.0
1198.6182508385846,779.10186304508,150063.8818852764,85.58143183917313,47.25115988649172,high,residential,9.0
1418.2543525694678,921.865329170154,177561.74953815632,101.26346576161055,48.21758999177225,high,residential,9.0
1075.5533480524903,699.1096762341188,134656.4767143681,76.79458867020413,46.62898470260944,high,residential,9.0
359.77377452398815,233.8529534405923,45042.739143856415,25.687874133741317,45.51685034920761,high,commercial,10.5
401.6702590103499,261.08566835672747,50288.069836068935,28.679286227510115,46.211537664040584,high,commercial,10.5
956.7109592661999,621.8621235230299,119777.71929405276,68.3092333133983,45.956598865191175,high,residential,9.0
977.7447778116989,635.5341055776044,122411.09857023165,69.81104951460311,46.08147728304382,high,residential,9.0
887.309524164144,576.7511907066936,111088.84045165466,63.35396570957865,45.52418816788191,high,residential,9.0
554.9251317808956,360.7013356575822,69475.18058604478,39.62169548822134,48.25080047692095,high,commercial,10.5
4002.441437186436,2601.586934171183,501095.23917433305,285.77461490112216,60.73412652824918,high,commercial,10.5
625.0884426092678,406.30748769602405,78259.44428423425,44.6313610752988,49.00233842408912,high,commercial,10.5
688.2803773599234,447.3822452839502,86170.90986211116,49.143269894362,49.61033481192851,high,commercial,10.5
579.8789332463869,376.9213066101515,72599.33150989916,41.40339876009549,48.5284348981947,high,commercial,10.5
650.9550186795409,423.1207621417016,81497.87221028184,46.47823652152373,49.25831785912481,high,commercial,10.5
427.62850074367645,277.9585254833897,53537.974064286755,30.532706608862735,46.606551037486625,high,commercial,10.5
464.4913953646695,301.9194069870352,58153.11242087686,33.164720013626074,47.128216838121155,high,commercial,10.5
1219.566327764046,792.7181130466299,152686.52653403496,87.07712608236015,47.35066978315201,high,residential,9.0
1007.0771717275867,654.6001616229314,126083.4378600152,71.90538461156667,46.251215593068466,high,residential,9.0
1076.9553247872157,700.0209611116902,134832.00054856515,76.8946899128467,46.6364655772964,high,residential,9.0
1006.5455007967822,654.2545755179085,126016.87404480028,71.8674232677496,46.24818314445955,high,residential,9.0
1103.9466963918526,717.5653526547042,138211.24994474783,78.82187584348969,46.778624002757134,high,residential,9.0
2419.04290889468,1572.377890781542,302857.8691354105,172.71984276792463,51.2851229655261,high,residential,9.0
1044.4514398748106,678.8934359186269,130762.59884965455,74.57391012395799,46.460472430008856,high,residential,9.0
1347.2949959976756,875.7417473984892,168677.82298706743,96.19696244952455,47.92276163694438,high,residential,9.0
1049.7702060476868,682.3506339309964,131428.49451592154,74.95367042243006,46.48964229286233,high,residential,9.0
913.8078907853612,593.9751290104848,114406.366908487,65.24595104791014,45.69314903226743,high,residential,9.0
1128.0321494642408,733.2208971517565,141226.6859123543,80.54157897581567,46.90257566367383,high,residential,9.0
1605.1887231412675,1043.372670041824,200965.44565754972,114.61059365850062,48.928825639596624,high,residential,9.0
1708.9589664428388,1110.8233281878452,213957.20973516043,122.019796711962,49.28869141475196,high,residential,9.0
934.1963277317866,607.2276130256613,116958.94609006814,66.70168695516585,45.81985251593747,high,residential,9.0
1911.4233656931888,1242.4251877005727,239305.22498006557,136.4757698061314,49.93192245975385,high,residential,9.0
945.7508130427627,614.7380284777958,118405.53754463543,67.5266780617056,45.89043686262393,high,residential,9.0
1191.1687990379896,774.2597193746933,149131.22993013353,85.04954042915516,47.2153532961774,high,residential,9.0
1436.9694773597585,934.030160283843,179904.83439777154,102.59972705704911,48.292893365409164,high,residential,9.0
921.935487015558,599.2580665601128,115423.92077924291,65.82626202040224,45.74399304792352,high,residential,9.0
1045.089060892404,679.3078895800626,130842.4273396719,74.6194363118149,46.4639771725271,high,residential,9.0
1016.8284257086259,660.9384767106069,127304.26945057393,72.60162486766232,46.30655116158619,high,residential,9.0
902.4090713120407,586.5658963528265,112979.2644111913,64.4320744937024,45.6210748673756,high,residential,9.0
902.1923900256388,586.4250535166652,112952.13647871854,64.4166034338132,45.619696011707724,high,residential,9.0
1069.8227648406653,695.3847971464324,133939.0226278552,76.38542460466584,46.59830497532138,high,residential,9.0
1121.5744901226506,729.0234185797229,140418.2037888644,80.08050162078936,46.86960379512483,high,residential,9.0
1094.6403082258835,711.5162003468242,137046.1143950935,78.15739903952183,46.73000512091712,high,residential,9.0
965.7501300997587,627.7375845648432,120909.39992995083,68.95463078005096,46.01059745423481,high,residential,9.0
918.5507098387731,597.0579613952025,115000.15549608483,65.58458867941718,45.722873428496456,high,residential,9.0
1512.2885031743367,982.9875270633189,189334.5801785031,107.97751107580031,48.58635517631915,high,residential,9.0
935.1980375721805,607.8787244219174,117084.35755203031,66.77320911192288,62.16769283092539,high,residential,90.0
1019.4165062747761,662.6207290786045,127628.29039395324,72.78641401167154,46.32114876001924,high,residential,9.0
1534.3347860706372,997.3176109459142,192094.71735332522,109.55161730660137,48.66949305560485,high,residential,9.0
2280.9179639977915,1482.5966765985645,285564.9859326765,162.85771147740542,50.947308815322664,high,residential,9.0
1046.4061761460216,680.1640144949141,131007.32673754935,74.7134784384244,46.471210058492844,high,residential,9.0
1352.686183286651,879.2460191363232,169352.78558836956,96.58189362104716,47.94570000065506,high,residential,9.0
1487.937904504142,967.1596379276923,186285.9486729146,106.23887652816319,48.493108044008544,high,residential,9.0
972.4907797128731,632.1190068133675,121753.31169807608,69.4359136614128,46.05053741196828,high,residential,9.0
928.0688949930068,603.2447817454545,116191.80747681165,66.26418780402568,45.78206640658824,high,residential,9.0
7474.083841112562,4858.154496723166,935735.8224344365,533.6501395343593,57.76785435503161,high,residential,9.0
1288.703175311052,837.6570639521839,161342.27970395013,92.01350211516277,47.66737763282396,high,residential,9.0
1171.6201520149011,761.5530988096857,146683.79025879753,83.65376558459222,47.12031602260932,high,residential,9.0
892.574001984366,580.1731012898379,111747.93935762305,63.72984981565243,45.5581535894827,high,residential,9.0
1017.5211486429257,661.3887466179017,127390.99655698938,72.65108533645106,46.3104619742007,high,residential,9.0
1046.125378249653,679.9814958622745,130972.171572571,74.69342944783725,46.46966883115587,high,residential,9.0
1086.5860960043651,706.2809624028373,136037.74801101477,77.58232769068174,46.68759338756145,high,residential,9.0
1206.5119847508154,784.23279008803,151052.1568031746,86.14504502485049,47.28886013474973,high,residential,9.0
1287.717288879517,837.0162377716861,161218.84929154764,91.94310975096963,47.66298188337973,high,residential,9.0
1104.1257689852062,717.681749840384,138233.66936684411,78.8346616399112,46.77955550170513,high,residential,9.0
993.9781922747047,646.0858249785581,124443.47976321523,70.97011650896165,46.17603418468793,high,residential,9.0
1173.8780559645904,763.0207363769838,146966.4739501041,83.81498009374437,47.13137360251205,high,residential,9.0
1456.2913419561,946.5893722714651,182323.88150018314,103.97930961955446,48.36961671361381,high,residential,9.0
926.1152861740421,601.9749360131274,115947.22074300042,66.12469998973314,45.76996665487299,high,residential,9.0
2139.801486623257,1390.870966305117,267897.5706584782,152.7819845465301,50.58036840738258,high,residential,9.0
2581.0866255924784,1677.706306635111,323145.3202448667,184.2897761356475,57.96113840821987,high,commercial,10.5
1533.1344225000628,996.5373746250408,191944.43496195658,109.46591125880384,54.669190908726065,high,commercial,10.5
929.3320379243993,604.0658246508596,116349.94968057678,66.35437630283295,51.50655776869492,high,commercial,10.5
1900.2363221167925,1235.1536093759153,237904.63627326154,135.67701406664108,56.02571265973686,high,commercial,10.5
991.2655104847036,644.3225818150573,124103.85907127075,70.77643082834571,51.914069186577585,high,commercial,10.5
794.2948283896048,516.2916384532432,99443.64289977368,56.71270954574093,50.514931869863,high,commercial,10.5
1905.9288515158748,1238.8537534853187,238617.32612157206,136.08346108713255,56.04461616194365,high,commercial,10.5
488.3119818265973,317.40278818728825,61135.38777899014,34.86551165035808,47.443776203711316,high,commercial,10.5
458.31465070942517,297.90452296112636,57379.80008416614,32.72369998799995,47.043753568484604,high,commercial,10.5
545.6908845602777,354.6990749641805,68319.07689477796,38.96236955309187,48.144889786729856,high,commercial,10.5
400.60767918171837,260.3949914681169,50155.03761018226,28.603417949086946,46.19483029338162,high,commercial,10.5
1728.1640274357512,1123.3066178332383,216361.63333076617,123.39103948853595,55.42587405946331,high,commercial,10.5
21393.09869675425,13905.514152890262,2678360.214975668,1527.4688306006235,63.812286025169186,high,residential,9.0
1533.2958663183272,996.6423131069126,191964.6473073453,109.47743835937902,48.66560210555613,high,residential,9.0
1480.4983703622918,962.3239407354897,185354.53838280513,105.70769323971378,48.464315093687325,high,residential,9.0
1185.34639441293,770.4751563684046,148402.28004193355,84.6338203079147,47.187211158766495,high,residential,9.0
1308.1247197944915,850.2810678664196,163773.80646850044,93.40020182898581,47.753293640429575,high,residential,9.0
978.8289963779453,636.2388476456645,122546.83990968578,69.8884628004938,46.08784137883397,high,residential,9.0
1297.8622326124055,843.6104511980636,162488.96981323988,92.6674594844907,47.708055034476814,high,residential,9.0
2095.039845938106,1361.7758998597687,262293.52987562824,149.5860000880708,50.458906607092594,high,residential,9.0
1210.1957352861864,786.6272279360212,151513.35277182268,86.40806508577047,47.30636935942247,high,residential,9.0
1531.4298769737586,995.4294200329431,191731.03030342713,109.34420658204449,48.65860700386047,high,residential,9.0
4053.4458726288835,2634.739817208774,507480.86159457045,289.41633536738357,54.25134505728957,high,residential,9.0
1453.042236340993,944.4774536216455,181917.1019430413,103.74732323811646,48.35678656171501,high,residential,9.0
954.7254329129983,620.5715313934489,119529.1365681194,68.1674665847985,45.944669384450094,high,residential,9.0
1380.0255938815467,897.0166360230054,172775.60855928223,98.53392956135866,48.06063487198406,high,residential,9.0
2220.686118363001,1443.4459769359505,278024.1157992977,158.5571532403395,50.793545894099154,high,residential,9.0
1472.867740481593,957.3640313130355,184399.20340411086,105.16286570136442,48.434631954845656,high,residential,9.0
1874.552285628778,1218.4589856587058,234689.0618272876,133.84317196010213,49.820016773288735,high,residential,9.0
1317.8986741084775,856.6341381705104,164997.48008159612,94.09806289053428,47.79605020851665,high,residential,9.0
1307.7573504048064,850.0422777631242,163727.81277812956,93.3739716273673,47.75168034965827,high,residential,9.0
1966.828998694736,1278.4388491515783,246241.86586694192,140.431736103917,50.09608846314224,high,residential,9.0
2137.358394523628,1389.282956440358,267591.70189332543,152.6075475897635,50.57380482211143,high,residential,9.0
1245.8867716964824,809.8264016027135,155981.77753382726,88.95640772754169,47.47330650555889,high,residential,9.0
887.7028804389167,577.0068722852959,111138.08763232711,63.382051376716156,45.52673297803326,high,residential,9.0
1052.814765399613,684.3295975097484,131809.66541387883,75.1710521855351,46.50627328052613,high,residential,9.0
1161.433349933493,754.9316774567704,145408.42918093674,82.92642716188823,47.07016225696822,high,residential,9.0
976.0133384629431,634.408670000913,122194.32687520579,69.68742461692987,46.07129952753875,high,residential,9.0
1268.8351343434615,824.74283732325,158854.85274297534,90.59492251931884,53.473644822919255,high,commercial,10.5
2005.6856018329386,1303.69564119141,251106.6113350798,143.20610044439601,56.367027852706286,high,commercial,10.5
1575.7479873213547,1024.2361917588805,197279.54224367786,112.5085229415695,48.82248658345108,high,residential,9.0
1071.3488701463964,696.3767655951577,134130.0870357128,76.49438863646701,46.606491270145476,high,residential,9.0
1384.488172474585,899.9173121084804,173334.3117714359,98.8525580032499,48.07917928867781,high,residential,9.0
940.8387773941802,611.5452053062171,117790.56348023296,67.17595835277686,45.860535935384114,high,residential,9.0
1081.689101566947,703.0979160185157,135424.65706705875,77.23268192534361,46.66165306936625,high,residential,9.0
1523.9203524906616,990.5482291189301,190790.8574049604,108.80802597804893,48.6303693976146,high,residential,9.0
1524.6064116507005,990.9941675729553,190876.7502242015,108.85701065286213,48.6329549092314,high,residential,9.0
1695.2649120360343,1101.9221928234224,212242.74980465672,121.04204021359573,49.24247237075679,high,residential,9.0
1722.9709782480147,1119.9311358612097,215711.47710347056,123.02025539210926,49.3356020411911,high,residential,9.0
981.65651712878,638.0767361337071,122900.83814030225,70.09034799141438,46.1044051568008,high,residential,9.0
1027.1797927674597,667.6668652988488,128600.23363481794,73.34071324193667,46.364715099081074,high,residential,9.0
1238.4278987265884,804.9781341722825,155047.94607283597,88.42384364533837,47.438817697945076,high,residential,9.0
1299.9802537920064,844.9871649648042,162754.14054620994,92.81868635350354,47.71742079645723,high,residential,9.0
1330.3636292797487,864.7363590318366,166558.05999035208,94.9880616124978,47.85012126092222,high,residential,9.0
1207.074944346501,784.5987138252257,151122.63787770696,86.18524038165629,47.291539391425715,high,residential,9.0
1215.7715394001693,790.25150061011,152211.42891857814,86.80617791226513,47.33277065267913,high,residential,9.0
1108.8506626510816,720.7529307232031,138825.21374262884,79.17201939742122,46.80407905218593,high,residential,9.0
1340.4966797141672,871.3228418142087,167826.69150206508,95.71156216362772,47.89370513001174,high,residential,9.0
1188.8407006195778,772.7464554027256,148839.7580742416,84.88331402973999,45.513960542816356,high,mixed_unknown,10.0
1572.5326199525277,1022.146202969143,196876.9866270619,112.27894547341342,47.040264337085155,high,mixed_unknown,10.0
1516.5289905418756,985.7438438522191,189865.4781479051,108.28028218775027,48.60243998984288,high,residential,9.0
1044.376404959814,678.8446632238791,130753.20467380795,74.56855262547268,46.46005985313737,high,residential,9.0
889.2391445917419,578.0054439846323,111330.42390137094,63.491740750951855,45.536661028325085,high,residential,9.0
893.81300986499,580.9784564122435,111903.05991591823,63.81831507004817,45.56611834390145,high,residential,9.0
901.1788533581414,585.7662546827919,112825.24432881898,64.34423684072547,45.61324195542036,high,residential,9.0
1472.8149188543734,957.3296972553428,184392.590274015,105.15909423327076,48.434425943657025,high,residential,9.0
1232.7868171158586,801.3114311253081,154341.69735357483,88.02107000074372,47.412595984170444,high,residential,9.0
1232.5908901246344,801.1840785810124,154317.16780478094,88.00708079906657,47.41168309429164,high,residential,9.0
1233.1363957702836,801.5386572506843,154385.4636902467,88.04602994254769,47.414224428907325,high,residential,9.0
1232.9399494174531,801.4109671213446,154360.86911873295,88.0320036584134,47.41330937824434,high,residential,9.0
1162.5038670651136,755.6275135923239,145542.4551364762,83.00286216433238,47.07545347214299,high,residential,9.0
1044.2026049458386,678.7316932147951,130731.44536491153,74.55614329160906,46.45910410605501,high,residential,9.0
4729.376912466153,3074.0949931029995,592105.6665762792,337.67786164845205,55.13766065467283,high,residential,9.0
534.8022240391913,347.62144562547434,66955.8449690318,38.184918385838834,48.452917491919116,high,residential,21.0
476.33505006301647,309.6177825409607,59635.907129283216,34.01035783583022,47.788736596003154,high,residential,21.0
1071.2602407442573,696.3191564837673,134118.99086549773,76.48806049059336,46.60601616533051,high,residential,9.0
1290.7841559311983,839.0097013552789,161602.81305538933,92.16208428548855,47.67664503243451,high,residential,9.0
1365.8698834450834,887.8154242393042,171003.35049675615,97.52321078830003,48.001411236780676,high,residential,9.0
1574.0930899147893,1023.1605084446131,197072.35340037654,112.39036314423474,48.81645034256765,high,residential,9.0
1370.017238346872,890.5112049254669,171522.58852411216,97.81933223530118,48.01882592696512,high,residential,9.0
905.1932068064839,588.3755844242146,113327.83092075214,64.63086197410495,45.638762403259406,high,residential,9.0
1663.7736414248727,1081.4528669261674,208300.124777794,118.79356116077592,49.134754153471924,high,residential,9.0
1137.7421683624,739.53240943556,142442.3549779786,81.2348750439412,46.951800315730694,high,residential,9.0
1599.7873094293063,1039.8617511290493,200289.20273473574,114.2249323196198,48.90946267294293,high,residential,9.0
12380.776850829609,8047.504953039246,1550041.0023717047,883.9883836525833,60.66867198019036,high,residential,9.0
1578.0202927419966,1025.7131902822978,197564.0289616232,112.67076571681372,48.83076450738755,high,residential,9.0
1043.1744940184774,678.0634211120104,130602.72855565176,74.4827360952882,46.453447148262136,high,residential,9.0
905.8313961469712,588.7904074955313,113407.73056331501,64.67642874025856,45.642809146266245,high,residential,9.0
1619.4772135475935,1052.6601888059358,202754.32742633112,115.63079293123664,48.979734683458666,high,residential,9.0
988.061830202649,642.2401896317219,123702.76664746691,70.54768781905038,46.141752246977774,high,residential,9.0
1151.587766721203,748.532048368782,144175.78781640963,82.22345179169842,47.02126901138014,high,residential,9.0
1146.1522628188268,744.9989708322374,143495.2768905811,81.8353564106984,46.99409700959728,high,residential,9.0
2305.7959109017775,1498.7673420861554,288679.6400630771,164.63399872797288,51.00963744398216,high,residential,9.0
1260.9361957459482,819.6085272348664,157865.92621204111,90.03093771872706,47.54226929669036,high,residential,9.0
1320.0338882763967,858.0220273796579,165264.80333190557,94.25051734018575,47.805348613612914,high,residential,9.0
1656.635215705411,1076.812890208517,207406.4124775994,118.28387703597495,49.110053423065736,high,residential,9.0
1664.4935293029994,1081.9207940469496,208390.2528643956,118.84496120856481,49.13723926308779,high,residential,9.0
1664.1313729783462,1081.685392435925,208344.9118361835,118.81910322017546,49.13598920524427,high,residential,9.0
4148.008448175943,2696.2054913143634,519319.8496608156,296.16811026156313,54.38387118957995,high,residential,9.0
3566.618675701421,2318.3021392059236,446531.3650161965,254.65683746873688,53.516063657543775,high,residential,9.0
6487.781367992359,4217.057889195034,812253.322709511,463.2280699412342,56.954484593094314,high,residential,9.0
2044.6880429219614,1329.047227899275,255989.6153346649,145.9908776253594,67.78994346198779,high,residential,105.0
1264.1403980155583,821.691258710113,158267.08398732686,90.2597179979725,60.17233394411643,high,residential,54.0
1264.3091990311602,821.8009793702541,158288.21743465227,90.27177040298218,60.17310084126534,high,residential,54.0
1264.1491444695394,821.6969439052006,158268.1790205755,90.26034249543422,60.17237368353909,high,residential,54.0
1431.0048354593696,930.1531430485902,179158.0767733138,102.17385118382086,48.26900058183804,high,residential,9.0
901.9966993929502,586.2978546054177,112927.63652139745,64.40263110815297,45.61845044617181,high,residential,9.0
2904.1045803058623,1887.6679771988106,363586.3265193996,207.3532820140136,52.335222721361106,high,residential,9.0
13670.740880380832,8885.981572247541,1711541.1377412425,976.0919108538307,61.23834578489708,high,residential,9.0
38329.870242348086,24914.415657526257,4798799.882032077,2736.7555727228937,67.16427775628075,high,residential,9.0
15348.134130457851,9976.287184797604,1921546.4020350326,1095.8579130805792,61.90357065414205,high,residential,9.0
910.9298699028179,592.1044154368317,114046.0461929638,65.04046014384726,45.67503655504119,high,residential,9.0
7841.49030324114,5096.968697106741,981734.1541786566,559.882988128088,55.81152427728123,high,mixed_unknown,10.0
1040.2224687053194,676.1446046584576,130233.14267824154,74.27196126940115,46.43717325777728,high,residential,9.0
964.3378450525545,626.8195992841604,120732.58552189074,68.85379352313429,46.00219404914791,high,residential,9.0
1014.9341991188788,659.7072294272713,127067.11721713441,72.46637694893177,46.295843576088764,high,residential,9.0
992.77687133345,645.3049663667425,124293.077511532,70.8843421048267,46.16908973940085,high,residential,9.0
1267.0534224880691,823.584724617245,158631.78706110863,90.46770816095025,47.57006620177833,high,residential,9.0
915.5285626341667,595.0935657122084,114621.79054057488,65.36880714528985,45.70395067476872,high,residential,9.0
1175.6351858180894,764.1628707817582,147186.46202938465,83.94043929535806,47.139964059508195,high,residential,9.0
968.7727225266258,629.7022696423068,121287.82062612772,69.17044410308065,46.02854136391852,high,residential,9.0
968.7548569821804,629.6906570384173,121285.58390651362,69.16916850188473,46.02843546779689,high,residential,9.0
968.7335979551948,629.6768386708767,121282.92233172758,69.16765060578423,46.028309454625116,high,residential,9.0
968.8526998503434,629.7542549027232,121297.83357866829,69.17615448991452,46.029015397117135,high,residential,9.0
968.4753961354505,629.5090074880428,121250.59613666624,69.14921497674075,46.02677873925491,high,residential,9.0
964.4914990915717,626.9194744095216,120751.82260721474,68.86476443289457,46.003108920123466,high,residential,9.0
779.5939300651908,506.736054542374,97603.12873421771,55.663064317124366,50.271639284505056,high,residential,20.0
5161.78605459221,3355.160935484937,646242.1644852009,368.5519064059101,55.64046178755767,high,residential,9.0
630.6589270781801,409.92830260081706,78956.85442528776,45.02909407874161,50.344970684321076,high,residential,24.0
630.9582894354766,410.1228881330598,78994.33381240274,45.05046857321329,50.3476942723846,high,residential,24.0
630.769283048206,410.00003398133396,78970.6707051915,45.036973503170714,50.34597484918795,high,residential,24.0
630.4642048373194,409.8017331442576,78932.47570810026,45.01519089632958,50.34319841535721,high,residential,24.0
630.6526105833555,409.92419687918107,78956.06361659396,45.02864308054354,50.34491320317209,high,residential,24.0
806.393733899685,524.1559270347952,100958.39434472751,57.5765722947981,51.755927766636326,high,residential,24.0
806.327464261694,524.1128517701011,100950.09755872321,57.57184063773985,51.75545594613234,high,residential,24.0
609.5058102931217,396.17877669052916,76308.53932035954,43.51875997440105,50.1491777948591,high,residential,24.0
1849.8380056026513,1202.3947036417233,231594.89836354452,132.07857053672944,55.85584012736893,high,commercial,10.5
1176.8375938372105,764.9444359941868,147337.00038038424,84.02629131693314,52.99811260729971,high,commercial,10.5
1223.991725202437,795.594621381584,153240.57476250592,87.39309978705712,47.37147319352012,high,residential,9.0
1224.2604523820735,795.7692940483478,153274.21870520088,87.41228692757606,47.372734035239446,high,residential,9.0
3409.5965256314603,2216.237741660449,426872.60096435156,243.4454443299697,53.25733196204627,high,residential,9.0
2457.689663763029,1597.4982814459688,307696.3421469433,175.47922392640177,51.37619286606079,high,residential,9.0
10962.07308886847,7125.347507764506,1372422.9879486924,782.6928300271393,67.10376864912718,high,commercial,10.5
1094.3147705669653,711.3046008685275,137005.35792841786,78.13415562657671,52.53882061545264,high,commercial,10.5
1162.2409775479146,755.4566354061445,145509.54205390782,82.98409183334363,52.919263955237504,high,commercial,10.5
856.6799272653884,556.8419527225025,107254.09472840815,61.16701022361117,50.99243191777558,high,commercial,10.5
975.4322451525753,634.0309593491739,122121.57550684444,69.64593451155339,51.81236162294071,high,commercial,10.5
892.1056438833682,579.8686685241894,111689.302143732,63.696409012570356,51.2483479004057,high,commercial,10.5
1076.7264502679513,699.8721926741684,134803.3460551087,76.8783482552285,52.43646343154757,high,commercial,10.5
1211.5695279572824,787.5201931722336,151685.3480346897,86.50615398418353,47.31288549997148,high,residential,9.0
989.6945325524114,643.3014461590674,123907.1767274879,70.66426288768635,46.15123326838821,high,residential,9.0
989.6789260539776,643.2913019350855,123905.22283454827,70.66314858254289,46.15114271621232,high,residential,9.0
989.9412583402873,643.4618179211867,123938.06615326123,70.68187912720488,46.152664633632476,high,residential,9.0
913.4728710026732,593.7573661517375,114364.423304622,65.22203061062594,45.69104355843155,high,residential,9.0
999.8892031045443,649.9279820179538,125183.52291738133,71.39216311978258,46.210082144977,high,residential,9.0
951.3875967532204,618.4019378895932,119111.24817798108,67.9291448359026,45.92455896543539,high,residential,9.0
1679.6354764181729,1091.7630596718125,210285.98518935792,119.92609735349083,49.18926302666816,high,residential,9.0
911.0948475253955,592.2116508915071,114066.70096144482,65.05223955831198,45.67607636526051,high,residential,9.0
820.5667143381194,533.3683643197776,102732.81456650165,58.58852414727589,50.720430573970276,high,commercial,10.5
478.5593898116794,311.0636033775916,59914.388670076165,34.16917585854444,51.186535231234174,high,commercial,17.5
556.0735358525033,361.4477983041271,69618.95778352839,39.703691623946234,52.133905609856726,high,commercial,17.5
769.4927921131978,500.17031487357855,96338.49258215324,54.941842319601996,54.18466000349365,high,commercial,17.5
1041.42328838031,676.9251374472015,130383.4821726946,74.35769988308773,56.09592937530714,high,commercial,17.5
700.0709149551318,455.0460947208357,87647.0544476065,49.98511515146999,53.58763541425115,high,commercial,17.5
651.745541136755,423.6346017388908,81596.84356213975,46.5346798834883,53.13603697172812,high,commercial,17.5
2341.227507560582,1521.7978799143784,293115.5836441912,167.16381735228225,61.214732661105096,high,commercial,17.5
1091.332521139511,709.3661387406822,136631.9880706497,77.92122279669154,63.05431149673461,high,residential,90.0
635.386417068507,413.0011710945295,79548.72385412877,45.366637214009636,53.28902361743834,high,residential,36.0
653.4730418612066,424.7574772097843,81813.1221516652,46.658023563094666,53.450112937512785,high,residential,36.0
725.3074850644819,471.4498652919132,90806.60726889006,51.787008125448004,54.04874518558016,high,residential,36.0
755.451250128978,491.0433125838357,94580.52811237071,53.93927518248502,54.28249248610505,high,residential,36.0
846.8911956832089,550.4792771940859,106028.57103983831,60.46809406401979,54.938440724254164,high,residential,36.0
866.7701294131355,563.4005841185381,108517.36174627536,61.88745140390084,55.0716519177122,high,residential,36.0
3959.956878716335,2573.9719711656176,495776.2831516419,282.7412142813814,54.822564447679476,high,residential,10.0
1204.2773551166874,782.7802808258468,150772.38699553275,85.98549230355233,56.96014567784437,high,residential,36.0
759.7349294137746,493.8277041189535,95116.8335972725,54.24513020052451,54.314951773616784,high,residential,36.0
969.4723938445868,630.1570559989815,121375.41765207288,69.22040068697717,55.714620061413164,high,residential,36.0
658.2990638254643,427.8943914865518,82417.32752690744,47.002601888595315,53.49234389902353,high,residential,36.0
483.7871418752459,314.46164221890984,60568.88960700392,34.54243774287434,51.724968744627084,high,residential,36.0
1231.8036044120881,800.6723428678573,154218.60168492177,87.95086854091089,57.08994640584508,high,residential,36.0
1061.180533090197,689.7673465086281,132857.03773089565,75.7683686179298,56.233658297080616,high,residential,36.0
1278.0648048276723,830.742123137987,160010.38343876915,91.25392167513006,57.30169906950835,high,residential,36.0
1014.6358217969424,659.5132841680125,127029.76115387991,72.44507278605772,55.97608810785469,high,residential,36.0
4601.755762357323,2991.14124553226,576127.8311123224,328.5657020833575,55.685764985525665,high,residential,10.0
970.6823446244939,630.9435240059211,121526.90033706948,69.30679126223073,46.74516422227487,high,residential,10.0
706.2835698068317,459.0843203744406,88424.86264734584,50.42869916778133,53.896178443221274,high,residential,36.0
5744.5242540496265,3733.940765132257,719199.4686746169,410.15945698513406,75.14310678845646,high,commercial,50.0
566.1109997043529,367.9721498078294,70875.62210416415,40.42036728600482,48.3767634098819,high,commercial,10.5
624.8048969457167,406.12318301471583,78223.94510596425,44.61111589393141,48.99947419248842,high,commercial,10.5
887.5424061049173,576.9025639681962,111117.99666384229,63.370593497389265,51.215958375647276,high,commercial,10.5
628.9594254758273,408.82362655928773,78744.08125289455,44.90774953852576,49.04131187633083,high,commercial,10.5
2989.07914526055,1942.9014444193574,374224.9206419999,213.42047224213255,58.88873368409197,high,commercial,10.5
1444.331546127671,938.8155049829861,180826.54622490783,103.12537931206494,48.32224758819282,high,residential,9.0
1192.786875520459,775.3114690882984,149333.80888967862,85.16507120978372,47.22314973902531,high,residential,9.0
1067.0683636927556,693.5944364002912,133594.1787810046,76.18876015880693,46.58350031286147,high,residential,9.0
943.8796448111552,613.5217691272509,118171.27215755412,67.39307651145313,45.87906487345203,high,residential,9.0
1084.0494985191203,704.6321740374283,135720.17261522054,77.40121444246027,46.67417115921383,high,residential,9.0
1352.3019715904309,878.9962815337801,169304.6832851048,96.55446087749527,47.944068286851135,high,residential,9.0
10228.134707220444,6648.287559693289,1280535.8149162065,730.2895752467126,59.570852787610775,high,residential,9.0
1064.4334507537985,691.8817429899691,133264.2945465763,76.00062717991247,46.56930211471188,high,residential,9.0
2766.657390062004,1798.3273035403029,346378.2964332674,197.53954245589242,52.05661954012686,high,residential,9.0
1882.5489808271957,1223.6568375376773,235690.22722994047,134.41413658923506,49.844472858058346,high,residential,9.0
1004.9458193012215,653.214782545794,125816.59808968616,71.75320589054802,54.16353253165214,high,commercial,14.0
621.0836800610584,403.704392039688,77758.05844800775,44.34542073289883,54.24229167494533,high,commercial,21.0
1269.6945126643,825.301433231795,158962.4446695482,90.65628219504335,52.33187727645179,high,residential,18.0
1111.7061308823215,722.6089850735091,139182.71092497205,79.37590004051157,46.818849187117046,high,residential,9.0
10912.924354782337,7093.40083060852,1366269.69450305,779.1836067750895,59.943331150838794,high,residential,9.0
4599.851730285281,2989.9036246854325,575889.4512580488,328.4297540524652,61.61357274138193,high,commercial,10.5
11916.805580809125,7745.923627525932,1491953.0082886813,850.860800627035,68.57909421960015,high,residential,29.0
10535.431194308721,6848.030276300669,1319008.534407932,752.2305671728437,59.74099234098149,high,residential,9.0
4130.862972618682,2685.0609322021432,517173.2807952975,294.9439220375582,60.93376883132373,high,commercial,10.5
1652.1118969677375,1073.8727330290294,206840.10475760198,117.96091174326041,49.09434649657089,high,residential,9.0
6701.024479770138,4355.6659118505895,838950.8046778368,478.45364390777036,57.140351160758165,high,residential,9.0
3598.625816801403,2339.106780920912,450538.5756841074,256.9421497126464,60.06183816535147,high,commercial,10.5
7753.080935661188,5039.502608179772,970665.5317170948,553.5705527382592,57.97849003856229,high,residential,9.0
2527.693776370368,1643.0009546407393,316460.6746426664,180.47752274871266,51.53756891482799,high,residential,9.0
5126.020090223376,3331.9130586451947,641764.3589380197,365.9982139023527,55.600501900310476,high,residential,9.0
1027.5562567492627,667.9115668870209,128647.36594442511,73.36759279810565,46.36681938444491,high,residential,9.0
1090.6562784277535,708.9265809780397,136547.32424515564,77.87293901701227,46.70906519496557,high,residential,9.0
1140.8007027977962,741.5204568185676,142825.27551997287,81.45325462904053,46.96721856819043,high,residential,9.0
890.9833047998302,579.1391481198897,111548.78821483976,63.61627391892312,45.54791185311409,high,residential,9.0
1350.2341117686249,877.6521726496062,169045.79262343023,96.40681553314226,47.935278301363105,high,residential,9.0
2496.4929044391874,1622.7203878854718,312554.4067738745,178.24977818314062,51.46620257017018,high,residential,9.0
1123.33745769051,730.1693474988316,140638.92273477212,80.20637763564055,46.87862403562522,high,residential,9.0
708.1751039974229,460.3138175983249,88661.67779942637,50.56375484901286,50.06434489207572,high,residential,21.0
653.0841939546245,424.50472607050597,81764.43940694323,46.63025979377973,49.59951096978295,high,residential,21.0
331.4188546561157,215.4222555264752,41492.777057978,23.663330756164854,45.70891646069938,high,residential,21.0
387.95566908500746,252.17118490525485,48571.03891215156,27.700063491600037,46.611779506572034,high,residential,21.0
909.0761025030127,590.8994666269583,113813.95934468452,64.90810101427358,45.66333980113797,high,residential,9.0
903.2170077228648,587.0910550198621,113080.41594466736,64.4897612132438,45.626213272826746,high,residential,9.0
1809.205089790753,1175.9833083639894,226507.7631770203,129.1773773398547,49.61616922950479,high,residential,9.0
1524.9521890130914,991.2189228585094,190920.04064901534,108.88169918213345,48.63425757980592,high,residential,9.0
1375.0615414622762,893.7900019504796,172154.12213072457,98.17949585115223,48.03993602782013,high,residential,9.0
1254.7767606218436,815.6048944041984,157094.78098352737,89.59115359490566,47.51414411767638,high,residential,9.0
1270.113499135315,825.5737744379547,159014.90068400808,90.68619786008982,47.58392102604429,high,residential,9.0
1559.1547447383116,1013.4505840799026,195202.11150763373,111.32376419280351,48.76167392081487,high,residential,9.0
1766.7336146555945,1148.3768495261365,221190.4451537741,126.14491087119738,49.479696899263395,high,residential,9.0
999.8354105474614,649.89301685585,125176.78822939645,71.3883223272248,46.20977320250401,high,residential,9.0
1248.9220816653287,811.7993530824637,156361.79043312318,89.17312908401016,47.487282339284704,high,residential,9.0
633.9196038586254,412.04774250810647,79365.08266218008,45.2619066422413,49.09090288853239,high,commercial,10.5
1524.9829712017793,991.2389312811565,190923.894498833,108.88389703268446,54.63550484067889,high,commercial,10.5
1927.2241547908652,1252.6957006140624,241283.4426045586,137.60394731737978,56.11483571185016,high,commercial,10.5
1503.9181375725002,977.5467894221251,188286.63221497776,107.37986635220182,54.54761357811685,high,commercial,10.5
1629.147530281305,1058.9458946828483,203965.0258844145,116.32125426188159,55.05302286773034,high,commercial,10.5
2827.2368076206026,1837.7039249533918,353962.68166587356,201.86491735404772,58.53688224487896,high,commercial,10.5
4522.223735282457,2939.445427933597,566170.628551199,322.8871094627488,61.50597765870963,high,commercial,10.5
583.6955830841763,379.4021290047146,73077.16612492758,41.675907841046204,48.569844043748546,high,commercial,10.5
1128.2686064258062,733.374594176774,141256.28970783003,80.55846202037547,52.73185129010757,high,commercial,10.5
1868.2541777988263,1214.365215569237,233900.55513732738,133.3934865948178,55.91844406595886,high,commercial,10.5
1438.7989348000012,935.2193076200008,180133.87770245562,102.73035045371044,54.26791596959431,high,commercial,10.5
1531.8328661908567,995.691363024057,191781.48350337913,109.37298004197712,54.663824221469945,high,commercial,10.5
2138.7864017810357,1390.2111611576734,267770.4846811372,152.70950741365255,56.773100375386875,high,commercial,10.5
2826.2316130038726,1837.0505484525172,353836.83391899406,201.7931463840023,58.53463456726272,high,commercial,10.5
3710.940625219731,2412.1114063928253,464600.0970506173,264.96143534796704,60.25611150089267,high,commercial,10.5
1892.3453712354749,1230.0244913030588,236916.70978358216,135.11359958957692,55.99941491517827,high,commercial,10.5
2277.0904120734394,1480.1087678477356,285085.7864048169,162.5844239866671,50.93765908200777,high,residential,9.0
2783.328760875199,1809.1636945688792,348465.50862015557,198.72987956607471,52.09114059046422,high,residential,9.0
653.0826205885261,424.50370338254197,81764.24242560727,46.63014745532383,49.5994971428321,high,residential,21.0
387.982967912263,252.18892914297098,48574.456654194146,27.702012629886923,46.612182927484554,high,residential,21.0
653.0809596592866,424.5026237785363,81764.03448159421,46.63002886485318,49.59948254632862,high,residential,21.0
387.9816961664478,252.1881025081911,48574.29743493174,27.70192182714157,46.61216413430754,high,residential,21.0
632.574238709079,411.1732551609014,79196.64645094033,45.16584747097127,49.416380535037334,high,residential,21.0
586.7182921530515,381.3668898994835,73455.60142438002,41.891729492323925,48.984523566747626,high,residential,21.0
403.4881951745569,262.267326863462,50515.67070701318,28.80908700420962,46.836861695821135,high,residential,21.0
729.1969770336648,473.9780350718821,91293.56152897148,52.064718139972435,49.974957624590466,high,commercial,10.5
1124.3151459255678,730.8048448516191,140761.3267543369,80.27618464799833,46.88362029201213,high,residential,9.0
1098.788683877624,714.2126445204556,137565.4802176838,78.45359336814506,46.75172807863539,high,residential,9.0
1099.1006529312415,714.415424405307,137604.53793033017,78.47586798166729,46.753358389573165,high,residential,9.0
1099.1454499903773,714.4445424937453,137610.14640541075,78.47906649500575,46.75359245539465,high,residential,9.0
1159.0178857607145,753.3616257444645,145106.0193602383,82.7539628411439,47.058205485972984,high,residential,9.0
1129.9172918404297,734.4462396962793,141462.7008259262,80.67617828102571,46.912165369653245,high,residential,9.0
1291.3118431837374,839.3526980694294,161668.87812446535,92.19976119438259,47.67899265201888,high,residential,9.0
1035.3013796384012,672.9458967649608,129617.03514945305,73.92059514573307,46.409941493548075,high,residential,9.0
1178.0494104992686,765.7321168245246,147488.71666896445,84.11281511631043,47.15174609845289,high,residential,9.0
1178.6714816460233,766.1364630699152,147566.59835566956,84.15723104223837,47.154778057094795,high,residential,9.0
909.328816281431,591.0637305829302,113845.59845127148,64.92614479676013,45.664935756286354,high,residential,9.0
914.9974962585165,594.7483725680357,114555.30241409001,65.33088896675554,45.70061903209179,high,residential,9.0
4718.957521974086,3067.322389283156,590801.1860354363,336.9339163960094,55.12498544736286,high,residential,9.0
1000.2990156641512,650.1943601816982,125234.83038203651,71.42142376687542,46.2124352435863,high,residential,9.0
790.194449309745,513.6263920513343,98930.28612292296,56.41994217590297,50.69343229414584,high,residential,21.0
790.0924907841639,513.5601190097066,98917.52118118334,56.412662329628866,50.69269149911223,high,residential,21.0
790.172100505798,513.6118653287687,98927.48811090083,56.41834646964674,50.693269923712194,high,residential,21.0
995.9759443073187,647.3843637997572,124693.59311235583,71.11275615197653,51.94401434816853,high,commercial,10.5
374.67235872184125,243.53703316919683,46908.00306567665,26.751634148355393,45.772718196493585,high,commercial,10.5
892.333387909599,580.0167021412393,111717.81510240625,63.71266995290229,49.39578675094601,high,residential,15.8
1028.7052487687652,668.6584116996974,128791.21675145322,73.44963091335377,50.21241822715239,high,residential,15.8
1070.4118869648096,695.7677265271262,134012.77918278147,76.42748796794028,48.54301623953907,high,residential,12.0
1049.1267406091943,681.9323813959763,131347.93431963582,74.90772694248831,52.272427249325325,high,commercial,10.5
942.2598176487651,612.4688814716973,117968.47401744452,67.27742073214861,51.59381637853689,high,commercial,10.5
1170.201807945581,760.6311751646277,146506.21727695598,83.552495713048,47.113359106128556,high,residential,9.0
1004.9182743601045,653.196878334068,125813.14953482943,71.75123917971322,46.23889211100302,high,residential,9.0
492.50516188939764,320.1283552281085,61660.36299710278,35.16490501724771,46.89533903490413,high,residential,18.0
512.4131124707069,333.0685231059595,64152.78653772664,36.586334162465505,47.12266481373265,high,residential,18.0
1281.5002210030455,832.9751436519796,160440.48859260546,91.4992106443629,53.53639665900438,high,commercial,10.5
1130.5615464564682,734.8650051967044,141543.3598251844,80.72217810830266,52.7446768800963,high,commercial,10.5
934.9433215622576,607.7131590154675,117052.467771276,66.75502236995871,51.544580232236456,high,commercial,10.5
902.7641090359047,586.796670873338,113023.71420913277,64.45742421346843,51.3233607404881,high,commercial,10.5
620.379447501583,403.24664087602895,77669.89036650978,44.295138476020526,48.95460161672373,high,commercial,10.5
1648.9578241108711,1071.8225856720662,206445.22305417457,117.73571070779576,49.08336873306218,high,residential,9.0
2935.4003528899984,1908.010229378499,367504.4757026683,209.58780249323175,52.39681479745051,high,residential,9.0
1231.0559203646308,800.1863482370101,154124.9935903457,87.89748384457415,47.40452613129132,high,residential,9.0
1268.6723519020975,824.6370287363634,158834.47280546252,90.58329984095528,47.577400237831405,high,residential,9.0
8190.420594971866,5323.773386731713,1025419.3175305752,584.7966367876871,58.29388109356093,high,residential,9.0
2889.200237597114,1877.9801544381244,361720.34164701967,206.28911084129533,52.30565640221572,high,residential,9.0
1552.6052437659805,1009.1934084478874,194382.1310512776,110.85612933854361,65.85073202472411,high,residential,100.0
883.6723693666003,574.3870400882902,110633.47814797272,63.09427258778885,62.6138437641387,high,residential,100.0
883.6727766711617,574.3873048362551,110633.52914144256,63.0943016693647,62.61384641060563,high,residential,100.0
883.5830126361849,574.3289582135202,110622.29091815262,63.08789251062244,62.613263138107115,high,residential,100.0
883.6813493729412,574.3928770924118,110634.60242136831,63.09491376090635,62.613902111569644,high,residential,100.0
2470.59910135057,1605.8894158778705,309312.5700960729,176.40095872579042,64.00573904822102,high,commercial,24.0
9384.92439166555,6100.200854582608,1174968.080477532,670.0842962963366,72.44279335708845,high,commercial,24.0
1516.1004288293545,985.4652787390805,189811.82333815785,108.24968284975142,60.91971274413229,high,commercial,24.0
4140.372173395435,2691.241912707033,518363.8079553735,295.62287967694954,61.15402250373562,high,residential,24.0
2531.064870773198,1645.1921660025787,316882.72687817714,180.71821913862445,64.15856426915018,high,commercial,24.0
5537.042617642562,3599.077701467665,693223.3084106043,395.3452527865676,69.10697361994505,high,commercial,24.0
1398.4849841915957,909.0152397245372,175086.67612831297,99.85193139597689,60.752446358819746,high,residential,54.0
480.4258307689825,312.2767899998386,60148.06221473197,34.30243988106164,59.11628112685485,high,residential,100.0
1184.0728992471581,769.6473845106528,148242.84176539793,84.54289265880644,64.29427703007637,high,residential,100.0
1286.0547177627445,835.935566545784,161010.69971972302,91.82440205015804,64.76880100980375,high,residential,100.0
1286.4366320130903,836.1838108085087,161058.51438875054,91.85167075590445,64.77050644094213,high,residential,100.0
1286.032605566059,835.9211936179383,161007.93133031353,91.82282323767781,64.76870225269398,high,residential,100.0
1285.859414802507,835.8086196216295,160986.24829798267,91.81045740433953,64.76792869241281,high,residential,100.0
480.50088131503344,312.32557285477174,60157.458347545835,34.30779849560539,59.1171771523795,high,residential,100.0
970.3661927536101,630.7380252898466,121487.31894660015,69.28421799524607,54.4677128071993,high,commercial,15.0
1237.8996756443566,804.6347891688318,154981.8139192786,88.38612847816458,64.54960701984959,high,residential,100.0
944.1714620294176,613.7114503191215,118207.80691292163,67.41391228243921,54.29486014572939,high,commercial,15.0
468.40765056998174,304.46497287048817,58643.417368387396,33.444340925191334,58.97096388935841,high,residential,100.0
423.9137413258259,275.54393186178686,53072.895864349004,30.26747251143824,58.39852989876856,high,residential,100.0
703.9554622655762,457.57105047262456,88133.38964929766,50.26247211699446,61.308533060014035,high,residential,100.0
424.10940082659226,275.67111053728496,53097.39192403455,30.281442614276905,58.40117614320262,high,residential,100.0
423.94307170150614,275.562996605979,53076.56795096095,30.26956670243303,58.398926662187556,high,residential,100.0
423.8504776536813,275.50281047489284,53064.975417436326,30.26295548056394,58.39767401317566,high,residential,100.0
423.8749063050697,275.51868909829534,53068.03382093887,30.26469968808144,58.398004520172805,high,residential,100.0
1867.1621203972898,1213.6553782582384,233763.8323961198,133.31551361550714,66.91056235341325,high,residential,100.0
1077.0480410631853,700.0812266910705,134843.608384735,76.90130986181438,63.7501995806836,high,residential,100.0
424.0626417239313,275.64071712055534,53091.53780621692,30.27810401088551,58.40054384913408,high,residential,100.0
771.3838015687797,501.3994710197069,96575.24203877787,55.076860534715024,61.83361106172916,high,residential,100.0
1369.9065428274805,890.4392528378623,171508.72973351256,97.81142856702222,65.13160141976962,high,residential,100.0
590.3379131314377,383.71964353543456,73908.76853958955,42.15017069812793,51.329512625571304,high,commercial,15.0
1081.7054719218402,703.1085567491962,135426.70659283677,77.23385076989481,57.367452476501526,high,commercial,20.0
386.73922170472963,251.38049410807426,48418.74286971608,27.613209058599082,45.61077602816889,high,commercial,10.0
419.48790342016446,272.6671372231069,52518.79249052344,29.951467357345518,46.12346111962864,high,commercial,10.0
1874.0200976063234,1218.1130634441101,234622.43327354535,133.8051736959029,56.88936748024892,high,residential,25.0
1759.8746634759777,1143.9185312593856,220331.72233776926,125.65518124922981,56.52833212150321,high,residential,25.0
1453.2013385032676,944.580870027124,181937.02111920153,103.75868314428062,55.42839747813265,high,residential,25.0
345.9671310403768,224.87863517624493,43314.18335429854,24.70207876695646,47.191369924578176,high,residential,25.0
296.20668819055777,192.53434732386256,37084.305565311086,21.149179463896914,46.30154003179929,high,residential,25.0
1109.639058719133,721.2653881674364,138923.91887610403,79.22831093504213,53.87914286974903,high,residential,25.0
1329.2949464727453,864.0417152072845,166424.2636874752,94.9117575809671,54.91648734476553,high,residential,25.0
541.9720644623234,352.2818419005102,67853.4903082717,38.69684552280736,49.765561305981265,high,residential,25.0
854.3153706239088,555.3049909055408,106958.0583979837,60.99818070437011,52.377601893318726,high,residential,25.0
3890.4671199118757,2528.8036279427192,487076.34641183924,277.77964035867194,61.086492257847084,high,residential,25.0
1069.4794749122489,695.1616586929617,133896.04362329372,76.36091367836441,53.66744388341157,high,residential,25.0
732.309714244047,476.00131425863054,91683.26811716324,52.2869678072182,51.49294605953133,high,residential,25.0
1154.3077643146955,750.3000468045522,144516.3244278892,82.41765982122521,54.105800152621576,high,residential,25.0
472.58007749621873,307.17705037254217,59165.79434787666,33.742252516594064,48.979574328186935,high,residential,25.0
469.557586470596,305.2124312058874,58787.38634687132,33.52644643362072,48.94277067419011,high,residential,25.0
337.12720145551407,219.13268094608415,42207.44720359425,24.070907140209805,47.04302172036847,high,residential,25.0
689.861489289946,448.4099680384649,86368.86095600475,49.25616140320951,51.15018952200005,high,residential,25.0
1312.1401196839188,852.8910777945472,164276.5240721308,93.6869016783362,51.24902158093663,high,residential,15.0
1653.3677687880045,1074.6890497122029,206997.33663719983,118.05058108419507,52.57683563484006,high,residential,15.0
1549.5820008461833,1007.2283005500192,194003.62891508074,110.64026957027055,65.83953545393426,high,residential,100.0
997.5520076670066,648.4088049835543,124890.91213839804,71.2252871925284,63.30988339986058,high,residential,100.0
575.1726117368272,373.8621976289377,72010.11231969361,41.06736705592127,60.14896960411347,high,residential,100.0
837.270550983226,544.2258581390969,104824.09139095225,59.781179320260065,62.3041525376415,high,residential,100.0
1132.7331122560952,736.2765229664619,141815.23420506582,80.87722806714905,64.03969931564791,high,residential,100.0
740.6253427464954,481.40647278522204,92724.36313846818,52.880704297868405,61.600020338348656,high,residential,100.0
866.9060154131134,563.4889100185237,108534.37431940803,61.8971536743584,62.50385857973049,high,residential,100.0
559.2340045598569,363.50210296390696,70014.6402307718,39.92934932360916,59.987717699998996,high,residential,100.0
839.8608167303937,545.9095308747559,105148.38591330122,59.96612448635569,62.32188707040163,high,residential,100.0
1003.8380120434363,652.4947078282336,125677.90350751404,71.67410837033526,63.345955411036535,high,residential,100.0
859.4880913977909,558.6672594085641,107605.66956083247,61.36751335054276,62.45451825214937,high,residential,100.0
1162.5187115295134,755.6371624941837,145544.31362474032,83.00392206018941,64.1887664264645,high,residential,100.0
1162.2044323178202,755.4328810065831,145504.96668632224,82.98148250120958,64.18721357217343,high,residential,100.0
1162.175698046845,755.4142037304492,145501.36923046617,82.97943087213487,64.18707157514316,high,residential,100.0
1162.2125347731112,755.4381476025223,145505.98109261293,82.98206101711716,64.18725361169184,high,residential,100.0
1162.5345481673958,755.6474563088073,145546.29633053925,83.00505279730653,64.18884466422699,high,residential,100.0
370.1650102618937,240.60725667023092,46343.694782838356,26.429809134652714,47.288651246324164,high,residential,24.0
732.4172167853953,476.07119091050697,91696.72715523145,52.2946434966285,51.20354729917391,high,residential,24.0
766.8829251421744,498.47390134241334,96011.74403765048,54.755497624672074,51.46751801805656,high,residential,24.0
301.66958953151095,196.08523319548212,37768.24657906268,21.53923102403945,46.1159954626402,high,residential,24.0
324.9595102311179,211.22368165022667,40684.08396643611,23.202133086058517,56.87461466208207,high,residential,100.0
324.8866859194508,211.17634584764303,40674.966552366415,23.196933424814567,56.87333028953789,high,residential,100.0
695.7347191785393,452.2275674660506,87104.17403476883,49.67551045202867,50.90860861079071,high,residential,24.0
634.2170340746162,412.24107214850056,79402.32015023797,45.283143181680714,50.37725903107362,high,residential,24.0
486.22782799512754,316.0480881968329,60874.45714976135,34.7167029125089,57.55212858210572,high,residential,80.0
513.5460620087026,333.8049403056567,64294.6288678704,36.66722684334649,57.86571002903019,high,residential,80.0
606.4933380610604,394.2206697396893,75931.38564620311,43.303669234029634,58.82022924357558,high,residential,80.0
564.2770728660187,366.78009736291216,70646.01924248447,40.2894247739889,58.406215977314936,high,residential,80.0
1754.53002437378,1140.4445158429571,219662.58744816575,125.27357362168894,64.9201026242765,high,residential,80.0
1590.1078733761665,1033.5701176945083,199077.3625616212,113.53381986889258,64.35482582620885,high,residential,80.0
1350.4483272139073,877.7914126890398,169072.6118390198,96.42211053179301,63.41641547921832,high,residential,80.0
3172.298459828862,2061.9939988887604,397163.50142970664,226.5023448653617,53.54811386341517,high,residential,10.0
2312.38581356747,1503.0507788188556,289504.67870617146,165.1045182661296,51.73135004264234,high,residential,10.0
682.0695772613575,443.34522521988237,85393.33387263145,48.69981830756172,50.79474875970118,high,residential,24.0
697.949891481268,453.6674294628242,87381.50783521752,49.83367391842455,50.92685514333021,high,residential,24.0
495.08769969974475,321.8070048048341,61983.6900018977,35.34929840808226,48.956230403903234,high,residential,24.0
545.3594906847634,354.4836689450962,68277.58724504345,38.938708005848284,49.51106950852241,high,residential,24.0
579.2682475103969,376.524360881758,72522.87524695598,41.359795753339,49.85718606593178,high,residential,24.0
608.2727295531831,395.37727420956907,76154.16082463441,43.43071791828901,50.13755607420044,high,residential,24.0
432.4867675964492,281.116398937692,54146.2164155538,30.87958722179033,48.180851111728714,high,residential,24.0
808.0823286900804,525.2535136485523,101169.80201268243,57.69713808783279,51.76793702211132,high,residential,24.0
370.7139948890791,240.96409667790144,46412.42622772762,26.469006677673065,47.297147000472485,high,residential,24.0
553.0074628930975,359.45485088051333,69235.09343797048,39.48477378767457,49.59097479519203,high,residential,24.0
1277.1340191675563,830.1371124589116,159893.8514993777,91.1874635100951,54.39632215965,high,residential,24.0
756.4139421076982,491.6690623700038,94701.05463971625,54.00801146103018,51.38861080657347,high,residential,24.0
550.7270659459391,357.9725928648604,68949.59368198855,39.32195327683807,49.567265428497734,high,residential,24.0
614.6622558020836,399.5304662713543,76954.11286244715,43.88693056545361,50.19752404002258,high,residential,24.0
482.08118292987433,313.3527689044183,60355.30799209002,34.42063214788894,48.803512939366115,high,residential,24.0
593.8240045391669,385.98560295045854,74345.21810047748,42.39907788270231,49.99959748263543,high,residential,24.0
360.4639323792335,234.30155604650176,45129.14510905783,25.737151455695678,47.136413949934166,high,residential,24.0
514.9450338592835,334.7142720085343,64469.776498402076,36.7671135370387,49.181831853417975,high,residential,24.0
107.82093822227144,70.08360984447644,13498.900527191754,7.698422970657458,50.56847088673027,high,residential,100.0
178.72550271589608,116.17157676533246,22375.96725286031,12.761014124306238,53.45248368329732,high,residential,100.0
298.17392055870755,193.8130483631599,37330.597931982775,21.28964000060978,56.381719862830536,high,residential,100.0
442.20195419963,287.4312702297595,55362.53246438181,31.57325226443695,48.30825517062981,high,residential,24.0
478.79636563578856,311.21763766326256,59944.05742579042,34.18609594992827,48.76429348011237,high,residential,24.0
531.3210454383043,345.3586795348978,66520.01047875971,37.936361976036665,49.361442342568985,high,residential,24.0
419.65855166427934,272.7780585817816,52540.15720604556,29.963651654607784,48.008177126785036,high,residential,24.0
432.6883911600926,281.2474542540602,54171.45916037158,30.893983159159912,48.18352408258946,high,residential,24.0
411.0828758441578,267.20386929870256,51466.50493814726,29.351347766225388,58.2222811548476,high,residential,100.0
412.61987976258206,268.20292184567836,51658.933823916566,29.46108995977962,58.24368104286906,high,residential,100.0
412.74483774117107,268.2841445317612,51674.578237245405,29.470011968701055,58.245417350828944,high,residential,100.0
412.71103986869,268.26217591464854,51670.34683167451,29.467598798103975,58.24494777657564,high,residential,100.0
412.744694013188,268.2840511085722,51674.56024287642,29.470001706512424,58.24541535401049,high,residential,100.0
450.54277409070653,292.85280315895926,56406.78138190429,32.16878742210002,48.415427318353956,high,residential,24.0
526.3159540206102,342.10537011339665,65893.3860745306,37.5789980783048,49.30714008462649,high,residential,24.0
445.7736223387917,289.7528545202146,55809.696009066356,31.828269633970542,48.35439278144001,high,residential,24.0
386.99568671546075,251.5471963650495,48450.851620814385,27.631520679350444,53.378315500515484,high,residential,54.0
577.5513041637531,375.40834770643954,72307.91841362376,41.23720587128963,49.84015270977265,high,residential,24.0
890.0332196418639,578.5215927672116,111429.84002860426,63.548437768313015,58.15727386498547,high,residential,54.0
578.4646070888726,376.00199460776724,72422.26156014662,41.30241576775162,55.683966901275895,high,residential,54.0
582.1072328305556,378.3697013398612,72878.3088117797,41.56249951535796,55.71998791516981,high,residential,54.0
771.8288988776308,501.68878427046,96630.96706210046,55.108640515515894,57.339170827975884,high,residential,54.0
656.6108136365234,426.79702886374025,82205.96300215674,46.88206070013,56.411160691494224,high,residential,54.0
1645.7819290035225,1069.7582538522897,206047.6092618468,117.50895156203124,61.687781663595345,high,residential,54.0
1309.048779441303,850.881706636847,163889.49632855144,93.46617975617289,54.53809022471261,high,residential,24.0
1420.0233043385042,923.0151478200278,177783.21769045896,101.38976904886876,55.005490631528566,high,residential,24.0
1607.7624320291825,1045.0455808189686,201287.66730426074,114.79435666361991,55.718769574475935,high,residential,24.0
574.2930000289477,373.29045001881605,71899.98722578338,41.00456271486426,49.807688463677415,high,residential,24.0
379.43337278096044,246.6316923076243,47504.06962058013,27.091570904616848,47.430426015551596,high,residential,24.0
940.9091768854994,611.5909649755746,117799.37731311325,67.18098488166848,52.64170618414366,high,residential,24.0
1153.8252045256168,749.986382941651,144455.90919965433,82.38320501656285,53.81315732515573,high,residential,24.0
2500.0548576357805,1625.0356574632574,313000.3540330627,178.50410190505568,65.97950095150989,high,residential,70.0
1204.2357553391805,782.7532409704673,150767.17881178128,85.98252207635888,61.78312038711885,high,residential,70.0
1604.8634055186467,1043.1612135871203,200924.71673884513,114.58736595616338,63.432767398858815,high,residential,70.0
925.432205960328,601.5309338742132,115861.70088007723,66.07592801190805,60.27083606688333,high,residential,70.0
1337.8081342729547,869.5752872774206,167490.09261809927,95.51959982010202,62.38727954881993,high,residential,70.0
1662.2900118929488,1080.4885077304168,208114.37822614223,118.68762990236893,63.63473526879635,high,residential,70.0
635.8090883030322,413.275907396971,79601.64119137917,45.39681597144354,58.11601324501344,high,residential,70.0
2501.039227823255,1625.6754980851156,313123.59461565944,178.5743860093106,65.9817628835182,high,residential,70.0
829.1227433534788,538.9297831797612,103804.00710563546,59.19942525234391,51.91550924412209,high,residential,24.0
711.8857177454097,462.7257165345163,89126.23697229914,50.8286929453022,51.04033596080818,high,residential,24.0
867.1591782104999,563.6534658368249,108566.06964199984,61.91522951683251,52.17303603113087,high,residential,24.0
937.8564460308517,609.6066899200536,117417.18336430684,66.96301967266419,52.62304608366017,high,residential,24.0
1542.8805135819464,1002.8723338282651,193164.6201709935,110.1617828835176,55.482139478756785,high,residential,24.0
704.8686670370228,458.1646335740648,88247.72050723643,50.327675005276944,50.983475457709645,high,residential,24.0
475.7251832682632,309.2213691243711,59559.55339564904,33.96681330153865,48.72738109585599,high,residential,24.0
1058.8213564186633,688.2338816721311,132561.67495869036,75.59992322894112,53.31968461219474,high,residential,24.0
737.546176678125,479.40501484078123,92338.8595697833,52.66085161264741,51.24360571860886,high,residential,24.0
602.7628133760634,391.7958286944412,75464.3336758966,43.037309495363836,50.085336393614355,high,residential,24.0
292.1595819509785,189.90372826813604,36577.618409255774,20.86021577879857,45.93248714968416,high,residential,24.0
588.1723107545727,382.31200199047225,73637.6407646996,41.99554652810818,49.944720360319785,high,residential,24.0
611.6209173997597,397.55359630984384,76573.34521898754,43.6697787783886,50.16905801088972,high,residential,24.0
723.2671537516826,470.1236499385937,90551.16310481484,51.64132831867591,51.131382393002475,high,residential,24.0
363.6406195366219,236.36640269880425,45526.8580639868,25.963967153891673,47.18671045602707,high,residential,24.0
303.1357843580318,197.03825983272068,37951.81035102586,21.643917443190052,46.143773583821925,high,residential,24.0
359.4698593663795,233.65540858814668,45004.689758005145,25.666174568990336,47.120583948789694,high,residential,24.0
1724.617877422893,1121.0016203248804,215917.6645890048,123.13784411510944,66.45433023170315,high,residential,100.0
1239.0162742951131,805.3605782918236,155121.60916094386,88.46585370448629,64.55478541377754,high,residential,100.0
690.6220605132198,448.9043393335929,86464.08249141426,49.31046624485355,61.19877185372571,high,residential,100.0
748.5288458462095,486.5437498000362,93713.86113318469,53.44501500425523,61.660954508447865,high,residential,100.0
696.6307269605231,452.80997252434,87216.35187443532,49.73948547399046,61.24849507839115,high,residential,100.0
1239.008719326689,805.3556675623479,155120.6632985824,88.46531427918154,64.55475039214762,high,residential,100.0
1238.8002132352701,805.2201386029257,155094.55887922025,88.45042692881931,64.55378376210962,high,residential,100.0
976.6629360412109,634.8309084267871,122275.65479941346,69.73380593210551,52.855860714821866,high,residential,24.0
3812.071566370714,2477.8465181409642,477261.4273759401,272.1821920324987,60.67926874876638,high,residential,24.0
783.6870470337822,509.39658057195845,98115.57631365978,55.955313171680174,51.59195267614748,high,residential,24.0
5059.428796773818,3288.628717902982,633427.3025084091,361.2435906205457,62.30609441645024,high,residential,24.0
1653.7166256952967,1074.915806701943,207041.0126130113,118.07548949320035,55.88066433199731,high,residential,24.0
795.3100914656254,516.9515594526565,99570.75119152198,56.78519940452499,51.67647207452423,high,residential,24.0
866.1427436971528,562.9927834031494,108438.81468935058,61.84265601733664,52.166302169880296,high,residential,24.0
5390.046296740975,3503.5300928816337,674819.7520473393,384.8497045925977,62.669886239047244,high,residential,24.0
738.9593800949225,480.3235970616996,92515.78895532351,52.76175444122101,51.254594299472366,high,residential,24.0
1498.5742000453315,974.0732300294655,187617.58516073987,106.99830881716994,55.314765008947994,high,residential,24.0
303.41453789995535,197.21944963497097,37986.70956815446,21.66382046671849,46.149039618157914,high,residential,24.0
5510.635441535067,3581.913036997794,689917.1987684839,393.4597784576664,62.797046774996126,high,residential,24.0
1254.1651938152902,815.2073759799387,157018.21441284532,89.5474876796457,64.62458367708433,high,residential,100.0
1180.5873681368084,767.3817892889255,147806.462352282,84.29402547950643,64.27734562047462,high,residential,100.0
717.5134797957483,466.3837618672364,89830.81811730473,51.23051557229889,51.085535806631825,high,residential,24.0
2698.7071731732776,1754.1596625626305,337871.1063298839,192.6878919399328,58.694472417862144,high,residential,24.0
970.5737275466922,630.8729229053499,121513.30176194136,69.29903599483515,52.819947238612876,high,residential,24.0
3460.7486156013833,2249.486600140899,433276.7093467004,247.09770734042326,60.123643488640575,high,residential,24.0
2574.314376781218,1673.3043449077918,322297.4523394684,183.80623706919883,58.42332137916054,high,residential,24.0
808.5159542141646,525.535370239207,101224.09079844313,57.728098982352115,62.103515924647986,high,residential,100.0
521.1481265360811,338.74628224845276,65246.387538758856,37.21001481335418,59.583027720629964,high,residential,100.0
544.5845324500792,353.97994609255153,68180.56449329217,38.88337593052452,59.83540950334055,high,residential,100.0
550.9780956602676,358.135762179174,68981.02194813946,39.339876817023935,59.90237919867516,high,residential,100.0
1439.6582854460846,935.777885539955,180241.46616422123,102.79170815345537,55.08437223897792,high,residential,24.0
1377.2238799655402,895.1955219776012,172424.841277144,98.33388698035523,54.829702203720764,high,residential,24.0
1443.2195203261765,938.0926882120148,180687.32349205518,103.04598058751908,55.09856389822705,high,residential,24.0
4694.139843270609,3051.190898125896,587694.0773267046,335.1619322994197,61.87542225328323,high,residential,24.0
3731.1973671399473,2425.278288640966,467136.1883580616,266.4077682206025,60.55604010728612,high,residential,24.0
2017.756218777884,1311.5415422056246,252617.82112538745,144.06794338780847,57.023698802327004,high,residential,24.0
1216.4611225789117,790.6997296762927,152297.76293577877,86.85541420227464,48.0413424118155,high,residential,10.0
960.9957474802238,624.6472358621455,120314.16361400438,68.6151675090667,52.76299937211716,high,residential,24.0
955.5393891261265,621.1006029319823,119631.04176515875,68.22558311867004,45.94956280781713,high,residential,9.0
957.3751412714666,622.2938418264533,119860.87315051952,68.35665595774128,45.96058389762534,high,residential,9.0
1207.1928615342,784.67535999723,151137.4008023618,86.19365967758694,53.15900442571145,high,commercial,10.5
2284.576517026738,1484.9747360673798,286023.0272391749,163.11893243450146,50.956517363708606,high,residential,9.0
733.6435467030803,476.8683053570022,91850.26046560037,52.382203543531894,45.65725107021832,high,residential,10.8
890.2406705452964,578.6564358544427,111455.81234117993,63.56324977817492,56.540864733520856,high,residential,43.2
940.0280082288423,611.0182053487475,117689.05729327281,67.1180693743535,51.88945353893989,high,residential,21.6
998.5752266941212,649.0738973511787,125019.01649449329,71.29834510680953,51.96047798234492,high,commercial,10.5
1475.6644770634307,959.18191009123,184749.3475369801,105.36255290033975,48.44552905871426,high,residential,9.0
1475.414661882305,959.0195302234982,184718.07132722158,105.34471607791447,48.444556527609215,high,residential,9.0
1475.4305088949993,959.0298307817496,184720.05533191995,105.34584755579395,48.44461822495605,high,residential,9.0
1475.4192723476299,959.0225270259594,184718.64854546724,105.34504526547997,48.4445744776523,high,residential,9.0
1475.3174163296014,958.956320614241,184705.89643740613,105.33777273825272,48.44417790594031,high,residential,9.0
1475.4437024872468,959.0384066167104,184721.7071352921,105.34678957925708,48.44466959120703,high,residential,9.0
1475.4392664939373,959.0355232210593,184721.1517604882,105.34647284900643,48.44465232072712,high,residential,9.0
1475.4389329480346,959.0353064162225,184721.11000141024,105.34644903380426,48.44465102214376,high,residential,9.0
1475.767624899991,959.2489561849942,184762.26137735543,105.36991766350582,48.44593056550138,high,residential,9.0
1475.559189309025,959.1134730508662,184736.16578446625,105.35503534688111,48.44511919329154,high,residential,9.0
1772.5661168286267,1152.1679759386075,221920.65922867006,126.56135195811054,49.49863133529166,high,residential,9.0
3028.4095714437262,1968.466221438422,379148.9875207752,216.2286675830981,52.57606164731277,high,residential,9.0
1989.8273361711483,1293.3877685112463,249121.19779452065,142.07381910221514,50.162878746570414,high,residential,9.0
1550.830381926623,1008.039748252305,194159.92297357006,110.729404071827,65.84416147317717,high,residential,100.0
4380.1070362998835,2847.0695735949243,548377.9881378516,312.7399666350168,71.80999567254919,high,residential,100.0
1871.9508599494075,1216.768058967115,234363.37011050514,133.6574299740211,65.2922643920706,high,residential,80.0
1380.0767887305328,897.0499126748464,172782.018020982,98.53758487736604,63.54107392779136,high,residential,80.0
1008.5238753878511,655.5405190021032,126264.56138874924,72.0086793600037,61.73968492431813,high,residential,80.0
1208.4670934598628,785.5036107489109,151296.93131931612,86.28463993140598,62.778385571842385,high,residential,80.0
1208.3739610768002,785.4430746999202,151285.27138762243,86.27799027236107,62.777942929308516,high,residential,80.0
550.9159094423982,358.0953411375588,68973.23639569459,39.33543671646463,58.268717926147026,high,residential,80.0
550.9140495175877,358.09413218643203,68973.00353795457,39.33530391769549,58.26869855510564,high,residential,80.0
551.080761916662,358.20249524583033,68993.87549593284,39.3472071953305,58.27043459871631,high,residential,80.0
550.9121666911436,358.0929083492434,68972.76781298965,39.335169483748004,58.26867894547816,high,residential,80.0
561.5841969008217,365.0297279855341,70308.87818819944,40.097153230730136,60.011780953994034,high,residential,100.0
561.2965968072197,364.8427879246928,70272.87140585126,40.07661856275697,60.008841664994016,high,residential,100.0
1151.2460498454304,748.3099323995298,144133.0057539404,82.19905318147222,64.13280416955901,high,residential,100.0
1151.3419634280226,748.3722762282147,144145.01388456853,82.20590141836944,64.13328263059167,high,residential,100.0
1151.2513675400262,748.3133889010171,144133.67151544805,82.19943286526002,64.13283069770654,high,residential,100.0
987.7103652028258,642.0117373818367,123658.7641452662,70.52259319204532,46.13970926009177,high,residential,9.0
945.17365217771,614.3628739155115,118333.27850818117,67.48546873321574,45.88693157739072,high,residential,9.0
1382.5472393838802,898.6557055995222,173091.3120057749,98.71397523689343,54.0159270731443,high,commercial,10.5
1286.7428257375584,836.382836729413,161096.8490452356,91.87353301049787,47.658633760863985,high,residential,9.0
1286.9538265036788,836.5199872273912,161123.26579137024,91.88859848081846,47.65957554002864,high,residential,9.0
1287.1472985967584,836.645744087893,161147.48799331294,91.90241240258636,47.66043894626679,high,residential,9.0
1193.352577086063,775.679175105941,149404.63325170023,85.20546234344464,47.22587298872229,high,residential,9.0
1082.4121956289641,703.5679271588267,135515.18655952936,77.28431089489959,46.665490811651715,high,residential,9.0
1288.6180562697732,837.6017365753526,161331.62302176817,92.00742460931438,47.666998247043765,high,residential,9.0
1476.231147168544,959.5502456595538,184820.2931576247,105.40301318779336,48.44773449705442,high,residential,9.0
1519.3186998838628,987.5571549245109,190214.7424886552,108.47946764128007,48.61299728932872,high,residential,9.0
971.2062941096844,631.2840911712949,121592.49744741256,69.34420129425939,46.042947900233614,high,residential,9.0
947.1794866076691,615.6666662949849,118584.40375240985,67.62868545999933,45.89910447756617,high,residential,9.0
947.113646870202,615.6238704656314,118576.16078883102,67.62398449787034,45.898705321828245,high,residential,9.0
947.1842936203267,615.6697908532124,118585.00557786944,67.62902868105894,45.89913361916479,high,residential,9.0
1152.9489360776495,749.4168084504722,144346.2026731739,82.32063938451107,47.02805341383473,high,residential,9.0
1079.573233853224,701.7226020045957,135159.75594240552,77.08160881395388,46.650408593418526,high,residential,9.0
946.813851212148,615.4290032878963,118538.62715359023,67.60257906569251,45.89688744951497,high,residential,9.0
947.1823049782347,615.6684982358526,118584.75660506112,67.62888669186636,45.89912156341881,high,residential,9.0
887.2681973057706,576.7243282487509,111083.66643666758,63.35101496883153,45.52392073922772,high,residential,9.0
919.5876899767471,597.7319984848857,115129.98270740375,65.65862913803235,45.7293520074281,high,residential,9.0
2963.6864739590164,1926.3962080733606,371045.82435819233,211.60743363147708,52.45192150649123,high,residential,9.0
831.1147429956934,540.2245829472007,104053.40027048647,59.34165417425844,48.62666958486804,high,residential,15.0
1015.9233236546695,660.3501603755352,127190.95303175249,72.53700051400845,49.77956123647454,high,residential,15.0
1016.16908892145,660.5099077989425,127221.72220278747,72.5545481722497,49.780950259951716,high,residential,15.0
800.148304820869,520.0963981335649,100176.48289714976,57.13064819624451,48.40867438814551,high,residential,15.0
800.1097793572138,520.071356582189,100171.65960948207,57.12789747528763,48.40839796451842,high,residential,15.0
799.8032467513633,519.8721103883862,100133.28252593096,57.106011024538425,48.406198092031964,high,residential,15.0
799.9546703033726,519.9705356971922,100152.2403600933,57.11682267736121,48.40728490874891,high,residential,15.0
2387.220575971074,1551.6933743811983,298873.7959696457,170.447725841489,56.32993967859316,high,commercial,9.0
1715.6071581051292,1115.144652768334,214789.54600875103,122.49447808879073,55.37979015092325,high,commercial,10.5
364.6692436891493,237.03500839794705,45655.63912770014,26.037410994527388,45.60207236123826,high,commercial,10.5
1148.7103511847472,746.6617282700857,143815.54288863932,82.01800410939101,51.10576505748852,high,residential,16.4
1257.5959292915086,817.4373540394806,157447.73355534353,89.79244244661241,51.62589827245967,high,residential,16.4
1257.8909583444129,817.6291229238684,157484.67042403945,89.8135075428297,51.45513996882543,high,residential,16.0
1191.3885837362382,774.4025794285549,149158.74640168325,85.06523307287996,50.694536814859035,high,residential,15.0
1500.5779825212353,975.375688638803,187868.45350566742,107.14137903428212,52.6829725568724,high,residential,16.5
1002.22487320187,651.4461675812155,125475.94272774452,71.5589301376327,46.223480423985805,high,residential,9.0
1017.2532939427423,661.2146410627826,127357.46184644866,72.63196049102967,46.30895009846951,high,residential,9.0
1226.2056277623592,797.0336580455335,153517.7495944637,87.55117259372265,47.38185237151059,high,residential,9.0
1142.530341871705,742.6447222166083,143041.8218252787,81.57675098695644,46.97591950891321,high,residential,9.0
1110.3024727443767,721.6966072838449,139006.97658347298,79.27567874555464,46.81159339717764,high,residential,9.0
1967.746219712716,1279.0350428132656,246356.69954848196,140.49722575249928,50.09876710844845,high,residential,9.0
2947.051511161637,1915.583482255064,368963.17036001943,210.41969605631908,52.41957747850967,high,residential,9.0
3191.802995919299,2074.6719473475446,399605.41852721013,227.89497018606795,52.87802159774696,high,residential,9.0
2119.0641641939847,1377.39170672609,265301.3119235006,151.30133818997243,50.52441609661222,high,residential,9.0
995.9591192981239,647.3734275437806,124691.48666504386,71.11155484507451,46.18746698746426,high,residential,9.0
1010.9620377536279,657.1253245398582,126569.81296406864,72.18276433340836,46.273324971887355,high,residential,9.0
416.00590889983556,270.40384078489313,52082.855849263186,29.702852690834796,46.43273088252438,high,commercial,10.5
725.0719307561303,471.2967549914847,90777.11648324475,51.77018953039448,45.58978866566245,high,residential,10.8
1389.6213542724126,903.2538802770682,173976.97275750537,99.21906756360532,48.10043669640376,high,residential,9.0
1167.054442384826,758.5853875501369,146112.17530952513,83.32777357902219,47.09789127541376,high,residential,9.0
3038.838151775149,1975.244798653847,380454.6186055604,216.97326899075108,52.59581544095937,high,residential,9.0
1155.2652616277671,750.9224200580487,144636.20059663078,82.48602520025854,47.03958017389852,high,residential,9.0
1262.7018340634945,820.7561921412714,158086.97952885067,90.15700442530354,47.550306231879894,high,residential,9.0
1262.926403618152,820.9021623517989,158115.0950519554,90.17303870813018,47.55132763560851,high,residential,9.0
945.2207117676819,614.3934626489932,118339.17024622718,67.48882879142337,45.88721746560471,high,residential,9.0
1610.2878852845556,1046.6871254349612,201603.8474715125,114.97467421300358,48.94704543709715,high,residential,9.0
996.4740065622238,647.7081042654455,124755.94920891894,71.14831783384648,46.190434909162335,high,residential,9.0
1145.2716045051093,744.426542928321,143385.020764347,81.7724773419071,46.989682495669506,high,residential,9.0
1313.0635687815911,853.4913197080342,164392.1374930204,93.75283601226953,47.774938588792715,high,residential,9.0
1654.5822111811792,1075.4784372677666,207149.3816604742,118.13729236096843,55.15091675472821,high,commercial,10.5
938.5143908626213,610.0343540607039,117499.55634290336,67.0099969823578,51.56865953850141,high,commercial,10.5
2521.447015392157,1638.9405600049022,315678.5964447548,180.03150355244367,51.52335134418728,high,residential,9.0
2626.93832677893,1707.5099124063045,328885.8337622178,187.5635909945928,51.7588549002493,high,residential,9.0
1225.4862464318112,796.5660601806773,153427.68492629906,87.49980871346835,53.254023973598954,high,commercial,10.5
2563.74159353978,1666.432035800857,320973.7674260843,183.0513395630959,51.61893345634485,high,residential,9.0
754.2508538254363,490.2630549865336,94430.24162291989,53.85356679755121,50.1882675988402,high,commercial,10.5
647.6016224585453,420.94105459805445,81078.0357410224,46.23880378310508,49.22571099711372,high,commercial,10.5
628.7577454650221,408.6925345522644,78718.83144103919,44.893349570824654,49.039287262244564,high,commercial,10.5
442.49692632220354,287.6230021094323,55399.46220554867,31.594313295824406,46.822166826389456,high,commercial,10.5
907.9594862385596,590.1736660550638,113674.16189783032,64.82837453033264,51.35960499149199,high,commercial,10.5
2488.3457403030648,1617.424731196992,311534.40305228275,177.66807006071684,63.010384642734444,high,commercial,21.0
1653.948066088657,1075.066242957627,207069.98834721887,118.09201435441892,55.1484943677641,high,commercial,10.5
9692.617827016164,6300.201587560507,1213490.4968574138,692.0536303577832,66.32563047126679,high,commercial,10.5
26029.375166462407,16919.093858200566,3258809.94870116,1858.4993137442716,72.57145667370128,high,commercial,10.5
6959.616669977782,4523.750835485559,871325.8731040233,496.91714543122447,64.23145868252095,high,commercial,10.5
8489.73309249068,5518.326510118943,1062892.4623312873,606.1675712675333,65.48788263996177,high,commercial,10.5
7662.565328788098,4980.667463712263,959333.2135840491,547.1077317069833,64.83978874655017,high,commercial,10.5
8117.648929254057,5276.471804015137,1016308.4945965579,579.600734468417,65.20453942218965,high,commercial,10.5
867.6716716122579,563.9865865479677,108630.23248054716,61.95182158365605,53.015083972828094,high,residential,27.0
1264.83068555166,822.1399456085791,158353.5061882336,90.30900457914963,53.45367365181397,high,commercial,10.5
1155.9809414584988,751.3876119480243,144725.80184666297,82.5371247931519,52.88514460050424,high,commercial,10.5
532.2974487044021,345.9933416578614,66642.2536235588,38.00607724151559,47.98805310413162,high,commercial,10.5
1223.8686814148048,795.5146429196232,153225.17000089725,87.3843144515117,47.37089579174936,high,residential,9.0
2848.4403560172996,1851.4862314112447,356617.31067717425,203.37885227919247,59.84341037187817,high,residential,27.0
1100.1798977436422,715.1169335333675,137739.65656876247,78.55292614116524,46.75899482280377,high,residential,9.0
1100.2394420715116,715.1556373464825,137747.111363463,78.55717761058295,46.759305636497054,high,residential,9.0
1100.2908225234767,715.1890346402598,137753.5440621721,78.56084617865675,46.75957382230641,high,residential,9.0
1959.8907549856574,1273.9289907406774,245373.21583285314,139.93634498947614,50.075785533478864,high,residential,9.0
1632.4165209313,1061.070738605345,204374.29499611183,116.55466043628257,49.02545084009201,high,residential,9.0
1520.1635385669356,988.1063000685082,190320.51409046428,108.53978918579179,48.616190652232696,high,residential,9.0
1782.037330116287,1158.3242645755865,223106.43045409178,127.23759728796854,49.52924610217927,high,residential,9.0
680.1090557187467,442.0708862171854,85147.88168383151,48.559836924289115,49.534928813401976,high,commercial,10.5
573.5855235981187,372.83059033877714,71811.41302004416,40.95404884533119,48.45955600669648,high,commercial,10.5
573.5860271233828,372.8309176301988,71811.47606009524,40.95408479707232,48.45956154770533,high,commercial,10.5
950.7003201526168,617.955208099201,119025.20293835344,67.88007323574297,51.65014427593035,high,commercial,10.5
4460.583152050573,2899.3790488328723,558453.3881412706,318.4859672569666,61.4192181169405,high,commercial,10.5
1731.113980682819,1125.2240874438323,216730.95979090087,123.60166636875077,49.362689029285036,high,residential,9.0
3532.4125564208866,2296.0681616735765,442248.8480097381,252.21451801995366,67.53667304062252,high,residential,66.0
1172.3552309666575,762.0309001283274,146775.82022823574,83.70625027616285,47.123918243242024,high,residential,9.0
1355.0390004295105,880.7753502791818,169647.35216415522,96.74988493921772,47.955682120871735,high,residential,9.0
641.314980179256,416.85473711651645,80290.9645081305,45.78993705898683,45.60194230260621,high,residential,12.0
641.1206766988605,416.72843985425936,80266.63821866215,45.77606377610302,45.600203188858366,high,residential,12.0
690.0727334926959,448.5472767702523,86395.30817977115,49.27124425492349,46.02251461393399,high,residential,12.0
690.0742417314931,448.5482571254705,86395.49700733868,49.27135194328525,46.02252715907766,high,residential,12.0
690.0756279558357,448.5491581712932,86395.67055901443,49.27145091980593,46.02253868931222,high,residential,12.0
689.9292164646577,448.4539907020275,86377.34022180873,49.26099712849752,46.02132075081356,high,residential,12.0
690.1240369769471,448.5806240350156,86401.73124232303,49.27490732749683,46.02294132779056,high,residential,12.0
883.6529195854241,574.3743977305257,110631.04308604782,63.09288387197308,65.16121279592407,high,commercial,63.0
37157.671456382515,24152.486446648636,4652043.648310344,2653.0604926313895,74.82201741697237,high,commercial,10.5
2340.588004179931,1521.3822027169551,293035.5194872237,167.1181567635637,57.34294917542051,high,commercial,10.5
3590.855952271929,2334.0563689767537,449565.80889017624,256.3873808100675,60.048175114786375,high,commercial,10.5
1540.8926382589034,1001.5802148682873,192915.74336015646,110.01984843829725,48.69399285031555,high,residential,9.0
2216.6784792195767,1440.8410114927249,277522.36982084555,158.2710075088282,50.78316755941399,high,residential,9.0
1414.1726401426622,919.2122160927305,177050.7297776302,100.9720311921825,62.61565752470427,high,commercial,31.5
1298.6328332981739,844.111341643813,162585.44701122094,92.7224804304993,53.62030473962034,high,commercial,10.5
639.9957012903265,415.9972058387122,80125.7942287496,45.6957404486559,47.126697910194665,high,residential,15.0
534.0104192962831,347.106772542584,66856.71307834612,38.12838346858079,46.0877932379356,high,residential,15.0
602.2333666114542,391.4516882974453,75398.04832049404,42.99950695717775,54.0477302182714,high,commercial,21.0
1514.3244316280234,984.3108805582152,189589.4731160895,108.12287651810585,51.63705252944867,high,commercial,7.0
364.9787665535797,237.2361982598268,45694.39058383404,26.059510949960558,49.477479099216666,high,commercial,17.5
674.4112880234729,438.3673372152574,84434.53601448674,48.15301588906179,48.6990493510679,high,residential,18.0
727.8914973981191,473.12947330877745,91130.1188801589,51.97150679735462,49.137077668933685,high,residential,18.0
535.834621086467,348.29250370620355,67085.09838933697,38.25863161143887,47.379086577079846,high,residential,18.0
535.8946597712282,348.3315288512984,67092.61507623228,38.26291837797527,47.37972940707343,high,residential,18.0
535.782765098674,348.25879731413806,67078.60615478123,38.25492909007174,47.37853130078381,high,residential,18.0
524.5274365503153,340.942833757705,65669.46834741082,37.451297798528394,45.98499394714526,high,residential,15.0
524.5828818161067,340.97887318046935,65676.4099502197,37.4552565946103,45.985600370514796,high,residential,15.0
524.5856471212917,340.9806706288396,65676.75615922359,37.45545403760521,45.98563061390525,high,residential,15.0
524.5852987374255,340.98044417932664,65676.71254247129,37.45542916297138,45.985626803734455,high,residential,15.0
2617.153751439755,1701.1499384358408,327660.83042444265,186.86497159105963,72.86677085740733,high,commercial,70.0
1309.8411289099963,851.3967337914976,163988.69641748606,93.5227535668923,67.64759497028538,high,commercial,63.0
600.7283207918427,390.4734085146978,75209.62050542606,42.89204657424449,59.12212500927774,high,residential,84.0
600.8675882753734,390.5639323789927,75227.05643148875,42.90199028287803,59.12345524554989,high,residential,84.0
600.8960854445107,390.582455538932,75230.62420281251,42.90402498286398,59.12372740301124,high,residential,84.0
600.870221983783,390.565644289459,75227.38616491924,42.90217832985344,59.12348039888325,high,residential,84.0
600.8937775338128,390.5809553969783,75230.33525840662,42.9038601978693,59.12370536217454,high,residential,84.0
600.7680781786984,390.49925081615396,75214.59802666854,42.89488525460907,59.12250478989428,high,residential,84.0
600.9326372908008,390.6062142390205,75235.20039872853,42.906634787394886,59.12407646646081,high,residential,84.0
916.1261503581312,595.4819977327853,114696.60696654067,65.41147495301814,45.70769733130425,high,residential,9.0
1020.9326356987449,663.6062132041842,127818.10584740728,72.89466576477638,46.32968302508209,high,residential,9.0
2607.238260324222,1694.7048692107444,326419.4367725815,186.1570047914032,51.715602001920914,high,residential,9.0
1061.9515349157168,690.268497695216,132953.5651505284,75.82341820534634,46.55589618866793,high,residential,9.0
2474.9639146531354,1608.726544524538,309859.03334859654,176.71260671870462,51.41643713898991,high,residential,9.0
3760.1663253964985,2444.108111507724,470763.0264502642,268.4761539845857,53.819743996560064,high,residential,9.0
992.4337288507415,645.081923752982,124250.11696678896,70.85984170615974,46.16710460298222,high,residential,9.0
2186.6099340034343,1421.2964571022324,273757.8663063859,156.12411115453187,50.704697393186436,high,residential,9.0
1205.3458873110071,783.4748267521546,150906.16444209413,86.06178558132629,47.2833064280672,high,residential,9.0
1492.8387569315817,970.3451920055281,186899.52262716898,106.58879775427448,48.511997134118204,high,residential,9.0
3393.203147861187,2205.5820461097715,424820.19278209854,242.2749559436308,53.22963617564944,high,residential,9.0
1161.1626102453342,754.7556966594673,145374.5332774186,82.90709632811183,47.06882330744146,high,residential,9.0
1501.627528651372,976.0578936233918,187999.85394646312,107.21631670566792,48.545716530565144,high,residential,9.0
4124.127266481247,2680.6827232128107,516329.9879374466,294.4629921207258,54.35068983302909,high,residential,9.0
1732.855938146941,1126.3563597955117,216949.0483265646,123.7260422606398,49.36846696295557,high,residential,9.0
1556.9103975390926,1011.9917584004103,194921.1250861626,111.16351763663853,48.75339898388753,high,residential,9.0
1977.371720499499,1285.2916183246743,247561.78716678233,141.18448722121596,50.12680232079396,high,residential,9.0
3834.6164870111816,2492.500716557268,480083.99269708135,273.7919010351455,53.932414334626344,high,residential,9.0
2021.7206918118002,1314.1184496776702,253114.16281940282,144.35100705590546,50.254235498708844,high,residential,9.0
976.1074259546388,634.4698268705152,122206.10638401171,69.69414247080189,46.07185305637434,high,residential,9.0
1412.4466505366604,918.0903228488293,176834.64037619726,100.8487954065453,48.19401975434732,high,residential,9.0
1091.0876297967595,709.2069593678938,136601.3283126261,77.90373753669068,46.7113360490982,high,residential,9.0
997.0804554419889,648.1022960372928,124831.87502850231,71.19161832875487,46.19392864757723,high,residential,9.0
1113.4258044548105,723.7267728956268,139398.0095754662,79.49868486088837,46.82772605827841,high,residential,9.0
1150.1144077207996,747.5743650185198,143991.32710854337,82.11825385000229,47.01391639231647,high,residential,9.0
1322.2567246811377,859.4668710427395,165543.09665795663,94.40922802403267,47.81501264158632,high,residential,9.0
1236.5867494310396,803.7813871301757,154817.43897833183,88.29238544934265,47.430272536551,high,residential,9.0
967.9389570762276,629.1603220995479,121183.43536419712,69.11091318820162,46.02359722740715,high,residential,9.0
955.6211984979651,621.1537790236773,119641.28408535042,68.23142431387535,45.95005440727042,high,residential,9.0
951.4251261812067,618.4263320177844,119115.9467645783,67.931824439839,45.92478547128398,high,residential,9.0
990.8612254552763,644.0597965459297,124053.24363899155,70.74756484731688,46.15799862905677,high,residential,9.0
10052.57222538828,6534.171946502382,1258555.8496364222,717.7544010476516,59.47134057079252,high,residential,9.0
2832.257396580376,1840.9673077772443,354591.24632199056,202.22338777743124,52.19127517620086,high,residential,9.0
1999.7129327752496,1299.8134063039122,250358.84873144364,142.77965143154233,50.1913510770494,high,residential,9.0
25345.54208660302,16474.602356291965,3173195.828898238,1809.6735812206653,64.78675749980549,high,residential,9.0
5017.835656545574,3261.5931767546235,628219.9497269193,358.2738373292621,55.47791267191862,high,residential,9.0
5362.433540923414,3485.581801600219,671362.7069667773,382.8781517831531,55.85962803120832,high,residential,9.0
3519.3600991105563,2287.5840644218615,440614.71436396736,251.2825716017706,53.439411493135005,high,residential,9.0
1614.3292750026676,1049.314028751734,202109.81893397507,115.263229738046,48.96144480004578,high,residential,9.0
4074.5626547087654,2648.4657255606976,510124.62768908433,290.9240751710848,54.2812055845625,high,residential,9.0
1094.6673457383986,711.5337747299591,137049.49942121145,78.1593295199169,46.730146968890836,high,residential,9.0
2244.7825062132665,1459.1086290386233,281040.92077260284,160.2776371166154,50.855554847872476,high,residential,9.0
1137.8488501843135,739.6017526198038,142455.711264112,81.24249213392308,46.95233880176121,high,residential,9.0
1000.9905191605316,650.6438374543455,125321.40481800184,71.47079716770645,46.21640359783325,high,residential,9.0
975.3902191527461,634.0036424492849,122116.31396116878,69.64293385205455,46.06763229027498,high,residential,9.0
1942.9288891720532,1262.9037779618347,243249.63442882747,138.72526651476034,50.02584707482684,high,residential,9.0
1842.0984589228653,1197.3639982998625,230625.92728539818,131.52596633086262,49.719682038632314,high,residential,9.0
1447.2780665483292,940.730743256414,181195.44290412066,103.33576108822002,48.333954151697824,high,residential,9.0
1314.1160459321652,854.1754298559074,164523.9048899378,93.82798295873154,47.7795406479963,high,residential,9.0
3470.523687737849,2255.8403970296017,434500.5229082579,247.7956482145795,53.359111341875675,high,residential,9.0
2476.2796883558544,1609.5817974313054,310023.76478779706,176.80655305848066,51.41949101417933,high,residential,9.0
948.5691092452337,616.5699210094019,118758.3808858322,67.72790461919011,45.90752265427059,high,residential,9.0
901.1258196849031,585.7317827951871,112818.60465111412,64.34045023253039,51.31188840350871,high,commercial,10.5
836.987068911159,544.0415947922534,104788.60017417037,59.76093867932936,50.845559528460996,high,commercial,10.5
1506.1756676743853,979.0141839883505,188569.26910151338,107.54105416859308,54.55709159726957,high,commercial,10.5
1040.9503460905667,676.6177249588684,130324.27103031718,74.32393176858989,46.441190173342555,high,residential,9.0
1105.3067002476598,718.4493551609789,138381.51888386885,78.91898021947041,46.78569468694474,high,residential,9.0
1223.3382743606533,795.1698783344247,153158.76441974612,87.34644334858122,47.368406111509174,high,residential,9.0
1552.390632224213,1009.0539109457385,194355.26224544016,110.84080605857453,54.74806209837434,high,commercial,10.5
5847.341184709394,3800.771770061106,732071.8804934253,417.50059344540045,63.130562952197856,high,commercial,10.5
2276.8206756128698,1479.9334391483653,285052.0161027789,162.56516478341482,57.1683702286647,high,commercial,10.5
2052.3103244588797,1334.0017108982718,256943.9051224703,146.53510909134482,56.51225981314475,high,commercial,10.5
1796.4407768099454,1167.6865049264645,224909.7044505171,128.2660044481299,49.57549352202004,high,residential,9.0
905.9242238377266,588.8507454945222,113419.35234832573,64.68305664425017,45.643397527123305,high,residential,9.0
905.9278030553844,588.8530719859999,113419.8004570505,64.6833122006559,45.64342021250094,high,residential,9.0
905.8093144947146,588.7760544215645,113404.96599798842,64.6748521086528,45.64266917462048,high,residential,9.0
996.0984951714852,647.4640218614654,124708.93616123093,71.12150629275,46.18827053145712,high,residential,9.0
2464.4536976950326,1601.8949035017713,308543.1815708634,175.96217644986342,49.49243481240158,high,mixed_unknown,10.0
6313.1062771415,4103.519080141975,790384.4564684001,450.75625552392864,63.61508198358852,high,commercial,10.5
3425.0686352369157,2226.294612903995,428809.6687728258,244.55015410114257,59.74937837281276,high,commercial,10.5
1630.1824369084861,1059.618583990516,204094.59349758486,116.39514667167266,49.01758347161454,high,residential,9.0
2218.137033243658,1441.7890716083778,277704.97698425216,158.37514837411902,50.786946855548464,high,residential,9.0
6228.581270418672,4048.5778257721367,779802.1458650595,444.7211637868434,56.72015677247748,high,residential,9.0
6842.132427265192,4447.3860777223745,856617.1520333495,488.5287618046192,57.26011974188242,high,residential,9.0
2690.7978021345384,1749.01857138745,336880.87368449103,192.12316226226525,80.65993415432136,high,commercial,180.0
1839.2338482530834,1195.5020013645042,230267.28549357105,131.32143291698358,55.81950913152074,high,commercial,10.5
1742.9040907289364,1132.8876589738086,218207.05084836404,124.44348109882203,54.15153426613065,high,residential,18.0
1475.1434530977042,958.8432445135078,184684.1166940512,105.3253517506174,54.425544531338545,high,commercial,10.5
2822.1130858381966,1834.373505794828,353321.2050490858,201.49908323949364,52.17065725283901,high,residential,9.0
1663.9593219483122,1081.573559266403,208323.37149551942,118.80681876389473,53.88524652453933,high,residential,18.0
370.8541606127029,241.0552043982569,46429.974611109516,26.479014520715758,45.708124807005426,high,commercial,10.5
993.9345361131453,646.0574484735445,124438.01412553848,70.9669994557946,46.175781969476105,high,residential,9.0
1012.3574010212733,658.0323106638276,126744.5088094193,72.28239337401183,52.04706399283352,high,commercial,10.5
1012.348904932399,658.0267882060593,126743.44512122966,72.28178675263727,52.04701098004225,high,commercial,10.5
1049.0444664762424,681.8789032095576,131337.6338125637,74.90185256330507,52.27193184355825,high,commercial,10.5
1049.162805780997,681.955823757648,131352.44958517406,74.91030199842477,52.27264440004762,high,commercial,10.5
1879.2479323399525,1221.511156020969,235276.94456054957,134.17844148288142,55.95552290451858,high,commercial,10.5
1779.3859110107164,1156.6008421569657,222774.47969061197,127.04828576755601,55.61045523248597,high,commercial,10.5
1110.2787554066008,721.6811910142906,139004.00723458134,79.27398532588174,52.630311744686296,high,commercial,10.5
2586.5049292200324,1681.2282039930212,323823.6777411045,184.6766434157519,57.974392797132744,high,commercial,10.5
4898.538841545944,3184.0502470048636,613284.2993287466,349.75603590718424,62.011286503238374,high,commercial,10.5
1600.5845750525268,1040.3799737841425,200389.01831340764,114.28185714413638,54.94125124947479,high,commercial,10.5
3427.7531091948977,2228.0395209766834,429145.7579176998,244.7418257404642,59.75433077030943,high,commercial,10.5
3496.916609519659,2272.995796187778,437804.8479459435,249.68010478357158,59.880606347515986,high,commercial,10.5
3428.3219411192663,2228.4092617275232,429216.9741924824,244.78244038197272,59.75537967052191,high,commercial,10.5
3513.6390744891964,2283.8653984179778,439898.45698807493,250.87409002029915,59.91076259084059,high,commercial,10.5
1113.3615185812016,723.6849870777811,139389.96115159366,79.49409484475387,52.647827864708674,high,commercial,10.5
1113.7648159927528,723.9471303952894,139440.4529366881,79.52289030979323,52.6501157971715,high,commercial,10.5
1113.4598587186315,723.7489081671105,139402.27308056477,79.50111633784609,52.64838583103568,high,commercial,10.5
1113.6356508359786,723.8631730433862,139424.2817956127,79.51366790803795,52.64938312494022,high,commercial,10.5
33223.644860844695,21595.369159549053,4159513.7690487066,2372.170702488477,74.11444174400624,high,commercial,10.5
10691.474679329758,6949.458541564343,1338544.7721456615,763.3720835546708,66.94574171486535,high,commercial,10.5
4920.950363149115,3198.617736046925,616090.163438003,351.3562202086932,62.04014323863998,high,commercial,10.5
1392.0072188701834,904.8046922656192,174275.67678853747,99.38941847250292,54.059013266176215,high,commercial,10.5
1048.0155534541818,681.2101097452182,131208.81658313746,74.8283880973633,52.26573306267055,high,commercial,10.5
1422.42356025197,924.5753141637805,178083.72347671806,101.56114749877231,54.19559015667491,high,commercial,10.5
1576.6317701757669,1024.8106506142485,197390.18955426567,112.57162510279771,54.84597230103232,high,commercial,10.5
1576.433638613224,1024.6818650985956,197365.3839988869,112.55747849456519,54.84517815980702,high,commercial,10.5
2211.8087867076224,1437.6757113599547,276912.6970068197,157.9233111029893,56.98527865775874,high,commercial,10.5
1396.1660128934807,907.5079083807625,174796.3469641006,99.68635667362658,54.07786229630207,high,commercial,10.5
813.7582824528462,528.9428835943501,101880.4166345156,58.10240160666425,50.66781279866629,high,commercial,10.5
813.6584252797014,528.8779764318059,101867.9147766257,58.09527179710963,50.66703780251369,high,commercial,10.5
813.6075503358483,528.8449077183014,101861.54536621505,58.09163932235245,50.66664292318599,high,commercial,10.5
813.5565412821568,528.8117518334019,101855.15916560206,58.08799727214286,50.666246978169426,high,commercial,10.5
813.6885104351164,528.8975317828257,101871.6813596938,58.09741987943338,50.66727130479871,high,commercial,10.5
813.6416605567305,528.8670793618749,101865.81587699192,58.0940747946485,50.66690768140813,high,commercial,10.5
813.6867159806565,528.8963653874267,101871.45669867104,58.097291755252094,50.66725737759986,high,commercial,10.5
813.7063213225097,528.9091088596313,101873.91123638737,58.09869157811172,50.667409537777615,high,commercial,10.5
1777.0565071677324,1155.086729659026,222482.84439896504,126.88196616072977,55.60217700511273,high,commercial,10.5
1776.9770530475973,1155.0350844809384,222472.8969501498,126.87629313067043,55.60189445010063,high,commercial,10.5
869.6371139803786,565.264124087246,108876.30074387923,62.09215431423433,51.087240550897796,high,commercial,10.5
1612.9503300438537,1048.417714528505,201937.17861811054,115.16477296590844,54.989883234166406,high,commercial,10.5
1507.70939247823,980.0111051108496,188761.28745068135,107.65056223312358,54.56352269539914,high,commercial,10.5
1125.9483597687101,731.8664338496616,140965.8008719963,80.39279623729949,52.71884642380672,high,commercial,10.5
2504.067449094255,1627.643841911266,313502.7200284554,178.79060123222814,57.76966449683072,high,commercial,10.5
2504.446581169682,1627.8902777602932,313550.1863764323,178.81767129047938,57.77062138390955,high,commercial,10.5
1781.394963912925,1157.9067265434014,223026.00787918025,127.1917322934965,55.61758630331448,high,commercial,10.5
1781.3534822422246,1157.879763457446,223020.8144820932,127.18877049913777,55.6174391466976,high,commercial,10.5
720.8138964457889,468.5290326897628,90244.0216823242,51.466165565429485,49.90194616315368,high,commercial,10.5
657.6662598704651,427.48306891580233,82338.10212057551,46.95741963936421,49.323074136086845,high,commercial,10.5
1594.0577242628,1036.1375207708202,199571.87360089627,113.81583951459115,54.91543086589948,high,commercial,10.5
3021.0788193584344,1963.7012325829824,378231.19646070426,215.70525134153965,58.95604246383384,high,commercial,10.5
1511.411928823268,982.4177537351243,189224.83535375143,107.91492360224446,48.583024575364085,high,residential,9.0
1286.9958198673144,836.5472829137543,161128.5232510795,91.89159681009063,47.659762954469635,high,residential,9.0
2672.0754540562025,1736.8490451365317,334536.8844880335,190.78638522352549,51.856746457336975,high,residential,9.0
1290.5928243594021,838.8853358336114,161578.858841134,92.14842319709874,47.67579358348662,high,residential,9.0
994.8097420247497,646.6263323160873,124547.58762523485,71.02948922267144,51.93661376769915,high,commercial,10.5
1397.883410540292,908.6242168511899,175011.36067463006,99.80897899274153,48.1344870847359,high,residential,9.0
1282.6341740263717,833.7122131171417,160582.45655649793,91.58017497417077,47.64026441458828,high,residential,9.0
1282.9787629054422,833.9361958885374,160625.59818629676,91.60477864564504,47.64180729215054,high,residential,9.0
1310.3132791750904,851.7036314638088,164047.80840044114,93.55646513077158,47.76289525581836,high,residential,9.0
1447.7888259397098,941.0627368608114,181259.38864908682,103.37222934657422,48.335980982990016,high,residential,9.0
1218.1758091359238,791.8142759383505,152512.4372249294,86.97784294937725,45.64696088376321,high,mixed_unknown,10.0
912.334595144303,593.017486843797,114221.91413304565,65.14075763007594,45.68388415405815,high,residential,9.0
1536.5728655577348,998.7723626125277,192374.91907356994,109.71141634765694,48.67786614702909,high,residential,9.0
1306.5658526021816,849.2678041914181,163578.64035780763,93.28889859605769,53.658783242525054,high,commercial,10.5
579.7609714221132,376.84463142437363,72584.56299686145,41.39497627711009,48.52715072854081,high,commercial,10.5
784.1975908202637,509.7284340331714,98179.49506545438,55.99176603582864,50.43413984184985,high,commercial,10.5
1049.8662220850154,682.41304435526,131440.51547361567,74.96052597460302,52.27687822440923,high,commercial,10.5
449.2459886992935,292.0098926545408,56244.4272298034,32.07619684915688,46.91766422228408,high,commercial,10.5
590.7588704113992,383.9932657674095,73961.47129419445,42.180227079079096,48.64576985084103,high,commercial,10.5
749.8646279678483,487.4120081791014,93881.09757429997,53.54038994662328,50.15143889881147,high,commercial,10.5
1446.8697455238366,940.4653345904939,181144.32217577542,103.30660693684473,48.332333309329975,high,residential,9.0
939.9267755135005,610.9524040837754,117676.383221084,67.1108413509842,51.57815783591892,high,commercial,10.5
1119.8710003056062,727.9161501986441,140204.9313023835,79.95887232174933,46.86087440582411,high,residential,9.0
3361.99598498109,2185.2973902377084,420913.13730289397,240.04676220384044,59.631889678760444,high,commercial,10.5
1057.1121423651475,687.1228925373459,132347.68581271832,75.47788521899326,52.320326803651795,high,commercial,10.5
1039.817037341094,675.8810742717111,130182.38372783246,74.24301343998285,46.43493459776985,high,residential,9.0
1214.8772666694774,789.6702233351604,152099.46830281254,86.74232677309399,47.328544449715416,high,residential,9.0
887.9166209968164,577.1458036479306,111164.84739325373,63.397312468372604,45.52811529581013,high,residential,9.0
712.7819383970036,463.30825995805236,89238.44146268617,50.892683166169924,49.83119294192442,high,commercial,10.5
3701.729061615011,2406.123890049757,463446.8332889564,264.30372902469185,72.75465380686079,high,commercial,52.5
534.7233552628087,347.5701809208257,66945.97080372919,38.17928714936676,48.452071312770464,high,residential,21.0
1124.2072649627264,730.7347222257722,140747.82033888376,80.26848193926541,46.883069203661435,high,residential,9.0
924.5142120380059,600.9342378247038,115746.77043292744,66.01038317789852,45.760031314873395,high,residential,9.0
899.4108526649043,584.6170542321878,112603.89524872832,64.21800146034977,45.601966205323194,high,residential,9.0
973.8589848846277,633.008340175008,121924.60742058438,69.53360361195928,46.05861058264712,high,residential,9.0
753.5175955728696,489.78643712236527,94338.43960027627,53.80121210403756,46.52739681638746,high,residential,12.0
772.7486725708895,502.2866371710782,96746.12033193413,55.174312425302034,46.67206974146169,high,residential,12.0
671.9128274260988,436.74333782696425,84121.73525768444,47.974625617457434,45.86944490860521,high,residential,12.0
1259.312772884128,818.5533023746832,157662.6778997318,89.91502520621705,49.47641950584473,high,residential,12.0
639.0706020582653,415.39589133787246,80009.97421533409,45.62968829500503,45.581821856680286,high,residential,12.0
696.774725447101,452.90357154061564,87234.38010975241,49.7497669765918,46.077991552006786,high,residential,12.0
1374.4196506285957,893.3727729085872,172073.7590708585,98.1336647981106,56.14155753061826,high,commercial,14.0
1636.997747335004,1064.0485357677526,204947.85260501204,116.88176034063837,55.08339907797131,high,commercial,10.5
1035.431096761488,673.0302128949673,129633.2753952726,73.92985695792397,54.78327019670094,high,residential,30.0
507.3225695948902,329.75967023667863,63515.46383359292,36.22286902429804,51.55483975513574,high,commercial,17.5
1374.5859481753107,893.480866313952,172094.57909040235,98.14553845525647,48.03794900578823,high,residential,9.0
853.2171700744982,554.5911605484239,106820.56655066885,60.91976910384645,50.78972422207797,high,residential,20.0
2982.9043689362225,1938.8878398085446,373451.8547351914,212.97959275547964,54.43061218340755,high,residential,12.0
1668.6415275610466,1084.6169929146804,208909.57143827886,119.14112859125044,55.20438529939161,high,commercial,10.5
1217.4254265343375,791.3265272473194,152418.4912784077,86.92426557607591,53.212330309706665,high,commercial,10.5
2271.7925229823036,1476.6651399384973,284422.50449478655,162.20615431337677,57.154397180675645,high,commercial,10.5
1080.6884418994784,702.447487234661,135299.37708401048,77.1612347510112,52.459665697085754,high,commercial,10.5
3340.4447342030794,2171.2890772320015,418214.9768594261,238.50800130293072,59.59123936847308,high,commercial,10.5
693.5326345774768,450.7962124753599,86828.47878046743,49.518281448500574,49.65833280798621,high,commercial,10.5
689.5903893651746,448.2337530873635,86334.91995180133,49.2368048485123,49.62234056580286,high,commercial,10.5
469.8940830117038,305.4311539576075,58829.51483704263,33.550472311565414,47.20118147958363,high,commercial,10.5
543.2243869317775,353.0958515056554,68010.27781839596,38.786261439831215,46.185945666511316,high,residential,15.0
543.1238909552543,353.03052912091533,67997.69598398758,38.779086019668114,46.18488411630288,high,residential,15.0
726.934958117535,472.5077227763977,91010.3626545885,51.90320982191183,49.87016752864574,high,residential,20.0
809.4845899982482,526.1649834988614,101345.36147473298,57.79725964904022,50.48763978078181,high,residential,20.0
681.4269085019397,442.92749052626084,85312.87341849007,48.65393171056489,49.49908695861008,high,residential,20.0
663.1037443044514,431.01743379789343,83018.86100380117,47.34565643046781,49.34263867755724,high,residential,20.0
570.9234533417102,371.10024467211167,71478.1287602321,40.76397683196037,48.4836708158802,high,residential,20.0
562.9713624125897,365.9313855681833,70482.54769587432,40.19619695095713,49.94292732096786,high,commercial,13.0
964.7843821112979,627.1098483723437,120788.49079814847,68.88567630218408,62.970082924653546,high,residential,98.0
971.7185026504483,631.6170267227914,121656.62462210562,69.38077302198684,63.01120609096411,high,residential,98.0
581.5592725475693,378.0135271559201,72809.70561211514,41.523375110589264,60.06432635961143,high,residential,98.0
547.3344452677004,355.7673894240053,68524.84641288551,39.079719909268604,59.71630021376689,high,residential,98.0
665.8479464225006,432.8011651746254,83362.42795868788,47.5415926648397,54.30297649733229,high,commercial,20.0
666.0401620036613,432.9261053023799,83386.4928486123,47.55531687156359,54.30479880471597,high,commercial,20.0
861.1153227203415,559.724959768222,107809.3946825019,61.483697787430835,55.92689083162907,high,commercial,20.0
739.1466194647525,480.44530265208914,92539.23083655535,52.77512334608752,51.66179925546769,high,commercial,13.0
965.7512826814634,627.7383337429512,120909.54423017705,68.95471307446998,56.65120323483105,high,commercial,20.0
409.8303519390063,266.3897287603541,51309.69220879857,29.261917466677826,46.58203293260016,high,residential,20.0
714.0183440369678,464.1119236240291,89393.23622723116,50.98096262038993,49.76725511441016,high,residential,20.0
1188.9447275089312,772.8140728808054,148852.7819697362,84.89074155734058,47.20461967706435,high,residential,9.0
2239.820812105437,1455.8835278685342,280419.72959849273,159.9233717900204,57.06481920736397,high,commercial,10.5
2832.495917064285,1841.1223460917854,354621.108465087,202.24041815763914,52.19175907119933,high,residential,9.0
23954.296929598,15570.2930042387,2999015.56026959,1710.3385740217473,64.46225681177073,high,residential,9.0
1278.1060931437646,830.7689605434471,160015.55262836305,91.25686966395546,47.61995161454319,high,residential,9.0
1082.2826447284162,703.4837190734706,135498.96712433864,77.27506095101032,61.375484045564676,high,residential,72.0
617.2871184257799,401.23662697675695,77282.73882359188,44.07434595109445,60.48084365911497,high,residential,99.0
1137.0910254944292,739.109166571379,142360.83358752652,81.18838339496638,61.65919314257653,high,residential,72.0
1206.3313830526495,784.1153989842222,151029.54594114007,86.13215005023218,64.32760545870927,high,residential,99.0
1082.3341313912113,703.5171854042874,135505.4131203669,77.27873710254525,63.00676323117745,high,residential,90.0
1289.898832693387,838.4342412507016,161491.9728928136,92.09887214077159,54.4534447836955,high,residential,24.0
2091.7696549879565,1359.6502757421717,261884.1104894791,149.35250821214993,65.16061206670356,high,residential,72.0
828.4301243433588,538.4795808231833,103717.29301025654,59.149972203749314,72.75371117770223,high,commercial,170.0
875.2653868075313,568.9225014248954,109580.94583681105,62.494013410733345,73.10103380430746,high,commercial,170.0
2466.3087295124715,1603.1006741831065,308775.4267209358,176.0946258589497,75.6198776912226,high,residential,263.0
1678.388866485183,1090.952763215369,210129.91287391444,119.83708931199341,72.73402240969872,high,residential,240.0
1469.7596529074374,955.3437743898344,184010.07893825957,104.94094801848944,69.85284370541672,high,residential,180.0
3088.142509155944,2007.2926309513637,386627.3956822024,220.49360375756004,69.02998596370217,high,residential,90.0
5341.820123693162,3472.1830804005554,668781.9608398696,381.40635226697765,60.587344660529894,high,residential,18.0
1022.0877048335793,664.3570081418266,127962.7174934404,72.97713778650906,46.33617639510426,high,residential,9.0
1023.4521352556853,665.2438879161955,128133.5406271282,73.07455821965121,46.34383727857013,high,residential,9.0
928.8910042812709,603.779152782826,116294.73341761435,66.32288646806546,45.78715056788563,high,residential,9.0
1245.0404714135639,809.2763064188165,155875.82294352585,88.89598182469281,47.46940372028541,high,residential,9.0
1281.82908816166,833.1889073050789,160481.66190396773,91.52269178383281,47.636658072483065,high,residential,9.0
1256.0818250077727,816.4531862550523,157258.17164416992,89.68433528867011,47.52011479618302,high,residential,9.0
1889.8537903914857,1228.4049637544658,236604.7703539778,134.93570053287354,49.86672239396886,high,residential,9.0
3457.920152802685,2247.6480993217456,432922.593174146,246.8957548872155,59.809718738610165,high,commercial,10.5
3058.872488016501,1988.2671172107257,382962.86530151113,218.40372208145183,59.03462646657901,high,commercial,10.5
554.7004881514445,360.5553172984389,69447.05578896892,39.60565591644898,48.248244905579604,high,commercial,10.5
2718.6680409861315,1767.1342266409856,340370.1549700161,194.1130993794002,58.28937735018326,high,commercial,10.5
1787.6354586812247,1161.9630481427962,223807.3015639382,127.63730408191397,49.547265128397136,high,residential,9.0
1001.9021712643923,651.236411321855,125435.54128600447,71.53588919540836,46.221631143007755,high,residential,9.0
1038.9348841732146,675.3076747125896,130071.94044975226,74.18002763849371,46.430060620738885,high,residential,9.0
1669.914034463271,1085.4441224011262,209068.88598679332,119.23198567826823,49.155916851709094,high,residential,9.0
1325.8761462253397,861.8194950464708,165996.23880452593,94.66765499022114,47.83071379462888,high,residential,9.0
1507.1040843757658,979.6176548442478,188685.50445344366,107.60734318979893,48.56662853709158,high,residential,9.0
2758.5592064384746,1793.0634841850085,345364.4249442287,196.96133154569367,55.517899596738964,high,residential,15.0
2804.360137471258,1822.8340893563177,351098.5821706273,200.23152141190877,55.61252004408874,high,residential,15.0
3413.0429631687794,2218.4779260597065,427304.0859639863,243.6915202252614,61.393095379382004,high,residential,29.0
238.5254847088457,155.04156506074972,29862.769183544526,17.030737265375443,45.60968274303258,high,residential,27.0
647.2295484200387,420.69920647302513,81031.45304087747,46.21223766921242,45.65463044076498,high,residential,12.0
990.5162655535207,643.8355726097885,124010.0555581193,70.72293468479545,46.155999121737764,high,residential,9.0
4431.243898054128,2880.3085337351836,554780.1899872761,316.3911423497436,52.12399271087166,high,residential,6.0
603.7480055947947,392.43620363661654,75587.6771746649,43.1076522927114,50.9459425881719,high,commercial,14.0
1051.926169085536,683.7520099055985,131698.41547068296,75.1076063429305,48.44297399837517,high,residential,12.0
1142.091966123876,742.3597779805195,142986.93832388238,81.54545092611012,56.02990638064704,high,residential,33.0
1187.1920250643038,771.6748162917975,148633.34819051033,84.76559847304804,56.25233766719266,high,residential,33.0
1049.3022118252873,682.0464376864368,131369.90285868285,74.92025560030683,55.54327246275206,high,residential,33.0
1044.1002462648241,678.6651600721357,130718.63032475431,74.54883487420739,55.51473202209046,high,residential,33.0
928.9107295577384,603.7919742125299,116297.20297083192,66.32429485426545,54.843463372507415,high,residential,33.0
1182.3945378239937,768.5564495855959,148032.71528835627,84.42305752894958,56.2290816575834,high,residential,33.0
1160.3549913843187,754.2307443998072,145273.42150035116,82.84943228165027,56.1210182284878,high,residential,33.0
1026.519787975471,667.2378621840562,128517.60275456944,73.29358885093096,55.41721494518194,high,residential,33.0
980.6450354257413,637.4192730267318,122774.2032665985,70.01812812294112,55.15467619394039,high,residential,33.0
1045.5177888816297,679.5865627730593,130896.10296682932,74.65004752198277,55.52252338747273,high,residential,33.0
925.7967238347462,601.7678704925851,115907.33756816661,66.10195461512542,54.8241820823027,high,residential,33.0
1476.3858759515604,959.6508193685142,184839.664798097,105.41406083435471,57.50452741609073,high,residential,33.0
1039.0939133065808,675.4110436492775,130091.85048288343,74.19138233038842,55.48713044971534,high,residential,33.0
880.9131999757867,572.5935799842614,110288.03732953464,62.897267689033605,54.538839259755264,high,residential,33.0
1569.1193881665747,1019.9276023082735,196449.65890097735,112.03524047122738,57.85446138344563,high,residential,33.0
895.2942717108732,581.9412766120676,112088.51003944695,63.92407727549659,54.631816799264435,high,residential,33.0
915.8739213560581,595.3180488814378,114665.028552689,65.39346578359853,54.76230711855719,high,residential,33.0
952.6907308912878,619.2489750793371,119274.39717662084,68.02218870982686,54.98860957892819,high,residential,33.0
866.8436537677339,563.4483749490271,108526.56680389604,61.89270104826191,54.4463967973293,high,residential,33.0
1113.3858900973219,723.7008285632593,139393.01240190948,79.49583497280898,55.88371105067147,high,residential,33.0
943.577823813336,613.3255854786684,118133.48495505194,67.37152646986613,54.93341932616028,high,residential,33.0
1011.1193128703956,657.2275533657571,126589.50339889192,72.19399378838806,55.33040913356939,high,residential,33.0
608.6086258111725,395.5956067772621,76196.21416092337,43.4547009359746,52.41617447394018,high,residential,33.0
695.5481185450756,452.10627705429914,87080.81212166579,49.662187152986,53.18251918577289,high,residential,33.0
623.9387551915901,405.5601908745336,78115.50641516657,44.5492733085695,52.558938944787585,high,residential,33.0
1172.0543356401113,761.8353181660724,146738.148917365,83.68476632757326,56.17863486544593,high,residential,33.0
1352.4248696552702,879.0761652759256,169320.06980259946,96.56323580842249,56.317199505964865,high,residential,30.0
499.9684523129769,324.97949400343504,62594.747511785376,35.6977845059712,51.287957600917935,high,residential,33.0
802.12572902166,521.381723864079,100424.0512547123,57.27183643056244,54.00091173334389,high,residential,33.0
778.4113872419266,505.9674017072523,97455.07745397862,55.57863067200401,53.82862595118164,high,residential,33.0
460.75337451827284,299.48969343687736,57685.12195069512,32.89782504848143,50.819411432195594,high,residential,33.0
1894.2123457028265,1231.2380247068372,237150.4501223059,135.24690170475105,49.8799571005105,high,residential,9.0
3338.7132600607392,2170.1636190394806,417998.20080833416,238.38437392099297,53.13660737318665,high,residential,9.0
1507.92311853529,980.1500270479386,188788.04539614066,107.66582228941903,57.62594032957165,high,residential,33.0
1953.4716727842406,1269.7565873097565,244569.56346679633,139.47802204511396,59.11312858693951,high,residential,33.0
1717.5431986290564,1116.4030791088867,215031.93323779956,122.6327115255171,58.37366672177259,high,residential,33.0
3010.402202963328,1956.7614319261631,376894.5119070287,214.94294014057846,54.48334122703486,high,residential,12.0
1710.4890045046639,1111.8178529280315,214148.76651383378,122.1290415428394,57.66644169904991,high,residential,30.0
583.8185676799394,379.4820689919606,73092.56347586846,41.68468895028778,46.59946928632607,high,residential,15.0
546.920080359376,355.4980522335944,68472.9690060325,39.05013422414033,46.22484814432888,high,residential,15.0
569.0781144818766,369.9007744132198,71247.09714319585,40.63221950076459,46.45272843117853,high,residential,15.0
502.55119174543074,326.65827463453,62918.09975914273,35.8821922926391,45.739449161201584,high,residential,15.0
3846.2364000911994,2500.0536600592795,481538.77553785406,274.62156368923814,53.9498019670977,high,residential,9.0
2294.9807355756466,1491.7374781241704,287325.6082922664,163.86179440907952,58.60202063455932,high,residential,27.0
4828.642769392233,3138.6178001049516,604533.4932163077,344.7654511812603,58.73516040505794,high,residential,15.0
652.9637662200207,424.42644804301347,81749.36216835734,46.621661244614195,47.24182917563082,high,residential,15.0
652.9959790681423,424.44738639429255,81753.39513300837,46.623961244354675,47.24211231124828,high,residential,15.0
652.9624271483383,424.4255776464199,81749.19452007179,46.621565634796944,47.241817405525545,high,residential,15.0
652.6878950367776,424.24713177390544,81714.82381502524,46.601964021708895,47.23940382779428,high,residential,15.0
566.3002736659328,368.0951778828563,70899.31871098172,40.43388146087288,46.424650635773105,high,residential,15.0
652.9609582997132,424.4246228948136,81749.01062405115,46.621460758896376,47.241804494685674,high,residential,15.0
652.6151773811935,424.1998652977758,81705.71975401924,46.59677197571718,47.23876435312514,high,residential,15.0
566.2042309055603,368.0327500886142,70887.2944076321,40.42702400067259,46.42367739976528,high,residential,15.0
652.9585315684467,424.42304551949036,81748.70680361967,46.6212874901043,47.24178316421529,high,residential,15.0
652.988609525538,424.4425961915997,81752.47248547638,46.62343505846718,47.2420475377034,high,residential,15.0
652.8872294683944,424.37669915445633,81739.77996647789,46.61619651488235,47.24115639803962,high,residential,15.0
942.137627893627,612.3894581308576,117953.17617847887,67.26869637458651,45.868457538403604,high,residential,9.0
612.190137563994,397.9235894165961,76644.61010038962,43.71042114025221,49.22840313394981,high,residential,21.0
828.5001282649375,538.5250833722095,103726.05731883598,59.154970488932165,50.965202994394076,high,residential,21.0
828.1016994269103,538.2661046274917,103676.17506646115,59.12652264040279,50.962441345951824,high,residential,21.0
828.0221331774871,538.2143865653667,103666.2135793512,59.12084160430399,50.96188968571169,high,residential,21.0
537.9689634259678,349.6798262268791,67352.31248900006,38.411023812476735,48.486790777503046,high,residential,21.0
537.967974727228,349.6791835726982,67352.188706494,38.41095321931353,48.48678023289637,high,residential,21.0
624.3833701675871,405.8491906089317,78171.1710516726,44.581018850768885,49.34158343929062,high,residential,21.0
537.9807291306512,349.6874739349233,67353.78552456971,38.41186388466211,48.48691625886073,high,residential,21.0
1221.2374559550813,793.8043463708028,152895.74742926095,87.19644475890753,57.61739896968759,high,residential,39.0
1221.5507207750954,794.0079685038121,152934.9673684839,87.21881189024637,57.618872062634516,high,residential,39.0
425.0027627171547,276.25179576615056,53209.23850498924,30.345228719395365,50.35619443319702,high,residential,33.0
425.03931492288655,276.27555469987624,53213.81474590643,30.34783854959044,50.356687620975016,high,residential,33.0
785.3172618156024,510.45622018014154,98319.67495665603,56.07171062778094,53.195750941170196,high,residential,30.0
2249.422184475324,1462.1244199089606,281621.79640186665,160.60891048798456,75.94090980878259,high,commercial,115.5
5953.4146387697865,3869.7195152003615,745352.0005567945,425.07424591753994,56.460476095241496,high,residential,9.0
44033.05516370807,28621.485856410247,5512823.773967717,3143.963398293789,67.96159367483841,high,residential,9.0
21422.956806609534,13924.921924296197,2682098.3725312585,1529.6007018545768,63.820302717193044,high,residential,9.0
8673.712129403873,5637.9128841125175,1085926.1583770406,619.3036881224263,58.62339393120109,high,residential,9.0
7715.581053421225,5015.127684723797,965970.6441703447,550.8930583703476,57.95062359052372,high,residential,9.0
1950.625999053225,1267.9068993845963,244213.29253036063,139.27484073006465,50.048562385564345,high,residential,9.0
8528.736159596072,5543.678503737447,1067775.5447064906,608.9523931461116,58.526515898568135,high,residential,9.0
4672.731465650965,3037.2754526731273,585013.8042303938,333.63337255259364,55.068411832302914,high,residential,9.0
2404.35108196135,1562.8282032748775,301018.49068438186,171.67084523730298,51.25012005762755,high,residential,9.0
5475.891647452816,3559.3295708443306,685567.3662778161,390.97906898823857,55.97995662416808,high,residential,9.0
2495.4673496521345,1622.0537772738876,312426.009986721,178.176553495427,51.46384169214847,high,residential,9.0
21227.517848616328,13797.886601600614,2657629.924226258,1515.646345786235,63.76762466565029,high,residential,9.0
37212.89637578312,24188.38264425903,4658957.66432525,2657.0035559646903,74.83140761687304,high,commercial,10.5
1513.6423560852909,983.8675314554391,189504.07903535542,108.0741762738632,48.591495439038596,high,residential,9.0
1306.3987726611829,849.1592022297689,163557.72238453806,93.27696907590206,47.745710262993825,high,residential,9.0
1497.2142207584398,973.1892434929858,187447.31929758305,106.90120619541162,48.528808960135116,high,residential,9.0
1930.0632275220407,1254.5410978893265,241638.8871130139,137.80665732055184,49.98767703115311,high,residential,9.0
1103.922293321034,717.5494906586721,138208.19474386596,78.82013346242677,46.77849705129383,high,residential,9.0
1795.1603652058789,1166.8542373838213,224749.40025392847,128.17458296481541,49.57139733755949,high,residential,9.0
2825.0789914120746,1836.3013444178487,353692.5286989718,201.7108491170236,52.176692996365134,high,residential,9.0
1176.773445583324,764.9027396291607,147328.96918614238,84.021711126857,47.14552206966325,high,residential,9.0
1062.7247901315252,690.7711135854914,133050.3746887538,75.87862868499629,46.560076236384226,high,residential,9.0
994.179451748997,646.2166436368481,124468.67692499497,70.98448645032464,46.177196780127076,high,residential,9.0
888.6486443740303,577.6216188431197,111256.4948127208,63.44957899169468,45.53284697102846,high,residential,9.0
1217.10557197757,791.1186217854205,152378.44632131341,86.90142793704504,47.339069327532854,high,residential,9.0
929.4473857379935,604.1408007296958,116364.39092628851,66.36261214526235,45.79058884178476,high,residential,9.0
1383.3100073036323,899.1515047473611,173186.80856185977,98.76843692282864,48.07428918756548,high,residential,9.0
1383.210851180162,899.0870532671054,173174.39447356248,98.7613571682727,48.07387743956544,high,residential,9.0
1383.1996434326315,899.0797682312106,173172.99129277456,98.76055693426933,48.07383089729012,high,residential,9.0
1383.4150084401379,899.2197554860896,173199.9544305593,98.77593401174798,48.07472517496096,high,residential,9.0
1383.25539714349,899.1160081432685,173179.97151210214,98.76453775335186,48.07406242131409,high,residential,9.0
1383.293881151467,899.1410227484537,173184.78960962698,98.76728551437027,48.07422222536953,high,residential,9.0
27605.300947150463,17943.4456156478,3456111.75021109,1971.0205311453844,72.94312141728628,high,commercial,10.5
1097.7288182258974,713.5237318468334,137432.7877996736,78.37791888215385,46.746185897924,high,residential,9.0
1097.7381545870282,713.5298004815684,137433.95668776034,78.37858549902973,46.74623474235377,high,residential,9.0
1098.027565069988,713.7179172954923,137470.19012613894,78.39924942893704,46.74774862644066,high,residential,9.0
1902.7211957393154,1236.768777230555,238215.73597621467,135.85443422723523,65.99931842222205,high,residential,87.0
1831.6066200939583,1190.544303061073,229312.37640155424,130.77684826180638,65.78047884866074,high,residential,87.0
1538.973178155525,1000.3325658010913,192675.43195655875,109.88279884482546,48.686832649899316,high,residential,9.0
1192.136678841987,774.8888412472917,149252.4059596864,85.11864711880916,63.31362991188618,high,residential,87.0
687.3859447367591,446.8008640788935,86058.92922822465,49.07940733885651,60.15218505571477,high,residential,87.0
895.0014425492102,581.7509376569866,112051.8485914024,63.90316925167679,61.667359399403956,high,residential,87.0
754.8578567672954,490.657606898742,94506.23680963379,53.89690685253415,60.68966036705196,high,residential,87.0
816.0148791311403,530.4096714352412,102162.9366588497,58.26352277654199,61.1368909670678,high,residential,87.0
731.1224159297271,475.2295703543227,91534.6214618349,52.20219461968445,60.5062614670195,high,residential,87.0
869.6657752801534,565.2827539320997,108879.88906393114,62.09420073315993,61.50247972151146,high,residential,87.0
764.2766095138055,496.7797961839736,95685.4401119947,54.56940649587058,60.76084579469095,high,residential,87.0
1124.5091218463067,730.9309292000994,140785.61203418972,80.2900345430984,62.978222817224164,high,residential,87.0
1028.722754394582,668.6697903564783,128793.4084101928,73.45088081633295,62.46694653042994,high,residential,87.0
1306.5263377143667,849.2421195143384,163573.6931968132,93.28607723014258,63.839882865111576,high,residential,87.0
1200.4137684552998,780.2689494959449,150288.67601248846,85.70963192992218,63.353368749027126,high,residential,87.0
1278.1093261450626,830.7710619942907,160015.95739170164,91.25710050048744,63.713577914153454,high,residential,87.0
1121.6489604396013,729.0718242857408,140427.52727850675,80.08581880693241,62.96359688053828,high,residential,87.0
957.9104973589215,622.641823283299,119927.89833774506,68.39488042201602,62.05740574729457,high,residential,87.0
1559.4334268886394,1013.6317274776156,195237.00178672056,111.34366211896673,48.762700594556485,high,residential,9.0
1374.6419087646095,893.5172406969962,172101.58521037165,98.14953404547495,48.03818284399807,high,residential,9.0
1043.1154034460117,678.0250122399076,130595.33056994545,74.47851702403989,46.45312184593619,high,residential,9.0
435.59281842088456,283.135331973575,54535.08588564707,31.101359480584527,57.53476263749179,high,residential,87.0
543.5999740690384,353.33998314487496,68057.30034935118,38.81307838923498,58.805399171197124,high,residential,87.0
507.7787661333935,330.0561979867058,63572.57845154783,36.255441490917725,58.414303573425244,high,residential,87.0
423.684107330931,275.39466976510516,53044.146286522504,30.251076627203787,57.375794756961916,high,residential,87.0
372.4280438994366,242.0782285346338,46627.02069769829,26.591389903897337,56.636463232710646,high,residential,87.0
457.5691924635144,297.41997510128436,57286.47065414412,32.670474214058395,57.81705649454012,high,residential,87.0
303.91071303752415,197.5419634743907,38048.829402544136,21.699247408270924,55.471272287087494,high,residential,87.0
537.1070917316085,349.11960962554554,67244.40839855917,38.3494861096983,58.73645595704635,high,residential,87.0
771.181665088984,501.2680823078396,96549.93507819425,55.06242797509419,60.8124786947522,high,residential,87.0
575.0423378927032,373.77751963025713,71993.80237385083,41.05806549380713,59.128041936934295,high,residential,87.0
143.6469078187143,93.37049008216431,17984.21857252002,10.256399851908169,51.18472621200567,high,residential,87.0
244.67878539267133,159.04121050523636,30633.14639611923,17.470083389706797,54.22970127165372,high,residential,87.0
563.3689458502062,366.18981480263403,70532.3241063205,40.22458443783459,59.0103598143808,high,residential,87.0
689.8536851571045,448.40489535211793,86367.88389890744,49.255604187546915,60.17275437735735,high,residential,87.0
785.4320840083856,510.53085460545066,98334.0503960118,56.07990894084553,60.91759279785417,high,residential,87.0
1073.8355865496883,697.9931312572974,134441.41745001666,76.67194037174451,62.71341729558713,high,residential,87.0
211.16830685552182,137.2593994560892,26437.721798170995,15.077432741496919,53.38676015763583,high,residential,87.0
470.93195564029395,306.10577116619106,58959.45378586118,33.62457649407663,57.982164820771345,high,residential,87.0
160.03958476848595,104.02573009951587,20036.53901387237,11.426838199611414,51.80181863416967,high,residential,87.0
141.49359541992845,91.9708370229535,17714.629470862816,10.102653187233065,51.09851167827198,high,residential,87.0
456.7314808801477,296.875462572096,57181.59134664792,32.610661544993306,57.80654616351511,high,residential,87.0
498.6606936907762,324.12945089900455,62431.0195397817,35.6044104435375,58.31035349982135,high,residential,87.0
257.6935319296394,167.50079575426562,32262.558751324064,18.399337255880116,54.526417055169475,high,residential,87.0
490.1560534010448,318.60143471067914,61366.26073519807,34.99717849728346,58.21167261487587,high,residential,87.0
439.2813462855812,285.5328750856278,54996.87996347888,31.364720643172006,57.58312172683456,high,residential,87.0
249.1685891464649,161.9595829452022,31195.258127461526,17.790655710091308,54.33380132901316,high,residential,87.0
613.5164759316993,398.7857093556046,76810.66420811908,43.805121797890315,59.49968758615122,high,residential,87.0
558.829737326115,363.2393292619748,69964.02702646602,39.900484613193576,58.96394045095823,high,residential,87.0
256.7383679872264,166.87993919169716,32142.97471450912,18.33113847968455,54.50515402710489,high,residential,87.0
119.71775358913379,77.81653983293697,14988.3508127808,8.547856468528892,50.14522419117875,high,residential,87.0
460.8374456387392,299.5443396651805,57695.6474359218,32.903827732706205,57.85787880050102,high,residential,87.0
668.653878640756,434.62502111649144,83713.72336127647,47.74193643293597,59.993600649750945,high,residential,87.0
497.16896118963064,323.1598247732599,62244.25851749649,35.49790063252826,58.29316671548745,high,residential,87.0
180.55028886982672,117.35768776538737,22604.425724669625,12.891303990779088,52.49092379671614,high,residential,87.0
231.87528586477043,150.7189358121008,29030.181616024413,16.555912575618724,53.92204831817321,high,residential,87.0
1697.7126234987472,1103.5132052741858,212549.19690203137,121.2168069932285,49.250761008335814,high,residential,9.0
2546.057377871848,1654.9372956167012,318759.74970245163,181.78868525530817,59.95177104508277,high,residential,30.0
992.3161312619532,645.0054853202696,124235.39405508494,70.85144522961494,46.166424123578224,high,residential,9.0
1002.7445134898113,651.7839337683773,125541.00033782002,71.59603249265876,61.276195167581804,high,commercial,35.0
540.31218234785,351.2029185261025,67645.6773925285,38.578329816959005,57.37177051033135,high,commercial,35.0
567.0788923659342,368.60128003785724,70996.79974345301,40.48947489369125,57.67694418234445,high,commercial,35.0
532.8140836756348,346.3291543891627,66706.93497581307,38.0429650167062,57.28357404824247,high,commercial,35.0
528.172778102896,343.31230576688245,66125.85561149196,37.71157545523387,57.22835772694752,high,commercial,35.0
1156.5191531155895,751.7374495251332,144793.18454376646,82.57555314531001,62.17748376138268,high,commercial,35.0
1195.8122968628227,777.2779929608348,149712.5837587047,85.3810865175893,62.38856126307425,high,commercial,35.0
1173.3119300652793,762.6527545424316,146895.596462608,83.77455866262535,62.26855586832066,high,commercial,35.0
1154.761221853049,750.5947942044818,144573.09613016207,82.45003672303143,62.1678737004047,high,commercial,35.0
536.122370930563,348.4795411048659,67121.12392005678,38.27917697160838,57.32263954352611,high,commercial,35.0
669.2925655951472,435.04016763684564,83793.68530380352,47.78753872875915,58.72310791790848,high,commercial,35.0
679.0856711933405,441.40568627567137,85019.75660778138,48.48676719341773,58.814819685725006,high,commercial,35.0
724.5681448839285,470.96929417455357,90714.04380470955,51.73421918182586,59.224146105536455,high,commercial,35.0
734.7512767681434,477.5883298992932,91988.9453834448,52.461295552178576,59.31227040662341,high,commercial,35.0
1600.542165100209,1040.352407315136,200383.7086978808,114.27882907040143,64.23048229147618,high,commercial,35.0
969.3939374327324,630.1060593312761,121365.59511373474,69.21479889336293,53.93602264060211,high,commercial,14.0
925.0778324085426,601.3005910655527,115817.33423474942,66.0506257140776,53.64046192361464,high,commercial,14.0
685.043889518914,445.27852818729417,85765.71001740952,48.91218442292866,58.86997402946377,high,commercial,35.0
1070.4876391775747,695.8169654654236,134022.26316243972,76.43289668153938,61.68915263242331,high,commercial,35.0
1646.7995200382725,1070.4196880248771,206175.0090079623,117.58160763724092,64.41052154266137,high,commercial,35.0
1028.8227308177932,668.7347750315656,128805.92519788031,73.45801914035114,54.311860178956074,high,commercial,14.0
711.0608302217714,462.18953964415147,89022.96320366656,50.76979591505104,51.97881232612992,high,commercial,14.0
621.2964196433094,403.8426727681511,77784.69288939131,44.36061035481987,51.1268097156122,high,commercial,14.0
690.7236657798535,448.97038275690477,86476.8032060541,49.31772086841265,51.79559236402871,high,commercial,14.0
674.8821393078084,438.6733905500755,84493.48536843545,48.18663470561874,51.649102370282975,high,commercial,14.0
1979.9474239364804,1286.9658255587124,247884.25852583954,141.36839263728632,65.57480172536266,high,commercial,35.0
897.299030784989,583.2443700102428,112339.50065192602,64.06721722179341,53.44789355085877,high,commercial,14.0
1010.760831953558,656.9945407698127,126544.62252216172,72.16839822438884,54.1999782306831,high,commercial,14.0
937.9832911452603,609.6891392444193,117433.06404212321,66.97207642322287,53.72796831050201,high,commercial,14.0
1296.3174364855583,842.606333715613,162295.56536327943,92.55716092667826,53.60902979657772,high,commercial,10.5
1844.7116755216057,1199.0625890890437,230953.09519456327,131.71255018945942,65.12770130390913,high,commercial,35.0
901.5836010599199,586.029340688948,112875.91768647105,64.37313585659444,53.47798029022689,high,commercial,14.0
626.1861955489279,407.02102710680316,78396.88009197467,44.709740716453155,58.30281361426866,high,commercial,35.0
614.03118439745,399.1202698583425,76875.10436690667,43.84187202044688,51.05255527784571,high,commercial,14.0
1027.5103661172288,667.8817379761988,128641.62055686708,73.3643162035813,54.30379727687536,high,commercial,14.0
619.6962538328929,402.8025649913804,77584.3562993192,44.246358397501744,51.11052991424473,high,commercial,14.0
543.1155944541711,353.0251363952112,67996.6572836693,38.778493648876605,50.27791789753299,high,commercial,14.0
1670.9299895268516,1086.1044931924537,209196.08091358116,119.30452494501533,57.37592996516037,high,commercial,14.0
849.8534956616028,552.4047721800418,106399.44327856437,60.67960250176527,53.10478885882275,high,commercial,14.0
615.1017560458994,399.8161414298346,77009.13714781105,43.918310915396646,51.06355200221107,high,commercial,14.0
4541.653094370404,2952.0745113407625,568603.1336838718,324.2743671399121,70.8224781623723,high,commercial,35.0
2200.0257616329072,1430.0167450613897,275437.49296931544,157.0820022404006,66.24091777293934,high,commercial,35.0
2254.4074967045863,1465.364872857981,282245.94450324075,160.9648621501982,66.39524397039803,high,commercial,35.0
1129.8473134703254,734.4007537557115,141453.93971632476,80.67118182022003,54.90356871379486,high,commercial,14.0
2095.595777549633,1362.1372554072616,262363.1310648561,149.62569364628743,58.80705215901997,high,commercial,14.0
9787.24934501587,6361.7120742603165,1225338.1163390938,698.8103277481853,71.6675857591487,high,commercial,21.0
2852.9163469975174,1854.3956255483863,357177.69308525545,203.6984383665212,60.75691813234015,high,commercial,14.0
4756.359584313343,3091.633729803673,595483.8267854976,339.60442641576935,63.9879694497896,high,commercial,14.0
765.3498375700844,497.4773944205549,95819.8054682378,54.64603505853602,49.918665119299654,high,commercial,10.0
717.2036869381055,466.18239650976864,89792.03285872414,51.20839633933038,59.15964035504769,high,commercial,35.0
2042.517483271085,1327.6363641262053,255717.86692198543,145.8358995056083,65.77142995195089,high,commercial,35.0
1690.2728817388838,1098.6773731302744,211617.76061868758,120.68560888083753,52.33164471445888,high,commercial,7.0
3079.377426459129,2001.5953271984338,385530.03016686055,219.86777620416058,61.23974110778059,high,commercial,14.0
2043.3428866161075,1328.1728763004699,255821.2052701113,145.89483336554449,58.64746901338687,high,commercial,14.0
3344.4283213209137,2173.878408858594,418713.7115869444,238.7924297180344,61.761657105148025,high,commercial,14.0
2148.206600621973,1396.3342904042825,268949.8690307524,153.3821103082381,58.96375973507559,high,commercial,14.0
3864.202863837539,2511.7318614944006,483788.129985478,275.9043705307181,65.79246356581933,high,commercial,21.0
470.17962716300366,305.61675765595237,58865.264220771525,33.570860185106,49.36789861366782,high,commercial,14.0
539.5941158677119,350.73617531401277,67555.77734020923,38.52705981712133,53.35450687029336,high,commercial,21.0
653.9755966393064,425.0841378155492,81876.04070042656,46.69390601145327,54.56807333198126,high,commercial,21.0
617.7058842157068,401.50882474020943,77335.16720935458,44.104245859494924,54.207865499197915,high,commercial,21.0
543.4437114420076,353.238412437305,68037.73667560481,38.801921226097434,53.399373608036186,high,commercial,21.0
585.2577725633789,380.4175521661963,73272.74817728285,41.78744828550441,48.58671527640621,high,commercial,10.5
563.7428169809284,366.4328310376035,70579.1317977283,40.25127886424445,53.63083217026583,high,commercial,21.0
554.4157585173245,360.37024303626094,69411.40838066864,39.58532619949533,53.52553233986317,high,commercial,21.0
1244.7589792820145,809.0933365333094,155840.5808621118,88.87588326566235,58.63313749862256,high,commercial,21.0
1362.6899143362596,885.7484443185688,170605.22665005893,97.29616075852861,56.08740310643908,high,commercial,14.0
2720.463429048958,1768.3012288818227,340594.9328774188,194.24129021999195,63.574078128326114,high,commercial,21.0
938.7090406949826,610.1608764517387,117523.92599473539,67.02389499479759,56.850497443852056,high,commercial,21.0
1581.1754280336045,1027.7640282218429,197959.043679112,112.89604261019757,60.144684686715344,high,commercial,21.0
1787.0531023898411,1161.5845165533967,223734.39207364453,127.59572379959948,60.91815461324781,high,commercial,21.0
742.5078658440057,482.6301127986037,92960.05012517427,53.01511658638689,47.13504938529446,high,commercial,7.0
826.9004571459251,537.4852971448513,103525.78266283868,59.0407538526169,47.81485660926921,high,commercial,7.0
774.7101274386309,503.56158283511013,96991.68937060854,55.31436044805805,65.56689886015104,high,commercial,73.5
337.45294566261646,219.3444146807007,42248.22952956436,24.094165300710557,60.3226505406379,high,commercial,73.5
1983.353929207773,1289.1800539850526,248310.74410981528,141.61161736582767,70.70268287568372,high,commercial,66.5
352.1505030303649,228.8978269697372,44088.325416051,25.143571984773885,59.788227404227015,high,commercial,66.5
519.0770229551667,337.40006492085837,64987.09076689587,37.062137864360714,62.23574655742533,high,commercial,66.5
1035.6658790754745,673.1828213990585,129662.66952923493,73.94662043252269,46.41196294903367,high,residential,9.0
1015.5508168692891,660.1080309650379,127144.31615282656,72.51040350195699,59.30784289454577,high,residential,57.0
1093.911619496441,711.0425526726867,136954.88446483866,78.1053706102975,59.73469239692252,high,residential,57.0
1065.684807506094,692.6951248789612,133420.96115142855,76.0899741446597,59.58456095272916,high,residential,57.0
783.0534726660467,508.98475723293035,98036.25445366067,55.910075914922686,57.81508053168339,high,residential,57.0
821.9380965801546,534.2597627771005,102904.50804993091,58.686440940875606,58.09331366380316,high,residential,57.0
933.0569609031047,606.487024587018,116816.30033185138,66.62033607925486,58.82135668662809,high,residential,57.0
902.2191919092593,586.4424747410186,112955.49200471284,64.41851709028774,58.628378127559536,high,residential,57.0
233.42756494986418,151.72791721741172,29224.52291285976,16.66674541720392,57.197397254583805,high,commercial,66.5
1269.9095924747076,825.4412351085599,158989.37210139923,90.67163890942798,67.8854084298688,high,commercial,66.5
838.1002633222408,544.7651711594566,104927.96921389844,59.840420842686285,65.26036924265559,high,commercial,66.5
822.6529943409788,534.7244463216363,102994.0113868485,58.73748469391971,65.14288250625407,high,commercial,66.5
817.0376280652024,531.0744582423815,102290.98216051965,58.33654712614436,55.973739348737524,high,commercial,21.0
1002.6128292964848,651.6983390427151,125524.51381993188,71.58663023150716,57.266495140419124,high,commercial,21.0
842.4734710054097,547.6077561535163,105475.48342100123,60.152668194997005,47.932688828936854,high,commercial,7.0
672.0688110062314,436.8447271540504,84141.26399548621,47.98576285662578,54.74037220914679,high,commercial,21.0
2544.3953633576207,1653.8569861824535,318551.66981581534,181.6700172959595,63.15117273981752,high,commercial,21.0
2123.911813318614,1380.542678657099,265908.22496286966,151.64746069632457,62.00952107197589,high,commercial,21.0
747.4620803084471,485.8503522004906,93580.30486742113,53.368847865890274,55.411702777197824,high,commercial,21.0
633.0848905707703,411.50517887100074,79260.57873346959,45.20230805169771,57.539410155237505,high,commercial,31.5
1032.0170324090243,670.8110710658658,129205.84343403019,73.68609251042741,60.62538375611697,high,commercial,31.5
593.2625504791839,385.6206578114696,74274.92551509231,42.35899002125714,57.12929084776126,high,commercial,31.5
319.2720575617668,207.52683741514844,39972.029711460025,22.796048544445654,53.220732400652196,high,commercial,31.5
1427.5107883005503,927.8820123953577,178720.63117311892,101.92437595802971,62.674973260024245,high,commercial,31.5
1771.6354715250136,1151.563056491259,221804.1448615471,126.49490381454032,64.0396950981618,high,commercial,31.5
1369.9046301237413,890.4380095804319,171508.49026798818,97.81129199983366,62.4147085301804,high,commercial,31.5
1256.805776102469,816.9237544666049,157348.8084348989,89.73602545042284,58.693988615277156,high,commercial,21.0
1476.9084456698795,959.9904896854217,184905.08916522292,105.45137235092665,62.8899256909893,high,commercial,31.5
658.8105093809118,428.22683109759265,82481.3591778269,47.03911913911469,57.790874457278974,high,commercial,31.5
1301.536442762261,845.9986877954697,162948.9713504798,92.92979836117864,58.9149436938411,high,commercial,21.0
1730.7736424441505,1125.0028675886979,216688.3503302049,123.57736619331585,63.89223479292328,high,commercial,31.5
8356.927457367787,5432.002847289062,1046265.5428522641,596.6852390886462,58.40955240536573,high,residential,9.0
19383.943676104875,12599.563389468169,2426819.241444688,1384.0150133959055,63.245410163921875,high,residential,9.0
1457.482037511572,947.3633243825218,182472.9534812519,104.06432537035796,68.7558522317677,high,commercial,66.5
1416.4722862443152,920.7069860588049,177338.63947759924,101.13622609407486,68.57551432149003,high,commercial,66.5
1544.0157818993089,1003.6102582345508,193306.75280627215,110.24284112541702,69.12029625113756,high,commercial,66.5
1981.2365130416567,1287.803733477077,248045.64912295705,141.46043369482243,70.69593229164289,high,commercial,66.5
1645.57168849201,1069.6215975198065,206021.28769760812,117.4939403739459,69.52282557061939,high,commercial,66.5
1641.7234249373357,1067.1202262092684,205539.49512759846,117.21917407126942,69.508030582876,high,commercial,66.5
1735.9900825309198,1128.3935536450979,217341.43503711215,123.94982040166506,69.86084256314545,high,commercial,66.5
1471.8576738467848,956.7074880004102,184272.7456932625,105.0907468688676,68.81787010251905,high,commercial,66.5
1477.6590869158877,960.478406495327,184999.06749335225,105.5049681914588,68.8427266919057,high,commercial,66.5
1492.0010035979312,969.8006523386554,186794.63809264603,106.52898210423602,68.90375957405635,high,commercial,66.5
1821.2279805181145,1183.7981873367744,228012.9977692419,130.03581262779866,70.16375257344232,high,commercial,66.5
1575.0761450233572,1023.7994942651823,197195.42933852086,112.46055335175845,60.120262471851674,high,commercial,21.0
592.3035214900066,384.9972889685043,74154.85758449322,42.29051528043649,63.06866879946648,high,commercial,66.5
834.6821401245194,542.5433910809376,104500.02909580551,59.59636659333789,65.23455957756127,high,commercial,66.5
1026.883768817972,667.4744497316818,128563.17220766208,73.31957711002968,57.417587880457376,high,commercial,21.0
1077.4358004045039,700.3332702629275,134892.15484392233,76.92899590748891,57.72115183463965,high,commercial,21.0
2490.8736435695946,1619.0678683202366,311850.8899545476,177.84856254107848,63.016802310974704,high,commercial,21.0
1028.0523951450255,668.2340568442665,128709.48117883639,73.4030171162904,57.42477255901479,high,commercial,21.0
738.7894772751486,480.21316022884656,92494.51756498661,52.74962336731187,50.05748102107598,high,commercial,10.5
1415.1662863278143,919.8580861130794,177175.13169096672,101.04297760335834,59.443798197027796,high,commercial,21.0
1245.5944766224559,809.6364098045964,155945.18295216322,88.93553783761868,58.63737673759781,high,commercial,21.0
1679.8988384831703,1091.9342450140607,210318.95743367937,119.94490142442736,69.65328977836964,high,commercial,66.5
6468.776203358308,4204.7045321829,809873.9256171846,461.8710997794804,56.93762391474526,high,residential,9.0
2430.437115639849,1579.7841251659017,304284.3941311606,173.53338997300088,51.31212337837794,high,residential,9.0
6096.282211905381,3962.5834377384977,763238.6484576224,435.2750012153821,56.59676659131219,high,residential,9.0
3860.9896098737654,2509.6432464179475,483385.83896166785,275.6749439598392,53.97180264326323,high,residential,9.0
4816.414614481124,3130.6694994127306,603002.5600831172,343.8923600154018,55.242464273167336,high,residential,9.0
5912.622514740647,3843.2046345814206,740244.9329163046,422.1616852421685,56.42096137687229,high,residential,9.0
2212.417577988219,1438.0714256923422,276988.91608888377,157.9667788454904,56.98701800883123,high,commercial,10.5
996.0298916205372,647.4194295533492,124700.34717540565,71.11660799413386,46.187875025309495,high,residential,9.0
6941.629768877142,4512.059349770142,869073.9599528924,495.63287936113454,57.34309488196458,high,residential,9.0
14397.69525472989,9358.501915574428,1802553.9312574265,1027.9965069961104,61.53613905002564,high,residential,9.0
6003.7263336481865,3902.422116871321,751650.893663418,428.66650465624735,56.50884110538972,high,residential,9.0
5161.548276438987,3355.006379685342,646212.3952799721,368.5349290281681,55.64019704266824,high,residential,9.0
4009.9411021327264,2606.461716386272,502034.17768448155,286.31009153345985,54.189333070916035,high,residential,9.0
8274.69574620729,5378.552235034738,1035970.3468779164,590.8138888244757,58.35271741837851,high,residential,9.0
3264.9304270611183,2122.2047775897267,408760.78236533125,233.11627418294842,53.008191708726656,high,residential,9.0
1186.3705275073385,771.14084287977,148530.4988368723,84.70694348666828,47.19217122253538,high,residential,9.0
1016.1455846689777,660.4946300348355,127218.77953162059,72.55286996688322,46.3026935320106,high,residential,9.0
1129.1316195513575,733.9355527083824,141364.33670248205,80.62008122142551,46.908170604484546,high,residential,9.0
1078.6105039317144,701.0968275556144,135039.2246647216,77.01286982629074,46.64528501291038,high,residential,9.0
1297.636467378988,843.4637037963423,162460.70459426992,92.65133983011214,47.70705581363376,high,residential,9.0
8208.021285431481,5335.213835530463,1027622.8781157602,586.0533273894181,58.306218790010576,high,residential,9.0
2219.7305559578917,1442.8248613726296,277904.4818759914,158.48892601387792,50.79107303409993,high,residential,9.0
1583.2454072285182,1029.109514698537,198218.1996807774,113.04383927794737,48.84975430306414,high,residential,9.0
3706.15569901532,2409.001204359958,464001.0367574288,264.6197912627616,53.73660141442356,high,residential,9.0
10517.342190911852,6836.272424092704,1316743.8383153512,750.9390109912448,59.73111536644229,high,residential,9.0
1367.376167180008,888.7945086670052,171191.9332955958,97.6307595584783,48.00774220581473,high,residential,9.0
1164.6042370200273,756.9927540630177,145805.41598210746,83.15282873459589,47.08582078076032,high,residential,9.0
1295.2963481929276,841.9426263254029,162167.7277695897,92.484255146997,47.696688368746656,high,residential,9.0
1046.6887046232166,680.3476580050908,131042.69856673793,74.73365099261065,46.4727603675852,high,residential,9.0
1226.2838728314268,797.0845173404275,153527.5456732356,87.55675929744628,47.38221885596567,high,residential,9.0
991.6719684734,644.58677950771,124154.74655238863,70.80545195882723,46.1626952405069,high,residential,9.0
1779.9663912439305,1156.9781543085548,222847.15430331105,127.0897320991783,49.52256591027769,high,residential,9.0
3320.775358761076,2158.5039831946992,415752.4223046119,237.10360644032016,53.105650210605106,high,residential,9.0
1171.8848771134703,761.7251701237558,146716.9331513707,83.67266697622671,47.1216135559037,high,residential,9.0
1060.86851171116,689.564532612254,132817.9734672431,75.74609026836875,46.550036488385864,high,residential,9.0
1183.3860685150134,769.2009445347587,148156.8523473396,84.49385289368777,53.03316944137708,high,commercial,10.5
1858.5619931953922,1208.065295577005,232687.11887893366,132.7014638966559,55.885573731298976,high,commercial,10.5
1882.7663602793486,1223.7981341815766,235717.4425709461,134.42965749821056,49.84513621346742,high,residential,9.0
1005.5421878132809,653.6024220786326,125891.26187349821,71.79578664645604,46.242456267507144,high,residential,9.0
1005.4072452129508,653.514709388418,125874.36741154334,71.78615173480317,46.24168558417103,high,residential,9.0
2602.697497133691,1691.7533731368992,325850.94505253964,185.83279396346336,51.7055861091208,high,residential,9.0
3437.582349965486,2234.428527477566,430376.3532511078,245.4436342591068,53.30430641926911,high,residential,9.0
2398.4027590113556,1558.961793357381,300273.7761499928,171.24613453834087,51.23588748603019,high,residential,9.0
4556.930045135148,2962.0045293378466,570515.768113995,325.3651425554113,54.924194800302594,high,residential,9.0
1131.349774443879,735.3773533885213,141642.04391540133,80.77845764495338,46.91944171610402,high,residential,9.0
4409.667449379338,2866.28384209657,552078.874832787,314.85058231713845,52.66868888888153,high,mixed_unknown,10.0
1188.790185758936,772.7136207433085,148833.4337453108,84.87970726495075,47.20387309594495,high,residential,9.0
979.7348686731702,636.8276646375607,122660.25276070711,69.95314214943127,46.09315322847279,high,residential,9.0
2668.582269682418,1734.5784752935717,334099.5469062769,190.53697160064974,58.17184674877859,high,commercial,10.5
1278.9011825360094,831.2857686484061,160115.09574858716,91.31363910541927,47.62352355500345,high,residential,9.0
678.5831719510437,441.0790617681784,84956.84501195783,48.45088871031955,49.52074757445749,high,commercial,10.5
696.950600986808,453.0178906414252,87256.39926906244,49.76232450314632,49.68937348113896,high,commercial,10.5
499.5078637275602,324.68011142291414,62537.08302100081,35.66489844687677,47.586821347127255,high,commercial,10.5
407.47275111839247,264.8572882269551,51014.52672902243,29.09358459356149,46.30200191260905,high,commercial,10.5
3820.333254479277,2483.2166154115303,478295.7692004777,272.77207717503245,60.439759954768746,high,commercial,10.5
3016.1233456776176,1960.4801746904516,377610.78406784823,215.35143015389386,52.55270166948846,high,residential,9.0
941.0727703897796,611.6973007533568,117819.85879358987,67.1926654699843,45.861963849575424,high,residential,9.0
940.8822353381755,611.5734529698141,117796.00430158718,67.17906125319517,45.860801159098024,high,residential,9.0
941.2612845103743,611.8198349317432,117843.46027029592,67.20612539214977,45.86311397644419,high,residential,9.0
1920.982551960994,1248.638658774646,240502.01019337904,137.1582964132841,49.960582942171364,high,residential,9.0
1920.9784823861237,1248.6360135509804,240501.50069320897,137.1580058453371,49.96057077107154,high,residential,9.0
2682.934310791705,1743.9073020146081,335896.38505748124,191.56170839828158,58.205748958153826,high,commercial,10.5
2877.891206615442,1870.6292843000374,360304.4804349254,205.48164519203797,58.64912631358617,high,commercial,10.5
573.1697459396985,372.560334860804,71759.35874056023,40.9243622897415,48.45497895207639,high,commercial,10.5
927.5686154027064,602.9196000117591,116129.17377563455,66.22846780424439,45.778970330804455,high,residential,9.0
927.498513425309,602.8740337264509,116120.39719072211,66.22346251786882,45.77853635809021,high,residential,9.0
927.5741415844127,602.9231920298682,116129.86563918514,66.22886237402729,45.779004539745486,high,residential,9.0
927.9286267011323,603.153607355736,116174.24625215202,66.2541726376023,45.78119849769733,high,residential,9.0
750.1250140983764,487.58125916394465,93913.69723938,53.558981535618415,50.153631215844555,high,commercial,10.5
955.1561829924824,620.8515189451135,119583.06535570839,68.19822217236049,45.94725952979453,high,residential,9.0
473.1091740245426,307.5209631159527,59232.035854608905,33.780030047883464,47.244205806557595,high,commercial,10.5
2048.9400656252355,1331.811042656403,256521.95749804447,146.29447236113478,48.4845674134713,high,mixed_unknown,10.0
5385.38579568929,3500.5007671980384,674236.2694590699,384.51694447250765,62.6102856295048,high,commercial,10.5
1367.8425002229783,889.0976251449359,171250.3169774983,97.66405577226728,48.00970080901102,high,residential,9.0
1117.1553734378913,726.1509927346293,139864.94189438294,79.7649763623666,46.846930936066414,high,residential,9.0
23678.322220311013,15390.90944320216,2964464.2457465623,1690.6339593492646,64.39565114121731,high,residential,9.0
886.3659298991666,576.1378544344583,110970.70490830872,63.28659300920847,45.51807900786496,high,residential,9.0
894.9899606825433,581.7434744436531,112050.41109161284,63.90234944554681,45.57367396776903,high,residential,9.0
1572.0427553996888,1021.8277910097977,196815.65686143757,112.24396910807786,48.80896294182488,high,residential,9.0
1545.5014520516177,1004.5759438335515,193492.7548382791,110.34891808427058,48.71114886977057,high,residential,9.0
3104.464319358308,2017.9018075829001,388670.84379142965,221.65898221425235,52.71859047075957,high,residential,9.0
1031.9134608336105,670.7437495418469,129192.8765426545,73.67869749227587,46.391118549317426,high,residential,9.0
1011.3305005190765,657.3648253373998,126615.94354223626,72.20907260213734,46.27541754237671,high,residential,9.0
2928.082688807048,1903.2537477245812,366588.3232263885,209.06532073600937,52.382472171588624,high,residential,9.0
1371.1079756126303,891.2201841482097,171659.14598776004,97.89721095681956,48.02339716988477,high,residential,9.0
1945.3128249478343,1264.4533362160923,243548.09697637218,138.89547970562506,50.032892022596286,high,residential,9.0
1833.7146071312054,1191.9144946352835,229576.29088604657,130.92735869231237,49.693475211032926,high,residential,9.0
1154.9543931355327,750.7203555380962,144597.28067140194,82.46382916690052,47.03803453734737,high,residential,9.0
2187.4194277474285,1421.8226280358285,273859.2128139171,156.18190906777693,50.70682402855714,high,residential,9.0
1855.530601935015,1206.0948912577599,232307.5965917275,132.4850223362622,49.76142168753773,high,residential,9.0
1260.7830054253798,819.5089535264968,157846.74718305864,90.01999991849834,47.541571466021864,high,residential,9.0
1711.1091878537086,1112.2209721049105,214226.41185318443,122.17332267987108,49.29591502562362,high,residential,9.0
1541.8862813800479,1002.2260828970311,193040.14488988722,110.09079463070269,48.6976959564494,high,residential,9.0
11514.747006051386,7484.585553933402,1441616.3223328348,822.1537886264158,72.31659532152123,high,commercial,20.0
10459.061395005348,6798.389906753477,1309447.234524299,746.7777578492078,59.699176910704054,high,residential,9.0
2173.4470767550483,1412.7405998907814,272109.9108760289,155.1842821725993,50.67000614621955,high,residential,9.0
10400.043957179269,6760.028572166525,1302058.4050843096,742.5639084195818,59.66665291073482,high,residential,9.0
915.2140123686208,594.8891080396036,114582.40966692072,65.34634823304489,45.7019775781597,high,residential,9.0
1349.4801874501798,877.1621218426169,168951.4032631861,96.35298528099504,47.93207019986193,high,residential,9.0
928.3749067630494,603.4436893959821,116230.11935307673,66.28603706705967,45.78395939720198,high,residential,9.0
3026.054548134479,1966.9354562874114,378854.1447387062,216.06051874448414,52.571591355832695,high,residential,9.0
1170.8196572931997,761.0327772405799,146583.57040540955,83.59661020220507,47.116390665608876,high,residential,9.0
1031.005104015182,670.1533176098684,129079.15263580177,73.61384074819775,46.38606131195095,high,residential,9.0
1238.438373481923,804.9849427632499,155049.25748491084,88.42459154364465,47.438866277166234,high,residential,9.0
951.0244956137929,618.1659221489654,119065.78886142108,67.90321938766844,45.92236703662456,high,residential,9.0
1585.8204689600964,1030.7833048240627,198540.59069999016,113.22769887620439,48.859089903046744,high,residential,9.0
1258.4364414627482,817.9836869507864,157552.96348914423,89.85245507785896,47.53087151887882,high,residential,9.0
1121.6713196128119,729.0863577483277,140430.32658873367,80.08741525355482,46.87009959168509,high,residential,9.0
1236.4404064779167,803.6862642106458,154799.11722191205,88.28193655165644,47.42959278281177,high,residential,9.0
8369.980730166855,5440.487474608456,1047899.7785950998,597.6172437327855,58.418522802354836,high,residential,9.0
1132.2841626053246,735.984705693461,141759.02687857256,80.84517302884994,46.924183015377594,high,residential,9.0
1018.6177922871918,662.1015649866747,127528.29348383684,72.72938577383215,46.31664771246173,high,residential,9.0
1256.682622586813,816.8437046814286,157333.38993562758,89.72723228028842,47.52286136590964,high,residential,9.0
1203.8995516126674,782.5347085482339,150725.0869812343,85.95851710539792,47.276410582974506,high,residential,9.0
1173.6121277998018,762.8478830698712,146933.180436775,83.79599280309279,47.130072383314776,high,residential,9.0
1039.5325174552017,675.6961363458812,130146.7625794638,74.2226986990682,46.43336305081082,high,residential,9.0
956.3916012328605,621.6545408013593,119737.73650039796,68.28643112617696,45.95468176164401,high,residential,9.0
1152.4525395451997,749.0941507043798,144284.05512072198,82.28519663534775,47.02558017909399,high,residential,9.0
1003.1954554367883,652.0770460339124,125597.45709460723,71.62822978105451,46.22903887538147,high,residential,9.0
934.9603362448577,607.7242185591575,117054.59796520407,66.75623721955589,45.824546567218036,high,residential,9.0
934.7257917092232,607.5717646109952,117025.23360047187,66.7394907223491,45.823105938531235,high,residential,9.0
1156.058185702305,751.4378207064983,144735.47262471993,82.54264003787777,47.04352070735993,high,residential,9.0
3918.5845092760014,2547.079931029401,490596.5702975581,279.78722404069737,55.998443494862684,high,residential,12.0
3335.2247165264653,2167.8960657422026,417561.4442475921,238.1352916544018,53.13059990261743,high,residential,9.0
582.9333817087708,378.90669811070103,72981.74049871873,41.621486606419296,53.8421241377189,high,commercial,21.0
1173.425204066209,762.7263826430359,146909.77807237767,83.78264643467699,56.849824147501536,high,commercial,17.5
671.5437743457042,436.5034533247077,84075.53077362373,47.94827520019762,53.324966783792725,high,commercial,17.5
2734.060049266207,1777.1390320230346,342297.19430126477,195.21208991001131,62.19511840552381,high,commercial,17.5
2507.0854691488385,1629.605554946745,313880.5682755361,179.00608808753825,59.94016175041751,high,commercial,14.0
1667.2527272866307,1083.71427273631,208735.69726257998,119.04196814884936,57.36200779309814,high,commercial,14.0
16130.652473455171,10484.924107745861,2019515.6596485027,1151.7297806975412,62.1893943164698,high,residential,9.0
28292.845461281006,18390.349549832656,3542190.5319142486,2020.111260350696,65.41906788315579,high,residential,9.0
33737.146926235015,21929.14550205276,4223802.889654593,2408.8347879700145,74.2114189348719,high,commercial,10.5
48157.305278192,31302.2484308248,6029169.142155006,3438.435161771,76.46154609783136,high,commercial,10.5
3604.3015245126253,2342.7959909332067,451249.1595009284,257.3473956633795,60.071800083062264,high,commercial,10.5
2969.2391302939272,1930.0054346910529,371741.0024633219,212.0038937048325,52.46267737293255,high,residential,9.0
2071.2249384282204,1346.2962099783433,259311.9655075136,147.88561392893502,50.393222835225245,high,residential,9.0
5476.05414221206,3559.435192437839,685587.7101982769,390.99067112607736,62.71583383558201,high,commercial,10.5
2778.1417755434204,1805.7921541032233,347816.1115718259,198.35952842941234,52.08042221140921,high,residential,9.0
961.2629064722446,624.820889206959,120347.61122369592,68.63424268087378,45.98385488721025,high,residential,9.0
1296.4316845048663,842.6805949281631,162309.86891761213,92.56531824371419,56.297828941386406,high,commercial,15.0
650.1811435345671,422.6177432974686,81400.9850585402,46.42298177888548,51.93905030521337,high,commercial,15.0
2520.3777554206704,1638.2455410234359,315544.72788238846,179.95515831132613,61.897842021423266,high,commercial,18.0
1005.163342875292,653.3561728689398,125843.83147438036,71.76873708983912,56.089157996195894,high,commercial,18.0
1909.9412496799478,1241.461812291966,239119.66791700927,136.36994661307037,60.14504894208045,high,commercial,18.0
2044.4962875843112,1328.9225869298023,255965.6080660288,145.97718628005623,60.57529372717757,high,commercial,18.0
960.570600727286,624.3708904727359,120260.93634829897,68.5848119994349,45.979717842368665,high,residential,9.0
1305.1591273075644,848.3534327499169,163402.522016285,93.18845830588734,47.74025739326633,high,residential,9.0
1407.2655679587135,914.7226191731638,176185.98233726708,100.47886572694343,53.76604832004034,high,commercial,10.0
30903.595983160973,20087.33738905463,3869049.69468206,2206.5190408771787,65.92640502527098,high,residential,9.0
7839.3029198242775,5095.546897885781,981460.2994743116,559.7268087901999,64.98395384041038,high,commercial,10.5
851.9087992570969,553.740719517113,106656.76193342119,60.82635133063011,50.95716000327602,high,commercial,10.5
1360.7394850994478,884.4806653146411,170361.0379916485,97.15689996663716,53.91546900686277,high,commercial,10.5
805.5569548253815,523.612020636498,100853.63178493627,57.516826206949155,50.603843315023276,high,commercial,10.5
1117.1748701095346,726.1636655711975,139867.38282687214,79.76636842616519,46.84703116296664,high,residential,9.0
1462.211391628346,950.437404558425,183065.05629386695,104.40200160439232,48.39292058565449,high,residential,9.0
2055.3416276249936,1335.9720579562459,257323.4163805043,146.75154436180162,56.52158756217699,high,commercial,10.5
1912.6932609929422,1243.2506196454124,239464.2125627555,136.56644042453948,49.935738118145565,high,residential,9.0
1298.7110131361978,844.1621585385286,162595.23492323616,92.72806247672159,47.71181012332194,high,residential,9.0
1298.7959553026792,844.2173709467415,162605.86946115433,92.73412735369632,47.71218578085858,high,residential,9.0
993.9862024782607,646.0910316108694,124444.48261982907,70.97068843808852,46.17608046092158,high,residential,9.0
1000.1802323282895,650.1171510133883,125219.95901788848,71.41294262790181,46.211753301878986,high,residential,9.0
1471.9091144711888,956.7409244062727,184279.1859254042,105.09441973325802,48.43089203984134,high,residential,9.0
1557.4606882775806,1012.3494473804275,194990.02005278374,111.20280843610257,48.7554290154972,high,residential,9.0
971.4594978878863,631.4486736271261,121624.19790069568,69.36228006276674,46.044444773278954,high,residential,9.0
667.4220487205655,433.82433166836756,83559.50146492466,47.65398368544653,50.6701459723019,high,residential,24.0
969.3084021605923,630.050461404385,121354.8863205335,69.20869166860025,46.03171564232223,high,residential,9.0
1942.1371657422756,1262.3891577324791,243150.51271833386,138.66873740326582,50.02350548220503,high,residential,9.0
1422.1491408500985,924.396941552564,178049.36688263094,101.54155393316444,48.23334280618829,high,residential,9.0
1646.440354174355,1070.1862302133309,206130.04237764244,117.55596316796948,49.07459159879144,high,residential,9.0
887.6229301042467,576.9549045677604,111128.07805874501,63.37634291690229,45.52621583223909,high,residential,9.0
1235.4194933459946,803.0226706748965,154671.30155788665,88.20904327846276,47.424848468292794,high,residential,9.0
1051.1663712287852,683.2581412987105,131603.29075874705,75.05335671971345,46.49727485678716,high,residential,9.0
1414.8195983579599,919.632738932674,177131.7272604711,101.01822405664666,48.203661912046805,high,residential,9.0
1013.0166995861065,658.4608547309692,126827.05127186808,72.32946734034637,46.28498408129791,high,residential,9.0
1008.6964341111602,655.6526821722541,126286.16529128852,72.02100006562185,46.26044140595064,high,residential,9.0
1058.3941231010676,687.956180015694,132508.18646052651,75.56941873843829,46.53662634500754,high,residential,9.0
1365.6074311900752,887.6448302735489,170970.49215827472,97.50447167786407,48.00030742609393,high,residential,9.0
2566.429381670596,1668.1790980858873,321310.27149676176,183.24324783460324,51.62495424959064,high,residential,9.0
1356.1629358502664,881.5059083026732,169788.06595030773,96.83013401146052,47.96044444579659,high,residential,9.0
1556.5758866960086,1011.7743263524056,194879.2452002099,111.13963353767971,48.7521646174168,high,residential,9.0
6572.111449634967,4271.872442262729,822811.2292007048,469.24924401316196,57.02870822438514,high,residential,9.0
1473.6867530125041,957.8963894581277,184501.7416389619,105.22134325669997,48.43782526540906,high,residential,9.0
1161.9808058869446,755.2875238265141,145476.96923985766,82.96551555749083,52.91784959083662,high,commercial,10.5
662.3992316338382,430.55950056199487,82930.65785311861,47.29535417363355,49.3683467159035,high,commercial,10.5
27125.118331912694,17631.32691574325,3395994.137947144,1936.7354568712562,72.83217191099973,high,commercial,10.5
2662.16463755738,1730.407014412297,333296.0760860044,190.0787521918483,58.15662808580539,high,commercial,10.5
3301.6591309325922,2146.078435106185,413359.12038972904,235.73870635826248,59.51741639825093,high,commercial,10.5
4876.310756739749,3169.601991880837,610501.4010285088,348.1689490065586,61.98253528158961,high,commercial,10.5
3127.8581187567934,2033.1077771919158,391599.6865212363,223.32930122306107,52.761729791074366,high,residential,9.0
3127.8559916413533,2033.1063945668798,391599.42021192564,223.32914934686121,52.76172588324942,high,residential,9.0
3127.8541319100277,2033.1051857415182,391599.18737840944,223.3290165619069,52.76172246664639,high,residential,9.0
13181.183812908519,8567.769478390537,1650249.8684836037,941.1374999961993,68.26930786327952,high,commercial,10.5
19386.829036369203,12601.438873639983,2427180.4810316875,1384.2210283323716,70.70858621235375,high,commercial,10.5
773.6168435814789,502.8509483279613,96854.81308035353,55.23629989972562,50.34835658913019,high,commercial,10.5
817.4726941653356,531.3572512074682,102345.45130264811,58.367610877900226,50.69657324517137,high,commercial,10.5
1356.7360106415167,881.8784069169859,169859.8134209686,96.8710515939784,53.89685222244845,high,commercial,10.5
862.6362587652125,560.7135681973881,107999.81191236875,61.5922927336239,51.03619142118774,high,commercial,10.5
781.3962229996359,507.9075449497634,97828.77111355578,55.79174816606086,50.41154082736,high,commercial,10.5
660.9813025948175,429.6378466866314,82753.13683198912,47.1941139352834,49.3548176903086,high,commercial,10.5
5021.330662891738,3263.86493087963,628657.5154148703,358.5233810411006,62.16779955085752,high,commercial,10.5
1378.6828399770839,896.1438459851046,172607.49926912307,98.4380568331809,53.998241559169145,high,commercial,10.5
1103.9536689504853,717.5698848178155,138212.12289092093,78.82237368469221,46.778660275403325,high,residential,9.0
1104.020073268885,717.6130476247753,138220.4365385615,78.82711495794163,46.77900571249476,high,residential,9.0
1104.6059462945846,717.99386509148,138293.7863148283,78.86894633534658,46.782052540888905,high,residential,9.0
1104.2701399634302,717.7755909762296,138251.7442371448,78.8449697384437,46.780306380068325,high,residential,9.0
1491.0510805182726,969.1832023368772,186675.71019819233,106.4611575260291,48.505114178965755,high,residential,9.0
1364.939922695483,887.2109497520639,170886.9218340119,97.456811521937,53.934942954542464,high,commercial,10.5
2373.260830130606,1542.6195395848938,297126.0721639329,169.45099895509094,57.43056573918358,high,commercial,10.5
1131.6101439910294,735.5465935941692,141674.6415042857,80.79704804989414,52.750533566238964,high,commercial,10.5
686.7439218069434,446.38354917451323,85978.54963026666,49.03356685414108,49.59622468172418,high,commercial,10.5
733.508630175398,476.7806096140087,91833.36926787306,52.37257049346801,50.266101571512344,high,residential,21.0
2978.280279367625,1935.8821815889564,372872.93076973077,212.64943241797747,52.480147732245605,high,residential,9.0
2379.747171909344,1546.8356617410739,297938.14525381883,169.9141242382529,57.44781622338439,high,commercial,10.5
589.5028250297977,383.1768362693685,73804.21768516976,42.09054534585232,48.63233464517177,high,commercial,10.5
4894.64130624319,3181.5168490580736,612796.3380642598,349.4777515980474,62.006254625313204,high,commercial,10.5
4519.4825037106575,2937.6636274119273,565827.4335009627,322.6913853255991,61.50214454471533,high,commercial,10.5
1998.0238977849363,1298.7155335602085,250147.38595160592,142.65905420820087,56.342839912007626,high,commercial,10.5
3163.142173850377,2056.042413002745,396017.158282819,225.8485853686917,59.24650186671588,high,commercial,10.5
1069.9220131750512,695.4493085637833,133951.4482607189,76.392510943088,52.39641544081933,high,commercial,10.5
2109.6378905062793,1371.2646288290816,264121.16701889865,150.6283015508779,56.686375567680905,high,commercial,10.5
3348.8212308540847,2176.733800055155,419263.69241433224,239.1060837838937,59.60707031190757,high,commercial,10.5
805.2682524944324,523.4243641213811,100817.48700534424,57.49621283914782,50.60157963292635,high,commercial,10.5
699.3353243005888,454.56796079538276,87554.96041431272,49.93259392428255,49.71094073627842,high,commercial,10.5
1379.97946103844,896.986649674986,172769.832847529,98.53063567294579,54.00418109166316,high,commercial,10.5
1490.5726686219978,968.8722346042986,186615.81427532877,106.42699888122,54.49129181977743,high,commercial,10.5
1825.3684623806107,1186.489500547397,228531.3753099869,130.33144333928556,55.77168768964638,high,commercial,10.5
3631.3382888189662,2360.369887732328,454634.0919450892,259.2778226362844,60.11904033581311,high,commercial,10.5
684.6713403969745,445.03637125803345,85719.06783805668,48.88558438804373,49.57714098516025,high,commercial,10.5
623.4545287527807,405.2454436893075,78054.88252672802,44.51469950499299,48.98581564002882,high,commercial,10.5
707.8301067463187,460.0895693851072,88618.48504251297,50.53912201974515,49.78717460933309,high,commercial,10.5
655.0708475861388,425.79605093099025,82013.1632651841,46.7721070101345,49.29810977572969,high,commercial,10.5
1351.0504900887543,878.1828185576903,169148.0010619551,96.46510500563299,53.87031910741902,high,commercial,10.5
1198.8622084288615,779.2604354787601,150094.4247399232,85.59885042917821,53.11525555852077,high,commercial,10.5
888.9297302288841,577.8043246487747,111291.6860293512,63.46964854253899,51.22582306479701,high,commercial,10.5
597.6390576277547,388.4653874580406,74822.85280666634,42.67147295564182,48.71886109816667,high,commercial,10.5
967.4560788626407,628.8464512607164,121122.98027004354,69.07643564800584,51.76049900814669,high,commercial,10.5
432.67448648660314,281.2384162162921,54169.71833148074,30.892990364443467,46.680553049783796,high,commercial,10.5
642.1323165030474,417.3860057269808,80393.29288621765,45.84829493300993,49.172166580975954,high,commercial,10.5
1933.3378714019977,1256.6696164112986,242048.86399437243,138.04046713599058,56.13485195849406,high,commercial,10.5
1076.7839826720501,699.9095887368326,134810.5489621954,76.88245607314005,52.43680096345741,high,commercial,10.5
2648.3493040729522,1721.427047647419,331566.43233098695,189.09233635836188,58.12374180864921,high,commercial,10.5
1126.3575069738724,732.1323795330171,141017.02503600865,80.42200937803574,52.72114161672934,high,commercial,10.5
2372.575224865066,1542.173896162293,297040.23617110035,169.40204668837853,57.42873961260757,high,commercial,10.5
1690.6823518850283,1098.9435287252684,211669.02521406944,120.7148450795838,55.28730851605583,high,commercial,10.5
1886.1770585122058,1226.0150880329338,236144.45310278452,134.67318160451802,55.97878167689837,high,commercial,10.5
1051.6815871940958,683.5930316761622,131667.7944551572,75.09014317777616,52.28779172681568,high,commercial,10.5
1303.6329783234003,847.3614359102102,163211.45214000138,93.0794911554428,53.644584828297724,high,commercial,10.5
1097.0424000809367,713.0775600526089,137346.8500364556,78.32890857579065,52.55454699271296,high,commercial,10.5
1153.717075833089,749.9160992915079,144442.37176908992,82.37548461991199,52.87276028159086,high,commercial,10.5
1134.1839241202804,737.2195506781823,141996.8720702264,80.98081614165012,52.76488583170751,high,commercial,10.5
1067.3583165037983,693.7829057274689,133630.48011744607,76.2094628109795,52.381260592529976,high,commercial,10.5
606.5028864136775,394.2268761688904,75932.58107507159,43.30435098711333,48.81179693208011,high,commercial,10.5
606.5038719154472,394.2275167450407,75932.70445732532,43.30442135201264,48.811807189335255,high,commercial,10.5
1568.432952726753,1019.4814192723895,196363.71897248787,111.98622893000983,54.813026583682465,high,commercial,10.5
1194.7841058830709,776.6096688239961,149583.8569270942,85.30767360552183,53.093728320897384,high,commercial,10.5
1519.2949773879732,987.5417353021826,190211.77249398117,108.47777385331747,54.61189230989956,high,commercial,10.5
1650.7202881966832,1072.9681873278441,206665.87896544184,117.8615507739915,55.13615009284955,high,commercial,10.5
1552.385597397334,1009.0506383082673,194354.63189823367,110.84044657156267,54.748041604361106,high,commercial,10.5
1235.432008197259,803.0308053282183,154672.86838465626,88.20993683976948,53.305091269156534,high,commercial,10.5
500.866221875051,325.56304421878315,62707.14592172867,35.76188531916186,47.60395844082325,high,commercial,10.5
1222.075917176348,794.3493461646262,153000.72058946898,87.25631095217418,53.23641797878131,high,commercial,10.5
569.4247160801041,370.1260654520677,71290.49076018883,40.65696688053569,48.413602081789726,high,commercial,10.5
590.6526884245059,383.92424747592884,73948.17758610318,42.172645677354645,48.644635186293456,high,commercial,10.5
590.6526028976931,383.92419188350055,73948.16687836907,42.17263957073388,48.644634272268775,high,commercial,10.5
879.8795794577438,571.9217266475335,110158.6307338773,62.823467107530234,51.16119215896768,high,commercial,10.5
1387.492551053485,901.8701581847653,173710.45214130532,99.06707085618643,54.03848748958055,high,commercial,10.5
1387.252491417769,901.71411942155,173680.39730041308,99.04993058042558,54.03739419906057,high,commercial,10.5
891.9331761681968,579.756564509328,111667.70963517444,63.68409480493999,51.24712674943007,high,commercial,10.5
517.7617353539604,336.54512798007426,64822.42018633819,36.96822623226867,47.81331957091581,high,commercial,10.5
1430.4545379788783,929.7954496862709,179089.18096261143,102.1345599029773,48.26679122297971,high,residential,9.0
1233.0409715133585,801.476631483683,154373.51682191712,88.03921664353933,47.41377995918696,high,residential,9.0
1141.227113772758,741.7976239522927,142878.66106298167,81.48370040421845,46.96936485001984,high,residential,9.0
1012.9504258018136,658.4177767711789,126818.75396675759,72.32473538724186,46.284608381797085,high,residential,9.0
925.3212311581951,601.4588002528269,115847.80712400615,66.06800440282072,45.7650413551619,high,residential,9.0
1124.4876527370927,730.9169742791103,140782.92415765603,80.28850164711123,46.88450139882839,high,residential,9.0
909.448411949297,591.1414677670431,113860.57151726981,64.93468393629898,45.66569088049629,high,residential,9.0
887.1421125531729,576.6423731595623,111067.88095416877,63.34201250816245,45.52310476010958,high,residential,9.0
1031.6897721451219,670.5983518943292,129164.87130169895,73.66272610335892,46.389873585072586,high,residential,9.0
1017.3111366819043,661.2522388432378,127364.70360667669,72.63609046688772,46.30927661897124,high,residential,9.0
934.5482933353182,607.4563906679568,117003.01126654872,66.72681732531275,45.82201546096529,high,residential,9.0
934.5482933353182,607.4563906679568,117003.01126654872,66.72681732531275,45.82201546096529,high,residential,9.0
936.2076558778,608.53497632057,117210.7591332324,66.84529593368244,45.83220184321116,high,residential,9.0
923.2303138769473,600.0997040200158,115586.02972848798,65.9187127541567,45.75205176020775,high,residential,9.0
923.2303138769473,600.0997040200158,115586.02972848798,65.9187127541567,45.75205176020775,high,residential,9.0
1146.4655909542496,745.2026341202622,143534.50475672827,81.85772806276213,46.99566682572694,high,residential,9.0
1029.8473434699386,669.4007732554601,128934.20403219816,73.53117655956262,46.379609073858944,high,residential,9.0
1245.104587998804,809.3179821992226,155883.85017293575,88.90055975362526,45.76626377675623,high,mixed_unknown,10.0
1245.104587998804,809.3179821992226,155883.85017293575,88.90055975362526,45.76626377675623,high,mixed_unknown,10.0
453.84094562238874,294.9966146545527,56819.703863955154,32.404277113613624,46.981866039914756,high,commercial,10.5
543.1669642647423,353.05852677208253,68003.08865010366,38.782161457154125,48.11563070488397,high,commercial,10.5
460.06114279172095,299.03974281461865,57598.45634220981,32.848399651962254,47.067750427397854,high,commercial,10.5
1106.2150365941177,719.0397737861765,138495.24022768417,78.98383550184829,46.790412303993996,high,residential,9.0
887.1727007943989,576.6622555163593,111071.71052226955,63.34419651085033,45.523302727805024,high,residential,9.0
1261.8984638833358,820.2340015241683,157986.39967555617,90.09964373496969,47.54665079795989,high,residential,9.0
960.8360268596435,624.5434174587683,120294.16700847578,68.60376344493373,45.98130431407769,high,residential,9.0
911.4652701472789,592.4524255957314,114113.07690853144,65.07868776093548,45.67841035578352,high,residential,9.0
895.2781815588179,581.9308180132316,112086.49559433412,63.92292843744875,45.575522734899906,high,residential,9.0
1416.8093704859411,920.9260908158618,177380.8415463441,101.16029393388006,48.21173463762115,high,residential,9.0
1803.8650274150627,1172.5122678197908,225839.20128165043,128.79609649092524,49.59918719655871,high,residential,9.0
972.1309442788098,631.8851137812264,121708.26123931858,69.4102213847834,46.048412298493204,high,residential,9.0
2591.6831248480685,1684.5940311512445,324471.97434142814,185.04636696691648,57.98703391602532,high,commercial,10.5
1338.8511854601884,870.2532705491225,167620.67990896676,95.59407375208374,46.16236679008776,high,mixed_unknown,10.0
797.3283817668269,518.2634481484374,99823.43587837518,56.92930548143737,50.53900424611838,high,commercial,10.5
1177.6192128817693,765.45248837315,147434.85704817643,84.08209897457503,47.1496483906175,high,residential,9.0
920.776150601639,598.5044978910654,115278.7748809872,65.74348531462701,45.73676799878631,high,residential,9.0
920.776150601639,598.5044978910654,115278.7748809872,65.74348531462701,45.73676799878631,high,residential,9.0
943.9759741107727,613.5843831720023,118183.33233487059,67.3999544305767,45.87965086254871,high,residential,9.0
1016.1242575541612,660.4807674102047,127216.10943241551,72.55134720930657,46.30257300529979,high,residential,9.0
1161.786219683498,755.1610427942737,145452.60755419996,82.95162208816024,47.07190691463063,high,residential,9.0
886.8439201482872,576.4485480963867,111030.54804204722,63.32072154837953,45.52117449573991,high,residential,9.0
960.9088469223688,624.5907504995397,120303.28389058902,68.60896280280292,45.98173948847028,high,residential,9.0
1036.3434905325305,673.6232688461448,129747.5047180739,73.99500194071756,46.41571898550251,high,residential,9.0
1023.4433958025777,665.2382072716755,128132.44647037062,73.07393422205237,46.343788241535485,high,residential,9.0
1056.8738983553417,686.9680339309721,132317.8582834592,75.46087457905679,46.52837182560727,high,residential,9.0
1201.4625007864706,780.9506255112059,150419.97456777407,85.78451149600156,47.264772456212,high,residential,9.0
1089.4169212391912,708.1209988054743,136392.15995441677,77.7844488220039,46.70253558891264,high,residential,9.0
1142.129698932383,742.384304306049,142991.66237319083,81.54814505143074,46.97390524833175,high,residential,9.0
1293.4874953602798,840.7668719841819,161941.26410808915,92.35510292084325,47.6886617638941,high,residential,9.0
1185.6101697338522,770.6466103270039,148435.30402482004,84.65265388535487,47.18848908013347,high,residential,9.0
1223.4462497587454,795.2400623431845,153172.28265824655,87.35415279999802,47.368913025176504,high,residential,9.0
899.968036878057,584.979223970737,112673.65326041584,64.25778445441516,45.60552213780633,high,residential,9.0
899.972659368916,584.9822285897955,112674.23198422704,64.25811450060468,45.605551629202,high,residential,9.0
899.9771524259694,584.9851490768801,112674.79450326302,64.25843530521091,45.60558029466765,high,residential,9.0
927.8823210585879,603.1235086880821,116168.44890635944,66.2508664112968,45.78091195314533,high,residential,9.0
928.2212867244257,603.3438363708767,116210.88652451342,66.27506858493001,45.783009180661146,high,residential,9.0
1650.9243163819233,1073.1008056482501,206691.42276261802,117.87611840152105,55.13693108971302,high,commercial,10.5
657.5494973368359,427.4071732689433,82323.48375560158,46.949082785819584,49.321953153057976,high,commercial,10.5
770.515803626824,500.8352723574356,96466.57095810043,55.01488541740468,50.32299282900239,high,commercial,10.5
1591.117252045765,1034.2262138297474,199203.73414101786,113.60588958062249,54.903763743870556,high,commercial,10.5
1729.6475613784037,1124.2709148959625,216547.36791489023,123.49696392186189,55.43129653384013,high,commercial,10.5
1411.7992740847533,917.6695281550897,176753.59053122255,100.80257267995623,48.191386415687475,high,residential,9.0
1412.3503835061001,918.0277492789651,176822.58799480446,100.84192193343698,48.193628244484174,high,residential,9.0
1412.1812686000717,917.9178245900466,176801.41524921553,100.82984711662762,48.192940403903364,high,residential,9.0
1412.5357881579832,918.1482623026891,176845.8001741299,100.85515983930628,48.19438224573149,high,residential,9.0
625.7419066660884,406.7322393329575,78341.25628148227,44.678018457329344,49.0089344434574,high,commercial,10.5
888.1947902420345,577.3266136573225,111199.67345795728,63.41717377307304,51.22059912696045,high,commercial,10.5
553.8877214697047,360.0270189553081,69345.29951815998,39.54762431520664,48.238990141449854,high,commercial,10.5
761.5046754772098,494.9780390601864,95338.40119316426,54.37149020046158,50.24870709010762,high,commercial,10.5
1561.7819532823798,1015.158269633547,195531.0311718965,111.51134707733259,54.78617385301301,high,commercial,10.5
516.1894110541507,335.523117185198,64625.56928085023,36.85596216086889,47.794126006783564,high,commercial,10.5
471.395541771883,306.40710215172396,59017.49356161611,33.657676578189665,47.22131043142962,high,commercial,10.5
1457.1114733440043,947.1224576736028,182426.5598130144,104.03786706136212,54.347829776826664,high,commercial,10.5
455.5065049724419,296.07922823208725,57028.22755480037,32.52319817450265,47.00497758906984,high,commercial,10.5
1462.9100786380905,950.8915511147588,183152.53008698803,104.45188790860928,54.37292512044404,high,commercial,10.5
1214.099994776194,789.1649966045262,152002.15588703312,86.68682950237499,53.19504946901167,high,commercial,10.5
1631.3284631290642,1060.3635010338917,204238.0729943153,116.47697302865802,49.02162056934517,high,residential,9.0
1685.6346791492056,1095.6625414469836,211037.0697397605,120.35444087258543,49.2097451885904,high,residential,9.0
1685.9592048070144,1095.8734831245595,211077.69950653418,120.37761202857645,49.21085108894693,high,residential,9.0
1123.9054184253998,730.53852197651,140710.02993890183,80.24693007415573,46.88152700013602,high,residential,9.0
1123.8684203096911,730.5144732012993,140705.3978712174,80.24428840595529,46.88133793976646,high,residential,9.0
1686.2234247990004,1096.0452261193502,211110.7791610792,120.39647735556348,49.21175132592727,high,residential,9.0
1124.1577969455084,730.7025680145805,140741.62707202195,80.26494991917411,46.8828164885073,high,residential,9.0
1123.822912267338,730.4848929737698,140699.7003828905,80.24103912836246,46.88110538514362,high,residential,9.0
1124.1725620756106,730.7121653491469,140743.4756278387,80.26600415055641,46.88289191966224,high,residential,9.0
1124.182639100488,730.7187154153172,140744.73724509665,80.26672365087863,46.882943399955906,high,residential,9.0
1085.5615595168251,705.6150136859363,135909.47871230703,77.5091757096287,46.682175896730186,high,residential,9.0
1123.7807269261052,730.4574725019684,140694.4188880863,80.23802709187562,46.88088980174258,high,residential,9.0
1123.6741638719764,730.3882065167846,140681.07747137005,80.23041848192234,46.88034518733115,high,residential,9.0
976.0391613573672,634.4254548822887,122197.55983430355,69.68926837350332,46.07145145226077,high,residential,9.0
935.4002553389621,608.0101659703254,117109.67468953275,66.78764747544054,45.827247682295294,high,residential,9.0
954.6802781514547,620.5421807984455,119523.48330962937,68.16424253148163,45.944397796540436,high,residential,9.0
964.6537323237856,627.0249260104606,120772.133785173,68.87634789768417,46.00407471443768,high,residential,9.0
1018.2191694797464,661.8424601618351,127478.38694699624,72.70092407587195,52.083533961668174,high,commercial,10.5
1852.1865085883317,1203.9212305824155,231888.92481809238,132.24625382375808,55.86385819594296,high,commercial,10.5
1332.7765360554463,866.3047484360401,166860.14963159955,95.16034333490121,47.86052957444472,high,residential,9.0
2410.3511960475325,1566.7282774308962,301769.6893340747,172.0992538272228,49.371268149429866,high,mixed_unknown,10.0
894.9893987643686,581.7431091968397,112050.34074092154,63.90230932454756,51.26873135311158,high,commercial,10.5
986.6832847794631,641.344135106651,123530.17635242197,70.44925957378626,46.13373490819956,high,residential,9.0
990.1309395781145,643.5851107257745,123961.8137500038,70.69542238162717,46.153764815961566,high,residential,9.0
989.9737901344342,643.4829635873823,123942.13904912361,70.6842018997152,46.152853338341906,high,residential,9.0
987.3062122338862,641.749037952026,123608.16524661596,70.49373664014509,46.13735911201377,high,residential,9.0
986.6260510331197,641.3069331715278,123523.01083650804,70.44517308006054,46.13340180652443,high,residential,9.0
986.8223061788849,641.4344990162753,123547.58146939543,70.45918571199623,46.13454393545336,high,residential,9.0
1244.4019093756178,808.8612410941516,155795.8766402123,88.85038844791306,47.46645718248633,high,residential,9.0
1244.5071887629845,808.92967269594,155809.05734519465,88.85790540396451,47.466943080617725,high,residential,9.0
1324.4900429407965,860.9185279115177,165822.70228493185,94.56868711309663,47.82470590552699,high,residential,9.0
955.3276894124531,620.9629981180946,119604.5375126116,68.2104677434424,45.94829049108636,high,residential,9.0
13636.15098597973,8863.498140886824,1707210.573089653,973.6221898330291,68.48385670300985,high,commercial,10.5
1017.5044114192068,661.3778674224844,127388.90110019031,72.64989029743855,46.3103675144704,high,residential,9.0
1502.080806327732,976.3525241130259,188056.60313048307,107.24868076531449,48.547450243769966,high,residential,9.0
6755.327452160985,4390.96284390464,845749.395329346,482.330880156326,57.18673789914559,high,residential,9.0
